ISO-10303-21;
HEADER;
/* Generated by software containing ST-Developer
 * from STEP Tools, Inc. (www.steptools.com) 
 */

FILE_DESCRIPTION(
/* description */ (''),
/* implementation_level */ '2;1');

FILE_NAME(
/* name */ 'OakD Lite v5 + WS2812b Light strip mount.step',
/* time_stamp */ '2026-08-06T13:41:05-06:00',
/* author */ (''),
/* organization */ (''),
/* preprocessor_version */ 'ST-DEVELOPER v20.1',
/* originating_system */ 'Autodesk Translation Framework v15.8.0.0',
/* authorisation */ '');

FILE_SCHEMA (('AUTOMOTIVE_DESIGN { 1 0 10303 214 3 1 1 }'));
ENDSEC;

DATA;
#10=MECHANICAL_DESIGN_GEOMETRIC_PRESENTATION_REPRESENTATION('',(#13),#5977);
#11=SHAPE_REPRESENTATION_RELATIONSHIP('SRR','None',#5983,#12);
#12=ADVANCED_BREP_SHAPE_REPRESENTATION('',(#14),#5976);
#13=STYLED_ITEM('',(#5993),#14);
#14=MANIFOLD_SOLID_BREP('Body7',#3126);
#15=FACE_BOUND('',#394,.T.);
#16=FACE_BOUND('',#395,.T.);
#17=FACE_BOUND('',#423,.T.);
#18=FACE_BOUND('',#424,.T.);
#19=FACE_BOUND('',#440,.T.);
#20=FACE_BOUND('',#445,.T.);
#21=FACE_BOUND('',#476,.T.);
#22=FACE_BOUND('',#480,.T.);
#23=B_SPLINE_SURFACE_WITH_KNOTS('',3,3,((#4712,#4713,#4714,#4715,#4716),
(#4717,#4718,#4719,#4720,#4721),(#4722,#4723,#4724,#4725,#4726),(#4727,
#4728,#4729,#4730,#4731),(#4732,#4733,#4734,#4735,#4736)),.UNSPECIFIED.,
 .F.,.F.,.F.,(4,1,4),(4,1,4),(0.,0.571428571428571,1.),(-1.5707963267949,
-0.897597901025656,6.93889390390723E-17),.UNSPECIFIED.);
#24=B_SPLINE_SURFACE_WITH_KNOTS('',3,3,((#4745,#4746,#4747,#4748,#4749,
#4750),(#4751,#4752,#4753,#4754,#4755,#4756),(#4757,#4758,#4759,#4760,#4761,
#4762),(#4763,#4764,#4765,#4766,#4767,#4768),(#4769,#4770,#4771,#4772,#4773,
#4774),(#4775,#4776,#4777,#4778,#4779,#4780)),.UNSPECIFIED.,.F.,.F.,.F.,
(4,1,1,4),(4,1,1,4),(0.,0.285714285714286,0.571428571428571,1.),(0.,0.673198425769241,
1.12199737628207,1.5707963267949),.UNSPECIFIED.);
#25=B_SPLINE_SURFACE_WITH_KNOTS('',3,3,((#4792,#4793,#4794,#4795,#4796),
(#4797,#4798,#4799,#4800,#4801),(#4802,#4803,#4804,#4805,#4806),(#4807,
#4808,#4809,#4810,#4811),(#4812,#4813,#4814,#4815,#4816),(#4817,#4818,#4819,
#4820,#4821)),.UNSPECIFIED.,.F.,.F.,.F.,(4,1,1,4),(4,1,4),(0.,0.285714285714286,
0.571428571428571,1.),(-1.5707963267949,-0.897597901025655,6.93889390390722E-17),
 .UNSPECIFIED.);
#26=B_SPLINE_SURFACE_WITH_KNOTS('',3,3,((#4827,#4828,#4829,#4830,#4831),
(#4832,#4833,#4834,#4835,#4836),(#4837,#4838,#4839,#4840,#4841),(#4842,
#4843,#4844,#4845,#4846),(#4847,#4848,#4849,#4850,#4851)),.UNSPECIFIED.,
 .F.,.F.,.F.,(4,1,4),(4,1,4),(0.,0.571428571428571,1.),(6.93889390390722E-17,
0.67319842576924,1.57079632679489),.UNSPECIFIED.);
#27=B_SPLINE_SURFACE_WITH_KNOTS('',3,3,((#5311,#5312,#5313,#5314,#5315,
#5316,#5317,#5318,#5319),(#5320,#5321,#5322,#5323,#5324,#5325,#5326,#5327,
#5328),(#5329,#5330,#5331,#5332,#5333,#5334,#5335,#5336,#5337),(#5338,#5339,
#5340,#5341,#5342,#5343,#5344,#5345,#5346),(#5347,#5348,#5349,#5350,#5351,
#5352,#5353,#5354,#5355),(#5356,#5357,#5358,#5359,#5360,#5361,#5362,#5363,
#5364)),.UNSPECIFIED.,.F.,.F.,.F.,(4,1,1,4),(4,1,1,1,1,1,4),(0.,0.285714285714286,
0.571428571428571,1.),(-2.93431236772383,-2.86065551367622,-2.71334180558099,
-2.63968495153337,-2.56602809748576,-2.49237124343814,-2.41871438939053),
 .UNSPECIFIED.);
#28=B_SPLINE_SURFACE_WITH_KNOTS('',3,3,((#5368,#5369,#5370,#5371,#5372,
#5373,#5374,#5375,#5376,#5377),(#5378,#5379,#5380,#5381,#5382,#5383,#5384,
#5385,#5386,#5387),(#5388,#5389,#5390,#5391,#5392,#5393,#5394,#5395,#5396,
#5397),(#5398,#5399,#5400,#5401,#5402,#5403,#5404,#5405,#5406,#5407),(#5408,
#5409,#5410,#5411,#5412,#5413,#5414,#5415,#5416,#5417),(#5418,#5419,#5420,
#5421,#5422,#5423,#5424,#5425,#5426,#5427)),.UNSPECIFIED.,.F.,.F.,.F.,(4,
1,1,4),(4,1,1,1,1,1,1,4),(0.,0.285714285714286,0.571428571428571,1.),(-2.41932077336888,
-2.34562183182883,-2.27192289028877,-2.19822394874872,-2.12452500720866,
-2.05082606566861,-1.97712712412855,-1.90342818258849),.UNSPECIFIED.);
#29=B_SPLINE_SURFACE_WITH_KNOTS('',3,3,((#5431,#5432,#5433,#5434),(#5435,
#5436,#5437,#5438),(#5439,#5440,#5441,#5442),(#5443,#5444,#5445,#5446),
(#5447,#5448,#5449,#5450),(#5451,#5452,#5453,#5454)),.UNSPECIFIED.,.F.,
 .F.,.F.,(4,1,1,4),(4,4),(0.,0.285714285714286,0.571428571428571,1.),(-0.521642118965884,
-0.406367264793851),.UNSPECIFIED.);
#30=B_SPLINE_SURFACE_WITH_KNOTS('',3,3,((#5461,#5462,#5463,#5464),(#5465,
#5466,#5467,#5468),(#5469,#5470,#5471,#5472),(#5473,#5474,#5475,#5476),
(#5477,#5478,#5479,#5480),(#5481,#5482,#5483,#5484)),.UNSPECIFIED.,.F.,
 .F.,.F.,(4,1,1,4),(4,4),(0.,0.285714285714286,0.571428571428571,1.),(-0.746271800926149,
-0.630996918937645),.UNSPECIFIED.);
#31=B_SPLINE_SURFACE_WITH_KNOTS('',3,3,((#5491,#5492,#5493,#5494,#5495),
(#5496,#5497,#5498,#5499,#5500),(#5501,#5502,#5503,#5504,#5505),(#5506,
#5507,#5508,#5509,#5510),(#5511,#5512,#5513,#5514,#5515),(#5516,#5517,#5518,
#5519,#5520)),.UNSPECIFIED.,.F.,.F.,.F.,(4,1,1,4),(4,1,4),(0.,0.285714285714286,
0.571428571428571,1.),(0.275485122493895,0.454033998668787,0.692099166901976),
 .UNSPECIFIED.);
#32=B_SPLINE_SURFACE_WITH_KNOTS('',3,3,((#5547,#5548,#5549,#5550,#5551),
(#5552,#5553,#5554,#5555,#5556),(#5557,#5558,#5559,#5560,#5561),(#5562,
#5563,#5564,#5565,#5566),(#5567,#5568,#5569,#5570,#5571),(#5572,#5573,#5574,
#5575,#5576)),.UNSPECIFIED.,.F.,.F.,.F.,(4,1,1,4),(4,1,4),(0.,0.285714285714286,
0.571428571428571,1.),(0.275343937380014,0.5132898505267,0.691749285386714),
 .UNSPECIFIED.);
#33=B_SPLINE_SURFACE_WITH_KNOTS('',3,3,((#5603,#5604,#5605,#5606,#5607,
#5608,#5609,#5610),(#5611,#5612,#5613,#5614,#5615,#5616,#5617,#5618),(#5619,
#5620,#5621,#5622,#5623,#5624,#5625,#5626),(#5627,#5628,#5629,#5630,#5631,
#5632,#5633,#5634),(#5635,#5636,#5637,#5638,#5639,#5640,#5641,#5642)),
 .UNSPECIFIED.,.F.,.F.,.F.,(4,1,4),(4,1,1,1,1,4),(0.,0.571428571428571,
1.),(0.553907525764217,1.18583404686545,1.60711839426627,1.81776056796668,
1.92308165481688,2.02840274166709),.UNSPECIFIED.);
#34=B_SPLINE_SURFACE_WITH_KNOTS('',3,3,((#5673,#5674,#5675,#5676,#5677,
#5678,#5679,#5680,#5681),(#5682,#5683,#5684,#5685,#5686,#5687,#5688,#5689,
#5690),(#5691,#5692,#5693,#5694,#5695,#5696,#5697,#5698,#5699),(#5700,#5701,
#5702,#5703,#5704,#5705,#5706,#5707,#5708),(#5709,#5710,#5711,#5712,#5713,
#5714,#5715,#5716,#5717)),.UNSPECIFIED.,.F.,.F.,.F.,(4,1,4),(4,1,1,1,1,
1,4),(0.,0.571428571428571,1.),(0.,0.105321087556254,0.210642175112507,
0.421284350225014,0.631926525337521,1.05321087556254,1.47449522578755),
 .UNSPECIFIED.);
#35=TOROIDAL_SURFACE('',#3169,2.,1.);
#36=TOROIDAL_SURFACE('',#3182,2.,1.);
#37=TOROIDAL_SURFACE('',#3209,2.,1.);
#38=TOROIDAL_SURFACE('',#3223,2.,1.);
#39=TOROIDAL_SURFACE('',#3352,22.,2.);
#40=TOROIDAL_SURFACE('',#3387,22.,2.);
#41=SPHERICAL_SURFACE('',#3161,0.999999999999996);
#42=SPHERICAL_SURFACE('',#3165,1.);
#43=SPHERICAL_SURFACE('',#3177,1.);
#44=SPHERICAL_SURFACE('',#3185,1.);
#45=SPHERICAL_SURFACE('',#3199,0.999999999999989);
#46=SPHERICAL_SURFACE('',#3203,1.);
#47=SPHERICAL_SURFACE('',#3214,1.);
#48=SPHERICAL_SURFACE('',#3220,1.);
#49=SPHERICAL_SURFACE('',#3300,2.);
#50=SPHERICAL_SURFACE('',#3308,1.99999999999999);
#51=ELLIPSE('',#3156,2.8284271247462,2.);
#52=ELLIPSE('',#3157,2.8284271247462,2.);
#53=ELLIPSE('',#3160,2.82842712474618,2.);
#54=ELLIPSE('',#3194,1.21599121408425,1.);
#55=ELLIPSE('',#3198,1.21599121408425,1.);
#56=ELLIPSE('',#3233,2.11627848657262,2.);
#57=ELLIPSE('',#3236,2.11627848657262,2.);
#58=ELLIPSE('',#3242,1.21599121408425,1.);
#59=ELLIPSE('',#3243,2.11627848657262,2.);
#60=ELLIPSE('',#3245,2.11627848657262,2.);
#61=ELLIPSE('',#3247,1.21599121408425,1.);
#62=ELLIPSE('',#3297,2.8284271247462,2.);
#63=ELLIPSE('',#3305,2.8284271247462,2.);
#64=ELLIPSE('',#3307,2.82842712474618,2.);
#65=ELLIPSE('',#3318,2.11627848657262,2.);
#66=ELLIPSE('',#3319,2.82842712474618,2.);
#67=ELLIPSE('',#3321,2.8284271247462,2.);
#68=ELLIPSE('',#3323,2.11627848657262,2.);
#69=ELLIPSE('',#3339,2.8284271247462,2.);
#70=ELLIPSE('',#3345,2.82842712474619,2.);
#71=ELLIPSE('',#3348,2.82842712474618,2.);
#72=ELLIPSE('',#3358,4.23255697314524,4.);
#73=ELLIPSE('',#3360,4.23255697314524,4.);
#74=ELLIPSE('',#3365,4.23255697314524,4.);
#75=ELLIPSE('',#3368,2.82842712474619,2.);
#76=ELLIPSE('',#3372,4.23255697314524,4.);
#77=ELLIPSE('',#3375,2.82842712474619,2.);
#78=ELLIPSE('',#3379,6.11787716312715,2.);
#79=ELLIPSE('',#3380,3.05349839626939,2.);
#80=ELLIPSE('',#3395,2.82842712474619,2.);
#81=ELLIPSE('',#3397,3.05349839626943,2.);
#82=ELLIPSE('',#3398,6.1178771631271,2.);
#83=PLANE('',#3131);
#84=PLANE('',#3135);
#85=PLANE('',#3136);
#86=PLANE('',#3141);
#87=PLANE('',#3142);
#88=PLANE('',#3148);
#89=PLANE('',#3152);
#90=PLANE('',#3155);
#91=PLANE('',#3158);
#92=PLANE('',#3159);
#93=PLANE('',#3192);
#94=PLANE('',#3195);
#95=PLANE('',#3228);
#96=PLANE('',#3231);
#97=PLANE('',#3239);
#98=PLANE('',#3240);
#99=PLANE('',#3253);
#100=PLANE('',#3254);
#101=PLANE('',#3255);
#102=PLANE('',#3256);
#103=PLANE('',#3266);
#104=PLANE('',#3276);
#105=PLANE('',#3282);
#106=PLANE('',#3285);
#107=PLANE('',#3288);
#108=PLANE('',#3291);
#109=PLANE('',#3294);
#110=PLANE('',#3298);
#111=PLANE('',#3315);
#112=PLANE('',#3316);
#113=PLANE('',#3324);
#114=PLANE('',#3341);
#115=PLANE('',#3363);
#116=PLANE('',#3364);
#117=PLANE('',#3371);
#118=PLANE('',#3381);
#119=PLANE('',#3391);
#120=PLANE('',#3402);
#121=PLANE('',#3406);
#122=PLANE('',#3408);
#123=PLANE('',#3409);
#124=PLANE('',#3410);
#125=PLANE('',#3411);
#126=PLANE('',#3412);
#127=PLANE('',#3413);
#128=PLANE('',#3414);
#129=PLANE('',#3415);
#130=PLANE('',#3416);
#131=PLANE('',#3417);
#132=PLANE('',#3418);
#133=PLANE('',#3423);
#134=PLANE('',#3428);
#135=PLANE('',#3429);
#136=PLANE('',#3430);
#137=PLANE('',#3431);
#138=PLANE('',#3432);
#139=PLANE('',#3433);
#140=PLANE('',#3434);
#141=PLANE('',#3435);
#142=PLANE('',#3436);
#143=PLANE('',#3437);
#144=PLANE('',#3438);
#145=PLANE('',#3439);
#146=PLANE('',#3442);
#147=PLANE('',#3445);
#148=PLANE('',#3448);
#149=PLANE('',#3453);
#150=PLANE('',#3455);
#151=PLANE('',#3457);
#152=PLANE('',#3459);
#153=FACE_OUTER_BOUND('',#328,.T.);
#154=FACE_OUTER_BOUND('',#329,.T.);
#155=FACE_OUTER_BOUND('',#330,.T.);
#156=FACE_OUTER_BOUND('',#331,.T.);
#157=FACE_OUTER_BOUND('',#332,.T.);
#158=FACE_OUTER_BOUND('',#333,.T.);
#159=FACE_OUTER_BOUND('',#334,.T.);
#160=FACE_OUTER_BOUND('',#335,.T.);
#161=FACE_OUTER_BOUND('',#336,.T.);
#162=FACE_OUTER_BOUND('',#337,.T.);
#163=FACE_OUTER_BOUND('',#338,.T.);
#164=FACE_OUTER_BOUND('',#339,.T.);
#165=FACE_OUTER_BOUND('',#340,.T.);
#166=FACE_OUTER_BOUND('',#341,.T.);
#167=FACE_OUTER_BOUND('',#342,.T.);
#168=FACE_OUTER_BOUND('',#343,.T.);
#169=FACE_OUTER_BOUND('',#344,.T.);
#170=FACE_OUTER_BOUND('',#345,.T.);
#171=FACE_OUTER_BOUND('',#346,.T.);
#172=FACE_OUTER_BOUND('',#347,.T.);
#173=FACE_OUTER_BOUND('',#348,.T.);
#174=FACE_OUTER_BOUND('',#349,.T.);
#175=FACE_OUTER_BOUND('',#350,.T.);
#176=FACE_OUTER_BOUND('',#351,.T.);
#177=FACE_OUTER_BOUND('',#352,.T.);
#178=FACE_OUTER_BOUND('',#353,.T.);
#179=FACE_OUTER_BOUND('',#354,.T.);
#180=FACE_OUTER_BOUND('',#355,.T.);
#181=FACE_OUTER_BOUND('',#356,.T.);
#182=FACE_OUTER_BOUND('',#357,.T.);
#183=FACE_OUTER_BOUND('',#358,.T.);
#184=FACE_OUTER_BOUND('',#359,.T.);
#185=FACE_OUTER_BOUND('',#360,.T.);
#186=FACE_OUTER_BOUND('',#361,.T.);
#187=FACE_OUTER_BOUND('',#362,.T.);
#188=FACE_OUTER_BOUND('',#363,.T.);
#189=FACE_OUTER_BOUND('',#364,.T.);
#190=FACE_OUTER_BOUND('',#365,.T.);
#191=FACE_OUTER_BOUND('',#366,.T.);
#192=FACE_OUTER_BOUND('',#367,.T.);
#193=FACE_OUTER_BOUND('',#368,.T.);
#194=FACE_OUTER_BOUND('',#369,.T.);
#195=FACE_OUTER_BOUND('',#370,.T.);
#196=FACE_OUTER_BOUND('',#371,.T.);
#197=FACE_OUTER_BOUND('',#372,.T.);
#198=FACE_OUTER_BOUND('',#373,.T.);
#199=FACE_OUTER_BOUND('',#374,.T.);
#200=FACE_OUTER_BOUND('',#375,.T.);
#201=FACE_OUTER_BOUND('',#376,.T.);
#202=FACE_OUTER_BOUND('',#377,.T.);
#203=FACE_OUTER_BOUND('',#378,.T.);
#204=FACE_OUTER_BOUND('',#379,.T.);
#205=FACE_OUTER_BOUND('',#380,.T.);
#206=FACE_OUTER_BOUND('',#381,.T.);
#207=FACE_OUTER_BOUND('',#382,.T.);
#208=FACE_OUTER_BOUND('',#383,.T.);
#209=FACE_OUTER_BOUND('',#384,.T.);
#210=FACE_OUTER_BOUND('',#385,.T.);
#211=FACE_OUTER_BOUND('',#386,.T.);
#212=FACE_OUTER_BOUND('',#387,.T.);
#213=FACE_OUTER_BOUND('',#388,.T.);
#214=FACE_OUTER_BOUND('',#389,.T.);
#215=FACE_OUTER_BOUND('',#390,.T.);
#216=FACE_OUTER_BOUND('',#391,.T.);
#217=FACE_OUTER_BOUND('',#392,.T.);
#218=FACE_OUTER_BOUND('',#393,.T.);
#219=FACE_OUTER_BOUND('',#396,.T.);
#220=FACE_OUTER_BOUND('',#397,.T.);
#221=FACE_OUTER_BOUND('',#398,.T.);
#222=FACE_OUTER_BOUND('',#399,.T.);
#223=FACE_OUTER_BOUND('',#400,.T.);
#224=FACE_OUTER_BOUND('',#401,.T.);
#225=FACE_OUTER_BOUND('',#402,.T.);
#226=FACE_OUTER_BOUND('',#403,.T.);
#227=FACE_OUTER_BOUND('',#404,.T.);
#228=FACE_OUTER_BOUND('',#405,.T.);
#229=FACE_OUTER_BOUND('',#406,.T.);
#230=FACE_OUTER_BOUND('',#407,.T.);
#231=FACE_OUTER_BOUND('',#408,.T.);
#232=FACE_OUTER_BOUND('',#409,.T.);
#233=FACE_OUTER_BOUND('',#410,.T.);
#234=FACE_OUTER_BOUND('',#411,.T.);
#235=FACE_OUTER_BOUND('',#412,.T.);
#236=FACE_OUTER_BOUND('',#413,.T.);
#237=FACE_OUTER_BOUND('',#414,.T.);
#238=FACE_OUTER_BOUND('',#415,.T.);
#239=FACE_OUTER_BOUND('',#416,.T.);
#240=FACE_OUTER_BOUND('',#417,.T.);
#241=FACE_OUTER_BOUND('',#418,.T.);
#242=FACE_OUTER_BOUND('',#419,.T.);
#243=FACE_OUTER_BOUND('',#420,.T.);
#244=FACE_OUTER_BOUND('',#421,.T.);
#245=FACE_OUTER_BOUND('',#422,.T.);
#246=FACE_OUTER_BOUND('',#425,.T.);
#247=FACE_OUTER_BOUND('',#426,.T.);
#248=FACE_OUTER_BOUND('',#427,.T.);
#249=FACE_OUTER_BOUND('',#428,.T.);
#250=FACE_OUTER_BOUND('',#429,.T.);
#251=FACE_OUTER_BOUND('',#430,.T.);
#252=FACE_OUTER_BOUND('',#431,.T.);
#253=FACE_OUTER_BOUND('',#432,.T.);
#254=FACE_OUTER_BOUND('',#433,.T.);
#255=FACE_OUTER_BOUND('',#434,.T.);
#256=FACE_OUTER_BOUND('',#435,.T.);
#257=FACE_OUTER_BOUND('',#436,.T.);
#258=FACE_OUTER_BOUND('',#437,.T.);
#259=FACE_OUTER_BOUND('',#438,.T.);
#260=FACE_OUTER_BOUND('',#439,.T.);
#261=FACE_OUTER_BOUND('',#441,.T.);
#262=FACE_OUTER_BOUND('',#442,.T.);
#263=FACE_OUTER_BOUND('',#443,.T.);
#264=FACE_OUTER_BOUND('',#444,.T.);
#265=FACE_OUTER_BOUND('',#446,.T.);
#266=FACE_OUTER_BOUND('',#447,.T.);
#267=FACE_OUTER_BOUND('',#448,.T.);
#268=FACE_OUTER_BOUND('',#449,.T.);
#269=FACE_OUTER_BOUND('',#450,.T.);
#270=FACE_OUTER_BOUND('',#451,.T.);
#271=FACE_OUTER_BOUND('',#452,.T.);
#272=FACE_OUTER_BOUND('',#453,.T.);
#273=FACE_OUTER_BOUND('',#454,.T.);
#274=FACE_OUTER_BOUND('',#455,.T.);
#275=FACE_OUTER_BOUND('',#456,.T.);
#276=FACE_OUTER_BOUND('',#457,.T.);
#277=FACE_OUTER_BOUND('',#458,.T.);
#278=FACE_OUTER_BOUND('',#459,.T.);
#279=FACE_OUTER_BOUND('',#460,.T.);
#280=FACE_OUTER_BOUND('',#461,.T.);
#281=FACE_OUTER_BOUND('',#462,.T.);
#282=FACE_OUTER_BOUND('',#463,.T.);
#283=FACE_OUTER_BOUND('',#464,.T.);
#284=FACE_OUTER_BOUND('',#465,.T.);
#285=FACE_OUTER_BOUND('',#466,.T.);
#286=FACE_OUTER_BOUND('',#467,.T.);
#287=FACE_OUTER_BOUND('',#468,.T.);
#288=FACE_OUTER_BOUND('',#469,.T.);
#289=FACE_OUTER_BOUND('',#470,.T.);
#290=FACE_OUTER_BOUND('',#471,.T.);
#291=FACE_OUTER_BOUND('',#472,.T.);
#292=FACE_OUTER_BOUND('',#473,.T.);
#293=FACE_OUTER_BOUND('',#474,.T.);
#294=FACE_OUTER_BOUND('',#475,.T.);
#295=FACE_OUTER_BOUND('',#477,.T.);
#296=FACE_OUTER_BOUND('',#478,.T.);
#297=FACE_OUTER_BOUND('',#479,.T.);
#298=FACE_OUTER_BOUND('',#481,.T.);
#299=FACE_OUTER_BOUND('',#482,.T.);
#300=FACE_OUTER_BOUND('',#483,.T.);
#301=FACE_OUTER_BOUND('',#484,.T.);
#302=FACE_OUTER_BOUND('',#485,.T.);
#303=FACE_OUTER_BOUND('',#486,.T.);
#304=FACE_OUTER_BOUND('',#487,.T.);
#305=FACE_OUTER_BOUND('',#488,.T.);
#306=FACE_OUTER_BOUND('',#489,.T.);
#307=FACE_OUTER_BOUND('',#490,.T.);
#308=FACE_OUTER_BOUND('',#491,.T.);
#309=FACE_OUTER_BOUND('',#492,.T.);
#310=FACE_OUTER_BOUND('',#493,.T.);
#311=FACE_OUTER_BOUND('',#494,.T.);
#312=FACE_OUTER_BOUND('',#495,.T.);
#313=FACE_OUTER_BOUND('',#496,.T.);
#314=FACE_OUTER_BOUND('',#497,.T.);
#315=FACE_OUTER_BOUND('',#498,.T.);
#316=FACE_OUTER_BOUND('',#499,.T.);
#317=FACE_OUTER_BOUND('',#500,.T.);
#318=FACE_OUTER_BOUND('',#501,.T.);
#319=FACE_OUTER_BOUND('',#502,.T.);
#320=FACE_OUTER_BOUND('',#503,.T.);
#321=FACE_OUTER_BOUND('',#504,.T.);
#322=FACE_OUTER_BOUND('',#505,.T.);
#323=FACE_OUTER_BOUND('',#506,.T.);
#324=FACE_OUTER_BOUND('',#507,.T.);
#325=FACE_OUTER_BOUND('',#508,.T.);
#326=FACE_OUTER_BOUND('',#509,.T.);
#327=FACE_OUTER_BOUND('',#510,.T.);
#328=EDGE_LOOP('',(#1948,#1949,#1950,#1951,#1952,#1953));
#329=EDGE_LOOP('',(#1954,#1955,#1956,#1957));
#330=EDGE_LOOP('',(#1958,#1959,#1960,#1961));
#331=EDGE_LOOP('',(#1962,#1963,#1964,#1965));
#332=EDGE_LOOP('',(#1966,#1967,#1968,#1969,#1970,#1971,#1972));
#333=EDGE_LOOP('',(#1973,#1974,#1975,#1976));
#334=EDGE_LOOP('',(#1977,#1978,#1979,#1980));
#335=EDGE_LOOP('',(#1981,#1982,#1983,#1984,#1985,#1986,#1987,#1988,#1989));
#336=EDGE_LOOP('',(#1990,#1991,#1992,#1993));
#337=EDGE_LOOP('',(#1994,#1995,#1996,#1997,#1998,#1999,#2000,#2001,#2002,
#2003,#2004,#2005,#2006,#2007,#2008,#2009,#2010,#2011,#2012,#2013,#2014,
#2015,#2016));
#338=EDGE_LOOP('',(#2017,#2018,#2019,#2020));
#339=EDGE_LOOP('',(#2021,#2022,#2023,#2024));
#340=EDGE_LOOP('',(#2025,#2026,#2027,#2028,#2029,#2030));
#341=EDGE_LOOP('',(#2031,#2032,#2033,#2034));
#342=EDGE_LOOP('',(#2035,#2036,#2037,#2038));
#343=EDGE_LOOP('',(#2039,#2040,#2041,#2042,#2043));
#344=EDGE_LOOP('',(#2044,#2045,#2046));
#345=EDGE_LOOP('',(#2047,#2048,#2049));
#346=EDGE_LOOP('',(#2050,#2051,#2052,#2053));
#347=EDGE_LOOP('',(#2054,#2055,#2056,#2057));
#348=EDGE_LOOP('',(#2058,#2059,#2060,#2061));
#349=EDGE_LOOP('',(#2062,#2063,#2064,#2065));
#350=EDGE_LOOP('',(#2066,#2067,#2068));
#351=EDGE_LOOP('',(#2069,#2070,#2071,#2072));
#352=EDGE_LOOP('',(#2073,#2074,#2075,#2076));
#353=EDGE_LOOP('',(#2077,#2078,#2079));
#354=EDGE_LOOP('',(#2080,#2081,#2082,#2083));
#355=EDGE_LOOP('',(#2084,#2085,#2086,#2087));
#356=EDGE_LOOP('',(#2088,#2089,#2090,#2091));
#357=EDGE_LOOP('',(#2092,#2093,#2094,#2095));
#358=EDGE_LOOP('',(#2096,#2097,#2098,#2099));
#359=EDGE_LOOP('',(#2100,#2101,#2102,#2103));
#360=EDGE_LOOP('',(#2104,#2105,#2106,#2107));
#361=EDGE_LOOP('',(#2108,#2109,#2110));
#362=EDGE_LOOP('',(#2111,#2112,#2113));
#363=EDGE_LOOP('',(#2114,#2115,#2116,#2117));
#364=EDGE_LOOP('',(#2118,#2119,#2120,#2121));
#365=EDGE_LOOP('',(#2122,#2123,#2124,#2125));
#366=EDGE_LOOP('',(#2126,#2127,#2128));
#367=EDGE_LOOP('',(#2129,#2130,#2131,#2132));
#368=EDGE_LOOP('',(#2133,#2134,#2135,#2136));
#369=EDGE_LOOP('',(#2137,#2138,#2139));
#370=EDGE_LOOP('',(#2140,#2141,#2142,#2143));
#371=EDGE_LOOP('',(#2144,#2145,#2146,#2147));
#372=EDGE_LOOP('',(#2148,#2149,#2150,#2151));
#373=EDGE_LOOP('',(#2152,#2153,#2154,#2155));
#374=EDGE_LOOP('',(#2156,#2157,#2158,#2159,#2160,#2161));
#375=EDGE_LOOP('',(#2162,#2163,#2164,#2165));
#376=EDGE_LOOP('',(#2166,#2167,#2168,#2169));
#377=EDGE_LOOP('',(#2170,#2171,#2172,#2173));
#378=EDGE_LOOP('',(#2174,#2175,#2176,#2177));
#379=EDGE_LOOP('',(#2178,#2179,#2180,#2181));
#380=EDGE_LOOP('',(#2182,#2183,#2184,#2185));
#381=EDGE_LOOP('',(#2186,#2187,#2188,#2189));
#382=EDGE_LOOP('',(#2190,#2191,#2192,#2193));
#383=EDGE_LOOP('',(#2194,#2195,#2196,#2197));
#384=EDGE_LOOP('',(#2198,#2199,#2200,#2201));
#385=EDGE_LOOP('',(#2202,#2203,#2204,#2205));
#386=EDGE_LOOP('',(#2206,#2207,#2208,#2209));
#387=EDGE_LOOP('',(#2210,#2211,#2212,#2213));
#388=EDGE_LOOP('',(#2214,#2215,#2216,#2217));
#389=EDGE_LOOP('',(#2218,#2219,#2220,#2221));
#390=EDGE_LOOP('',(#2222,#2223,#2224,#2225));
#391=EDGE_LOOP('',(#2226,#2227,#2228,#2229,#2230,#2231,#2232,#2233,#2234,
#2235,#2236));
#392=EDGE_LOOP('',(#2237,#2238,#2239,#2240,#2241,#2242,#2243,#2244));
#393=EDGE_LOOP('',(#2245,#2246,#2247,#2248,#2249,#2250,#2251,#2252,#2253,
#2254,#2255,#2256,#2257,#2258,#2259,#2260,#2261,#2262));
#394=EDGE_LOOP('',(#2263));
#395=EDGE_LOOP('',(#2264));
#396=EDGE_LOOP('',(#2265,#2266,#2267,#2268,#2269,#2270,#2271,#2272,#2273,
#2274));
#397=EDGE_LOOP('',(#2275,#2276,#2277,#2278,#2279,#2280,#2281,#2282));
#398=EDGE_LOOP('',(#2283,#2284,#2285,#2286));
#399=EDGE_LOOP('',(#2287,#2288,#2289,#2290));
#400=EDGE_LOOP('',(#2291,#2292,#2293,#2294));
#401=EDGE_LOOP('',(#2295,#2296,#2297,#2298));
#402=EDGE_LOOP('',(#2299,#2300,#2301,#2302,#2303,#2304,#2305,#2306));
#403=EDGE_LOOP('',(#2307,#2308,#2309,#2310));
#404=EDGE_LOOP('',(#2311,#2312,#2313,#2314,#2315,#2316,#2317,#2318));
#405=EDGE_LOOP('',(#2319,#2320,#2321,#2322));
#406=EDGE_LOOP('',(#2323,#2324,#2325,#2326));
#407=EDGE_LOOP('',(#2327,#2328,#2329,#2330,#2331));
#408=EDGE_LOOP('',(#2332,#2333,#2334,#2335));
#409=EDGE_LOOP('',(#2336,#2337,#2338,#2339,#2340,#2341,#2342,#2343,#2344,
#2345,#2346,#2347));
#410=EDGE_LOOP('',(#2348,#2349,#2350));
#411=EDGE_LOOP('',(#2351,#2352,#2353,#2354));
#412=EDGE_LOOP('',(#2355,#2356,#2357,#2358,#2359));
#413=EDGE_LOOP('',(#2360,#2361,#2362));
#414=EDGE_LOOP('',(#2363,#2364,#2365,#2366));
#415=EDGE_LOOP('',(#2367,#2368,#2369,#2370,#2371,#2372,#2373));
#416=EDGE_LOOP('',(#2374,#2375,#2376,#2377,#2378));
#417=EDGE_LOOP('',(#2379,#2380,#2381));
#418=EDGE_LOOP('',(#2382,#2383,#2384,#2385));
#419=EDGE_LOOP('',(#2386,#2387,#2388,#2389,#2390));
#420=EDGE_LOOP('',(#2391,#2392,#2393,#2394));
#421=EDGE_LOOP('',(#2395,#2396,#2397,#2398,#2399));
#422=EDGE_LOOP('',(#2400,#2401,#2402,#2403,#2404,#2405,#2406,#2407,#2408,
#2409,#2410,#2411,#2412,#2413,#2414,#2415,#2416,#2417,#2418,#2419,#2420,
#2421,#2422,#2423,#2424,#2425));
#423=EDGE_LOOP('',(#2426,#2427,#2428,#2429,#2430,#2431));
#424=EDGE_LOOP('',(#2432,#2433,#2434,#2435,#2436,#2437));
#425=EDGE_LOOP('',(#2438,#2439,#2440,#2441,#2442,#2443,#2444));
#426=EDGE_LOOP('',(#2445,#2446,#2447,#2448));
#427=EDGE_LOOP('',(#2449,#2450,#2451,#2452,#2453));
#428=EDGE_LOOP('',(#2454,#2455,#2456,#2457,#2458));
#429=EDGE_LOOP('',(#2459,#2460,#2461,#2462));
#430=EDGE_LOOP('',(#2463,#2464,#2465,#2466));
#431=EDGE_LOOP('',(#2467,#2468,#2469,#2470));
#432=EDGE_LOOP('',(#2471,#2472,#2473,#2474));
#433=EDGE_LOOP('',(#2475,#2476,#2477,#2478));
#434=EDGE_LOOP('',(#2479,#2480,#2481,#2482));
#435=EDGE_LOOP('',(#2483,#2484,#2485,#2486));
#436=EDGE_LOOP('',(#2487,#2488,#2489,#2490,#2491));
#437=EDGE_LOOP('',(#2492,#2493,#2494,#2495,#2496));
#438=EDGE_LOOP('',(#2497,#2498,#2499,#2500,#2501,#2502,#2503,#2504,#2505,
#2506,#2507,#2508));
#439=EDGE_LOOP('',(#2509,#2510,#2511,#2512,#2513,#2514,#2515));
#440=EDGE_LOOP('',(#2516,#2517,#2518,#2519,#2520,#2521,#2522,#2523));
#441=EDGE_LOOP('',(#2524,#2525,#2526,#2527));
#442=EDGE_LOOP('',(#2528,#2529,#2530,#2531));
#443=EDGE_LOOP('',(#2532,#2533,#2534,#2535));
#444=EDGE_LOOP('',(#2536,#2537,#2538,#2539,#2540,#2541,#2542));
#445=EDGE_LOOP('',(#2543,#2544,#2545,#2546,#2547,#2548,#2549,#2550));
#446=EDGE_LOOP('',(#2551,#2552,#2553,#2554));
#447=EDGE_LOOP('',(#2555,#2556,#2557,#2558));
#448=EDGE_LOOP('',(#2559,#2560,#2561,#2562,#2563,#2564));
#449=EDGE_LOOP('',(#2565,#2566,#2567,#2568,#2569,#2570,#2571,#2572,#2573,
#2574,#2575,#2576));
#450=EDGE_LOOP('',(#2577,#2578,#2579,#2580,#2581,#2582,#2583,#2584,#2585,
#2586,#2587,#2588,#2589,#2590,#2591,#2592,#2593));
#451=EDGE_LOOP('',(#2594,#2595,#2596,#2597));
#452=EDGE_LOOP('',(#2598,#2599,#2600,#2601));
#453=EDGE_LOOP('',(#2602,#2603,#2604,#2605));
#454=EDGE_LOOP('',(#2606,#2607,#2608,#2609));
#455=EDGE_LOOP('',(#2610,#2611,#2612,#2613,#2614,#2615,#2616));
#456=EDGE_LOOP('',(#2617,#2618,#2619,#2620,#2621,#2622,#2623,#2624,#2625,
#2626,#2627,#2628));
#457=EDGE_LOOP('',(#2629,#2630,#2631,#2632,#2633));
#458=EDGE_LOOP('',(#2634,#2635,#2636,#2637));
#459=EDGE_LOOP('',(#2638,#2639,#2640,#2641,#2642,#2643,#2644));
#460=EDGE_LOOP('',(#2645,#2646,#2647,#2648));
#461=EDGE_LOOP('',(#2649,#2650,#2651,#2652,#2653));
#462=EDGE_LOOP('',(#2654,#2655,#2656,#2657));
#463=EDGE_LOOP('',(#2658,#2659,#2660,#2661));
#464=EDGE_LOOP('',(#2662,#2663,#2664,#2665));
#465=EDGE_LOOP('',(#2666,#2667,#2668,#2669));
#466=EDGE_LOOP('',(#2670,#2671,#2672,#2673));
#467=EDGE_LOOP('',(#2674,#2675,#2676,#2677));
#468=EDGE_LOOP('',(#2678,#2679,#2680,#2681));
#469=EDGE_LOOP('',(#2682,#2683,#2684,#2685,#2686));
#470=EDGE_LOOP('',(#2687,#2688,#2689,#2690));
#471=EDGE_LOOP('',(#2691,#2692,#2693,#2694,#2695));
#472=EDGE_LOOP('',(#2696,#2697,#2698,#2699,#2700,#2701,#2702));
#473=EDGE_LOOP('',(#2703,#2704,#2705,#2706));
#474=EDGE_LOOP('',(#2707,#2708,#2709,#2710,#2711,#2712));
#475=EDGE_LOOP('',(#2713));
#476=EDGE_LOOP('',(#2714));
#477=EDGE_LOOP('',(#2715,#2716,#2717,#2718,#2719,#2720,#2721,#2722,#2723));
#478=EDGE_LOOP('',(#2724,#2725,#2726,#2727));
#479=EDGE_LOOP('',(#2728));
#480=EDGE_LOOP('',(#2729));
#481=EDGE_LOOP('',(#2730,#2731,#2732,#2733,#2734,#2735,#2736,#2737,#2738));
#482=EDGE_LOOP('',(#2739,#2740,#2741,#2742));
#483=EDGE_LOOP('',(#2743,#2744,#2745,#2746,#2747));
#484=EDGE_LOOP('',(#2748,#2749,#2750,#2751));
#485=EDGE_LOOP('',(#2752,#2753,#2754,#2755));
#486=EDGE_LOOP('',(#2756,#2757,#2758,#2759));
#487=EDGE_LOOP('',(#2760,#2761,#2762,#2763));
#488=EDGE_LOOP('',(#2764,#2765,#2766,#2767,#2768));
#489=EDGE_LOOP('',(#2769,#2770,#2771,#2772));
#490=EDGE_LOOP('',(#2773,#2774,#2775,#2776));
#491=EDGE_LOOP('',(#2777,#2778,#2779,#2780));
#492=EDGE_LOOP('',(#2781,#2782,#2783,#2784));
#493=EDGE_LOOP('',(#2785,#2786,#2787,#2788,#2789));
#494=EDGE_LOOP('',(#2790,#2791,#2792,#2793,#2794));
#495=EDGE_LOOP('',(#2795,#2796,#2797,#2798));
#496=EDGE_LOOP('',(#2799,#2800,#2801,#2802));
#497=EDGE_LOOP('',(#2803,#2804,#2805,#2806));
#498=EDGE_LOOP('',(#2807,#2808,#2809,#2810));
#499=EDGE_LOOP('',(#2811,#2812,#2813,#2814));
#500=EDGE_LOOP('',(#2815,#2816,#2817,#2818));
#501=EDGE_LOOP('',(#2819,#2820,#2821,#2822));
#502=EDGE_LOOP('',(#2823,#2824,#2825,#2826,#2827,#2828));
#503=EDGE_LOOP('',(#2829,#2830,#2831,#2832));
#504=EDGE_LOOP('',(#2833,#2834,#2835,#2836));
#505=EDGE_LOOP('',(#2837,#2838,#2839,#2840));
#506=EDGE_LOOP('',(#2841,#2842,#2843,#2844));
#507=EDGE_LOOP('',(#2845,#2846,#2847,#2848));
#508=EDGE_LOOP('',(#2849,#2850,#2851,#2852));
#509=EDGE_LOOP('',(#2853,#2854,#2855,#2856));
#510=EDGE_LOOP('',(#2857,#2858,#2859,#2860,#2861,#2862,#2863,#2864,#2865,
#2866,#2867,#2868,#2869,#2870,#2871,#2872,#2873));
#511=CIRCLE('',#3129,0.5);
#512=CIRCLE('',#3130,0.5);
#513=CIRCLE('',#3133,0.5);
#514=CIRCLE('',#3134,0.5);
#515=CIRCLE('',#3137,0.999999999999996);
#516=CIRCLE('',#3139,0.5);
#517=CIRCLE('',#3140,0.5);
#518=CIRCLE('',#3143,0.999999999999996);
#519=CIRCLE('',#3144,4.);
#520=CIRCLE('',#3145,0.5);
#521=CIRCLE('',#3147,0.5);
#522=CIRCLE('',#3149,0.999999999999996);
#523=CIRCLE('',#3150,4.);
#524=CIRCLE('',#3151,5.);
#525=CIRCLE('',#3162,1.);
#526=CIRCLE('',#3163,0.999999999999996);
#527=CIRCLE('',#3164,1.);
#528=CIRCLE('',#3166,1.00000000000001);
#529=CIRCLE('',#3167,1.);
#530=CIRCLE('',#3168,1.);
#531=CIRCLE('',#3170,1.00000000000001);
#532=CIRCLE('',#3171,1.);
#533=CIRCLE('',#3172,2.);
#534=CIRCLE('',#3176,1.);
#535=CIRCLE('',#3178,0.999999999999993);
#536=CIRCLE('',#3179,0.999999999999998);
#537=CIRCLE('',#3181,0.999999999999996);
#538=CIRCLE('',#3183,1.);
#539=CIRCLE('',#3184,2.);
#540=CIRCLE('',#3186,1.);
#541=CIRCLE('',#3187,1.);
#542=CIRCLE('',#3188,0.999999999999993);
#543=CIRCLE('',#3191,1.);
#544=CIRCLE('',#3200,1.);
#545=CIRCLE('',#3201,0.999999999999989);
#546=CIRCLE('',#3202,1.00000000000001);
#547=CIRCLE('',#3204,0.999999999999996);
#548=CIRCLE('',#3205,1.);
#549=CIRCLE('',#3206,0.999999999999992);
#550=CIRCLE('',#3208,0.999999999999996);
#551=CIRCLE('',#3210,1.);
#552=CIRCLE('',#3211,2.);
#553=CIRCLE('',#3213,1.);
#554=CIRCLE('',#3215,1.);
#555=CIRCLE('',#3216,0.999999999999994);
#556=CIRCLE('',#3219,0.999999999999994);
#557=CIRCLE('',#3221,0.999999999999994);
#558=CIRCLE('',#3222,1.);
#559=CIRCLE('',#3224,1.);
#560=CIRCLE('',#3225,1.);
#561=CIRCLE('',#3226,2.);
#562=CIRCLE('',#3230,0.999999999999973);
#563=CIRCLE('',#3232,1.00000000000001);
#564=CIRCLE('',#3234,1.);
#565=CIRCLE('',#3237,1.00000000000001);
#566=CIRCLE('',#3244,1.);
#567=CIRCLE('',#3246,1.);
#568=CIRCLE('',#3248,0.999999999999992);
#569=CIRCLE('',#3257,1.);
#570=CIRCLE('',#3258,5.);
#571=CIRCLE('',#3259,1.);
#572=CIRCLE('',#3260,2.5);
#573=CIRCLE('',#3261,2.5);
#574=CIRCLE('',#3263,1.);
#575=CIRCLE('',#3264,1.);
#576=CIRCLE('',#3265,1.);
#577=CIRCLE('',#3267,2.);
#578=CIRCLE('',#3268,2.);
#579=CIRCLE('',#3269,1.);
#580=CIRCLE('',#3270,5.);
#581=CIRCLE('',#3271,5.);
#582=CIRCLE('',#3272,2.);
#583=CIRCLE('',#3273,2.);
#584=CIRCLE('',#3274,2.25);
#585=CIRCLE('',#3275,2.25);
#586=CIRCLE('',#3277,2.5);
#587=CIRCLE('',#3278,2.5);
#588=CIRCLE('',#3279,1.);
#589=CIRCLE('',#3281,1.);
#590=CIRCLE('',#3284,2.);
#591=CIRCLE('',#3287,2.);
#592=CIRCLE('',#3290,2.);
#593=CIRCLE('',#3293,2.);
#594=CIRCLE('',#3299,5.);
#595=CIRCLE('',#3301,1.99999999999999);
#596=CIRCLE('',#3302,2.);
#597=CIRCLE('',#3303,1.99999999999999);
#598=CIRCLE('',#3309,1.99999999999999);
#599=CIRCLE('',#3310,1.99999999999999);
#600=CIRCLE('',#3311,2.);
#601=CIRCLE('',#3325,2.);
#602=CIRCLE('',#3326,4.99999999999998);
#603=CIRCLE('',#3327,4.99999999999997);
#604=CIRCLE('',#3328,5.00000000000002);
#605=CIRCLE('',#3329,5.00000000000025);
#606=CIRCLE('',#3330,27.3228663292723);
#607=CIRCLE('',#3331,22.);
#608=CIRCLE('',#3332,27.3228663292721);
#609=CIRCLE('',#3333,4.99999999999978);
#610=CIRCLE('',#3334,5.00000000000001);
#611=CIRCLE('',#3335,4.99999999999996);
#612=CIRCLE('',#3336,5.0000000000001);
#613=CIRCLE('',#3337,2.);
#614=CIRCLE('',#3340,2.);
#615=CIRCLE('',#3343,2.);
#616=CIRCLE('',#3344,2.);
#617=CIRCLE('',#3347,2.);
#618=CIRCLE('',#3349,2.);
#619=CIRCLE('',#3351,2.);
#620=CIRCLE('',#3353,1.99999999999998);
#621=CIRCLE('',#3354,22.);
#622=CIRCLE('',#3355,20.);
#623=CIRCLE('',#3357,2.);
#624=CIRCLE('',#3359,2.00000000000002);
#625=CIRCLE('',#3361,2.);
#626=CIRCLE('',#3362,2.00000000000001);
#627=CIRCLE('',#3367,1.99999999999998);
#628=CIRCLE('',#3370,2.);
#629=CIRCLE('',#3374,2.);
#630=CIRCLE('',#3377,27.3228663292721);
#631=CIRCLE('',#3382,27.3228663292723);
#632=CIRCLE('',#3383,5.00000000000025);
#633=CIRCLE('',#3384,5.00000000000002);
#634=CIRCLE('',#3385,4.99999999999997);
#635=CIRCLE('',#3386,4.99999999999998);
#636=CIRCLE('',#3388,1.99999999999998);
#637=CIRCLE('',#3389,20.);
#638=CIRCLE('',#3394,2.);
#639=CIRCLE('',#3400,5.);
#640=CIRCLE('',#3419,4.);
#641=CIRCLE('',#3420,2.25);
#642=CIRCLE('',#3424,4.);
#643=CIRCLE('',#3425,2.25);
#644=CIRCLE('',#3441,5.0000000000001);
#645=CIRCLE('',#3444,4.99999999999996);
#646=CIRCLE('',#3447,5.00000000000001);
#647=CIRCLE('',#3450,4.99999999999978);
#648=LINE('',#4390,#901);
#649=LINE('',#4401,#902);
#650=LINE('',#4405,#903);
#651=LINE('',#4407,#904);
#652=LINE('',#4408,#905);
#653=LINE('',#4413,#906);
#654=LINE('',#4417,#907);
#655=LINE('',#4419,#908);
#656=LINE('',#4420,#909);
#657=LINE('',#4423,#910);
#658=LINE('',#4425,#911);
#659=LINE('',#4432,#912);
#660=LINE('',#4435,#913);
#661=LINE('',#4438,#914);
#662=LINE('',#4440,#915);
#663=LINE('',#4441,#916);
#664=LINE('',#4444,#917);
#665=LINE('',#4448,#918);
#666=LINE('',#4450,#919);
#667=LINE('',#4454,#920);
#668=LINE('',#4458,#921);
#669=LINE('',#4463,#922);
#670=LINE('',#4465,#923);
#671=LINE('',#4469,#924);
#672=LINE('',#4473,#925);
#673=LINE('',#4475,#926);
#674=LINE('',#4499,#927);
#675=LINE('',#4501,#928);
#676=LINE('',#4503,#929);
#677=LINE('',#4505,#930);
#678=LINE('',#4506,#931);
#679=LINE('',#4508,#932);
#680=LINE('',#4510,#933);
#681=LINE('',#4526,#934);
#682=LINE('',#4531,#935);
#683=LINE('',#4537,#936);
#684=LINE('',#4567,#937);
#685=LINE('',#4568,#938);
#686=LINE('',#4570,#939);
#687=LINE('',#4571,#940);
#688=LINE('',#4576,#941);
#689=LINE('',#4577,#942);
#690=LINE('',#4586,#943);
#691=LINE('',#4587,#944);
#692=LINE('',#4607,#945);
#693=LINE('',#4608,#946);
#694=LINE('',#4611,#947);
#695=LINE('',#4614,#948);
#696=LINE('',#4616,#949);
#697=LINE('',#4619,#950);
#698=LINE('',#4622,#951);
#699=LINE('',#4624,#952);
#700=LINE('',#4627,#953);
#701=LINE('',#4630,#954);
#702=LINE('',#4649,#955);
#703=LINE('',#4650,#956);
#704=LINE('',#4666,#957);
#705=LINE('',#4667,#958);
#706=LINE('',#4673,#959);
#707=LINE('',#4674,#960);
#708=LINE('',#4679,#961);
#709=LINE('',#4680,#962);
#710=LINE('',#4700,#963);
#711=LINE('',#4701,#964);
#712=LINE('',#4704,#965);
#713=LINE('',#4705,#966);
#714=LINE('',#4708,#967);
#715=LINE('',#4711,#968);
#716=LINE('',#4743,#969);
#717=LINE('',#4744,#970);
#718=LINE('',#4785,#971);
#719=LINE('',#4786,#972);
#720=LINE('',#4790,#973);
#721=LINE('',#4791,#974);
#722=LINE('',#4861,#975);
#723=LINE('',#4862,#976);
#724=LINE('',#4864,#977);
#725=LINE('',#4865,#978);
#726=LINE('',#4867,#979);
#727=LINE('',#4868,#980);
#728=LINE('',#4870,#981);
#729=LINE('',#4878,#982);
#730=LINE('',#4880,#983);
#731=LINE('',#4884,#984);
#732=LINE('',#4888,#985);
#733=LINE('',#4892,#986);
#734=LINE('',#4895,#987);
#735=LINE('',#4900,#988);
#736=LINE('',#4902,#989);
#737=LINE('',#4906,#990);
#738=LINE('',#4909,#991);
#739=LINE('',#4912,#992);
#740=LINE('',#4916,#993);
#741=LINE('',#4920,#994);
#742=LINE('',#4924,#995);
#743=LINE('',#4927,#996);
#744=LINE('',#4929,#997);
#745=LINE('',#4933,#998);
#746=LINE('',#4937,#999);
#747=LINE('',#4940,#1000);
#748=LINE('',#4947,#1001);
#749=LINE('',#4951,#1002);
#750=LINE('',#4955,#1003);
#751=LINE('',#4959,#1004);
#752=LINE('',#4961,#1005);
#753=LINE('',#4962,#1006);
#754=LINE('',#4965,#1007);
#755=LINE('',#4968,#1008);
#756=LINE('',#4969,#1009);
#757=LINE('',#4970,#1010);
#758=LINE('',#4972,#1011);
#759=LINE('',#4977,#1012);
#760=LINE('',#4978,#1013);
#761=LINE('',#4981,#1014);
#762=LINE('',#4982,#1015);
#763=LINE('',#4985,#1016);
#764=LINE('',#4988,#1017);
#765=LINE('',#4991,#1018);
#766=LINE('',#4993,#1019);
#767=LINE('',#4994,#1020);
#768=LINE('',#4999,#1021);
#769=LINE('',#5000,#1022);
#770=LINE('',#5003,#1023);
#771=LINE('',#5004,#1024);
#772=LINE('',#5006,#1025);
#773=LINE('',#5008,#1026);
#774=LINE('',#5009,#1027);
#775=LINE('',#5013,#1028);
#776=LINE('',#5015,#1029);
#777=LINE('',#5029,#1030);
#778=LINE('',#5039,#1031);
#779=LINE('',#5041,#1032);
#780=LINE('',#5043,#1033);
#781=LINE('',#5045,#1034);
#782=LINE('',#5068,#1035);
#783=LINE('',#5070,#1036);
#784=LINE('',#5073,#1037);
#785=LINE('',#5084,#1038);
#786=LINE('',#5085,#1039);
#787=LINE('',#5097,#1040);
#788=LINE('',#5099,#1041);
#789=LINE('',#5108,#1042);
#790=LINE('',#5109,#1043);
#791=LINE('',#5112,#1044);
#792=LINE('',#5122,#1045);
#793=LINE('',#5124,#1046);
#794=LINE('',#5137,#1047);
#795=LINE('',#5141,#1048);
#796=LINE('',#5145,#1049);
#797=LINE('',#5160,#1050);
#798=LINE('',#5164,#1051);
#799=LINE('',#5168,#1052);
#800=LINE('',#5189,#1053);
#801=LINE('',#5193,#1054);
#802=LINE('',#5214,#1055);
#803=LINE('',#5218,#1056);
#804=LINE('',#5222,#1057);
#805=LINE('',#5228,#1058);
#806=LINE('',#5230,#1059);
#807=LINE('',#5232,#1060);
#808=LINE('',#5234,#1061);
#809=LINE('',#5236,#1062);
#810=LINE('',#5237,#1063);
#811=LINE('',#5240,#1064);
#812=LINE('',#5242,#1065);
#813=LINE('',#5244,#1066);
#814=LINE('',#5246,#1067);
#815=LINE('',#5248,#1068);
#816=LINE('',#5249,#1069);
#817=LINE('',#5252,#1070);
#818=LINE('',#5270,#1071);
#819=LINE('',#5283,#1072);
#820=LINE('',#5292,#1073);
#821=LINE('',#5298,#1074);
#822=LINE('',#5301,#1075);
#823=LINE('',#5309,#1076);
#824=LINE('',#5310,#1077);
#825=LINE('',#5582,#1078);
#826=LINE('',#5583,#1079);
#827=LINE('',#5588,#1080);
#828=LINE('',#5590,#1081);
#829=LINE('',#5592,#1082);
#830=LINE('',#5593,#1083);
#831=LINE('',#5599,#1084);
#832=LINE('',#5602,#1085);
#833=LINE('',#5659,#1086);
#834=LINE('',#5662,#1087);
#835=LINE('',#5664,#1088);
#836=LINE('',#5666,#1089);
#837=LINE('',#5672,#1090);
#838=LINE('',#5745,#1091);
#839=LINE('',#5777,#1092);
#840=LINE('',#5782,#1093);
#841=LINE('',#5789,#1094);
#842=LINE('',#5793,#1095);
#843=LINE('',#5797,#1096);
#844=LINE('',#5800,#1097);
#845=LINE('',#5802,#1098);
#846=LINE('',#5804,#1099);
#847=LINE('',#5806,#1100);
#848=LINE('',#5808,#1101);
#849=LINE('',#5809,#1102);
#850=LINE('',#5815,#1103);
#851=LINE('',#5819,#1104);
#852=LINE('',#5825,#1105);
#853=LINE('',#5830,#1106);
#854=LINE('',#5854,#1107);
#855=LINE('',#5859,#1108);
#856=LINE('',#5860,#1109);
#857=LINE('',#5862,#1110);
#858=LINE('',#5864,#1111);
#859=LINE('',#5868,#1112);
#860=LINE('',#5870,#1113);
#861=LINE('',#5872,#1114);
#862=LINE('',#5876,#1115);
#863=LINE('',#5885,#1116);
#864=LINE('',#5887,#1117);
#865=LINE('',#5894,#1118);
#866=LINE('',#5896,#1119);
#867=LINE('',#5898,#1120);
#868=LINE('',#5899,#1121);
#869=LINE('',#5901,#1122);
#870=LINE('',#5903,#1123);
#871=LINE('',#5905,#1124);
#872=LINE('',#5907,#1125);
#873=LINE('',#5912,#1126);
#874=LINE('',#5913,#1127);
#875=LINE('',#5914,#1128);
#876=LINE('',#5917,#1129);
#877=LINE('',#5918,#1130);
#878=LINE('',#5921,#1131);
#879=LINE('',#5922,#1132);
#880=LINE('',#5925,#1133);
#881=LINE('',#5926,#1134);
#882=LINE('',#5928,#1135);
#883=LINE('',#5929,#1136);
#884=LINE('',#5931,#1137);
#885=LINE('',#5934,#1138);
#886=LINE('',#5938,#1139);
#887=LINE('',#5939,#1140);
#888=LINE('',#5943,#1141);
#889=LINE('',#5946,#1142);
#890=LINE('',#5947,#1143);
#891=LINE('',#5951,#1144);
#892=LINE('',#5954,#1145);
#893=LINE('',#5955,#1146);
#894=LINE('',#5959,#1147);
#895=LINE('',#5961,#1148);
#896=LINE('',#5963,#1149);
#897=LINE('',#5965,#1150);
#898=LINE('',#5967,#1151);
#899=LINE('',#5969,#1152);
#900=LINE('',#5971,#1153);
#901=VECTOR('',#3464,10.);
#902=VECTOR('',#3467,10.);
#903=VECTOR('',#3472,10.);
#904=VECTOR('',#3473,10.);
#905=VECTOR('',#3474,10.);
#906=VECTOR('',#3479,10.);
#907=VECTOR('',#3484,10.);
#908=VECTOR('',#3485,10.);
#909=VECTOR('',#3486,10.);
#910=VECTOR('',#3489,10.);
#911=VECTOR('',#3490,10.);
#912=VECTOR('',#3497,10.);
#913=VECTOR('',#3500,10.);
#914=VECTOR('',#3503,10.);
#915=VECTOR('',#3504,10.);
#916=VECTOR('',#3505,10.);
#917=VECTOR('',#3508,10.);
#918=VECTOR('',#3511,10.);
#919=VECTOR('',#3512,10.);
#920=VECTOR('',#3515,10.);
#921=VECTOR('',#3520,10.);
#922=VECTOR('',#3527,10.);
#923=VECTOR('',#3528,10.);
#924=VECTOR('',#3531,10.);
#925=VECTOR('',#3534,10.);
#926=VECTOR('',#3535,10.);
#927=VECTOR('',#3536,10.);
#928=VECTOR('',#3537,10.);
#929=VECTOR('',#3538,10.);
#930=VECTOR('',#3539,10.);
#931=VECTOR('',#3540,10.);
#932=VECTOR('',#3543,10.);
#933=VECTOR('',#3546,10.);
#934=VECTOR('',#3549,10.);
#935=VECTOR('',#3554,10.);
#936=VECTOR('',#3563,10.);
#937=VECTOR('',#3590,10.);
#938=VECTOR('',#3591,10.);
#939=VECTOR('',#3594,10.);
#940=VECTOR('',#3595,10.);
#941=VECTOR('',#3600,10.);
#942=VECTOR('',#3601,10.);
#943=VECTOR('',#3612,10.);
#944=VECTOR('',#3613,10.);
#945=VECTOR('',#3630,10.);
#946=VECTOR('',#3631,10.);
#947=VECTOR('',#3634,10.);
#948=VECTOR('',#3637,10.);
#949=VECTOR('',#3640,10.);
#950=VECTOR('',#3643,10.);
#951=VECTOR('',#3648,10.);
#952=VECTOR('',#3651,10.);
#953=VECTOR('',#3654,10.);
#954=VECTOR('',#3657,10.);
#955=VECTOR('',#3678,10.);
#956=VECTOR('',#3679,10.);
#957=VECTOR('',#3690,10.);
#958=VECTOR('',#3691,10.);
#959=VECTOR('',#3700,10.);
#960=VECTOR('',#3701,10.);
#961=VECTOR('',#3706,10.);
#962=VECTOR('',#3707,10.);
#963=VECTOR('',#3724,10.);
#964=VECTOR('',#3725,10.);
#965=VECTOR('',#3728,10.);
#966=VECTOR('',#3729,10.);
#967=VECTOR('',#3732,10.);
#968=VECTOR('',#3737,10.);
#969=VECTOR('',#3746,10.);
#970=VECTOR('',#3747,10.);
#971=VECTOR('',#3754,10.);
#972=VECTOR('',#3755,10.);
#973=VECTOR('',#3762,10.);
#974=VECTOR('',#3763,10.);
#975=VECTOR('',#3780,10.);
#976=VECTOR('',#3781,10.);
#977=VECTOR('',#3784,10.);
#978=VECTOR('',#3785,10.);
#979=VECTOR('',#3788,10.);
#980=VECTOR('',#3789,10.);
#981=VECTOR('',#3792,10.);
#982=VECTOR('',#3803,10.);
#983=VECTOR('',#3804,10.);
#984=VECTOR('',#3807,10.);
#985=VECTOR('',#3810,10.);
#986=VECTOR('',#3813,10.);
#987=VECTOR('',#3816,10.);
#988=VECTOR('',#3821,10.);
#989=VECTOR('',#3822,10.);
#990=VECTOR('',#3825,10.);
#991=VECTOR('',#3828,10.);
#992=VECTOR('',#3831,10.);
#993=VECTOR('',#3834,10.);
#994=VECTOR('',#3837,10.);
#995=VECTOR('',#3840,10.);
#996=VECTOR('',#3843,10.);
#997=VECTOR('',#3844,10.);
#998=VECTOR('',#3847,10.);
#999=VECTOR('',#3850,10.);
#1000=VECTOR('',#3853,10.);
#1001=VECTOR('',#3860,10.);
#1002=VECTOR('',#3863,10.);
#1003=VECTOR('',#3866,10.);
#1004=VECTOR('',#3869,10.);
#1005=VECTOR('',#3870,10.);
#1006=VECTOR('',#3871,10.);
#1007=VECTOR('',#3874,10.);
#1008=VECTOR('',#3877,10.);
#1009=VECTOR('',#3878,10.);
#1010=VECTOR('',#3879,10.);
#1011=VECTOR('',#3882,10.);
#1012=VECTOR('',#3887,10.);
#1013=VECTOR('',#3888,10.);
#1014=VECTOR('',#3891,10.);
#1015=VECTOR('',#3892,10.);
#1016=VECTOR('',#3895,10.);
#1017=VECTOR('',#3898,10.);
#1018=VECTOR('',#3901,10.);
#1019=VECTOR('',#3902,10.);
#1020=VECTOR('',#3903,10.);
#1021=VECTOR('',#3908,10.);
#1022=VECTOR('',#3909,10.);
#1023=VECTOR('',#3912,10.);
#1024=VECTOR('',#3913,10.);
#1025=VECTOR('',#3914,10.);
#1026=VECTOR('',#3915,10.);
#1027=VECTOR('',#3916,10.);
#1028=VECTOR('',#3921,10.);
#1029=VECTOR('',#3924,10.);
#1030=VECTOR('',#3931,10.);
#1031=VECTOR('',#3932,10.);
#1032=VECTOR('',#3935,10.);
#1033=VECTOR('',#3936,10.);
#1034=VECTOR('',#3937,10.);
#1035=VECTOR('',#3938,10.);
#1036=VECTOR('',#3939,10.);
#1037=VECTOR('',#3942,10.);
#1038=VECTOR('',#3955,10.);
#1039=VECTOR('',#3956,10.);
#1040=VECTOR('',#3959,10.);
#1041=VECTOR('',#3960,10.);
#1042=VECTOR('',#3973,10.);
#1043=VECTOR('',#3974,10.);
#1044=VECTOR('',#3977,10.);
#1045=VECTOR('',#3980,10.);
#1046=VECTOR('',#3983,10.);
#1047=VECTOR('',#3990,10.);
#1048=VECTOR('',#3995,10.);
#1049=VECTOR('',#4000,10.);
#1050=VECTOR('',#4009,10.);
#1051=VECTOR('',#4012,10.);
#1052=VECTOR('',#4015,10.);
#1053=VECTOR('',#4020,10.);
#1054=VECTOR('',#4023,10.);
#1055=VECTOR('',#4028,10.);
#1056=VECTOR('',#4031,10.);
#1057=VECTOR('',#4034,10.);
#1058=VECTOR('',#4039,10.);
#1059=VECTOR('',#4040,10.);
#1060=VECTOR('',#4041,10.);
#1061=VECTOR('',#4042,10.);
#1062=VECTOR('',#4043,10.);
#1063=VECTOR('',#4044,10.);
#1064=VECTOR('',#4045,10.);
#1065=VECTOR('',#4046,10.);
#1066=VECTOR('',#4047,10.);
#1067=VECTOR('',#4048,10.);
#1068=VECTOR('',#4049,10.);
#1069=VECTOR('',#4050,10.);
#1070=VECTOR('',#4053,2.);
#1071=VECTOR('',#4058,2.);
#1072=VECTOR('',#4063,10.);
#1073=VECTOR('',#4074,10.);
#1074=VECTOR('',#4081,10.);
#1075=VECTOR('',#4084,10.);
#1076=VECTOR('',#4095,10.);
#1077=VECTOR('',#4096,10.);
#1078=VECTOR('',#4111,10.);
#1079=VECTOR('',#4112,10.);
#1080=VECTOR('',#4117,10.);
#1081=VECTOR('',#4118,10.);
#1082=VECTOR('',#4119,10.);
#1083=VECTOR('',#4120,10.);
#1084=VECTOR('',#4125,10.);
#1085=VECTOR('',#4128,10.);
#1086=VECTOR('',#4131,10.);
#1087=VECTOR('',#4136,10.);
#1088=VECTOR('',#4137,10.);
#1089=VECTOR('',#4140,10.);
#1090=VECTOR('',#4147,10.);
#1091=VECTOR('',#4152,10.);
#1092=VECTOR('',#4155,10.);
#1093=VECTOR('',#4160,10.);
#1094=VECTOR('',#4167,10.);
#1095=VECTOR('',#4170,10.);
#1096=VECTOR('',#4173,10.);
#1097=VECTOR('',#4176,10.);
#1098=VECTOR('',#4177,10.);
#1099=VECTOR('',#4178,10.);
#1100=VECTOR('',#4179,10.);
#1101=VECTOR('',#4180,10.);
#1102=VECTOR('',#4181,10.);
#1103=VECTOR('',#4192,2.);
#1104=VECTOR('',#4197,2.);
#1105=VECTOR('',#4204,10.);
#1106=VECTOR('',#4209,10.);
#1107=VECTOR('',#4216,10.);
#1108=VECTOR('',#4225,10.);
#1109=VECTOR('',#4226,10.);
#1110=VECTOR('',#4229,10.);
#1111=VECTOR('',#4232,10.);
#1112=VECTOR('',#4239,10.);
#1113=VECTOR('',#4242,10.);
#1114=VECTOR('',#4245,10.);
#1115=VECTOR('',#4252,10.);
#1116=VECTOR('',#4265,4.);
#1117=VECTOR('',#4268,2.25);
#1118=VECTOR('',#4277,4.);
#1119=VECTOR('',#4280,2.25);
#1120=VECTOR('',#4283,10.);
#1121=VECTOR('',#4284,10.);
#1122=VECTOR('',#4287,10.);
#1123=VECTOR('',#4290,10.);
#1124=VECTOR('',#4293,10.);
#1125=VECTOR('',#4296,10.);
#1126=VECTOR('',#4301,10.);
#1127=VECTOR('',#4302,10.);
#1128=VECTOR('',#4303,10.);
#1129=VECTOR('',#4306,10.);
#1130=VECTOR('',#4307,10.);
#1131=VECTOR('',#4310,10.);
#1132=VECTOR('',#4311,10.);
#1133=VECTOR('',#4314,10.);
#1134=VECTOR('',#4315,10.);
#1135=VECTOR('',#4318,10.);
#1136=VECTOR('',#4319,10.);
#1137=VECTOR('',#4322,10.);
#1138=VECTOR('',#4325,10.);
#1139=VECTOR('',#4330,10.);
#1140=VECTOR('',#4331,10.);
#1141=VECTOR('',#4336,10.);
#1142=VECTOR('',#4339,10.);
#1143=VECTOR('',#4340,10.);
#1144=VECTOR('',#4345,10.);
#1145=VECTOR('',#4348,10.);
#1146=VECTOR('',#4349,10.);
#1147=VECTOR('',#4356,10.);
#1148=VECTOR('',#4359,10.);
#1149=VECTOR('',#4362,10.);
#1150=VECTOR('',#4365,10.);
#1151=VECTOR('',#4368,10.);
#1152=VECTOR('',#4371,10.);
#1153=VECTOR('',#4374,10.);
#1154=B_SPLINE_CURVE_WITH_KNOTS('',3,(#4383,#4384,#4385,#4386,#4387,#4388),
 .UNSPECIFIED.,.F.,.F.,(4,2,4),(0.0968640383778486,0.114026101051949,0.11410093370806),
 .UNSPECIFIED.);
#1155=B_SPLINE_CURVE_WITH_KNOTS('',3,(#4392,#4393,#4394,#4395,#4396,#4397),
 .UNSPECIFIED.,.F.,.F.,(4,2,4),(0.0377150108546914,0.0377898435106414,0.0549519061847373),
 .UNSPECIFIED.);
#1156=B_SPLINE_CURVE_WITH_KNOTS('',3,(#4477,#4478,#4479,#4480,#4481,#4482,
#4483,#4484,#4485,#4486),.UNSPECIFIED.,.F.,.F.,(4,1,1,1,1,1,1,4),(1.90342818258849,
1.97712712412855,2.05082606566861,2.12452500720866,2.19822394874872,2.27192289028877,
2.34562183182883,2.41932077336888),.UNSPECIFIED.);
#1157=B_SPLINE_CURVE_WITH_KNOTS('',3,(#4488,#4489,#4490,#4491),
 .UNSPECIFIED.,.F.,.F.,(4,4),(0.630996918937645,0.746271800926149),
 .UNSPECIFIED.);
#1158=B_SPLINE_CURVE_WITH_KNOTS('',3,(#4493,#4494,#4495,#4496,#4497),
 .UNSPECIFIED.,.F.,.F.,(4,1,4),(0.275343937380014,0.5132898505267,0.691749285386714),
 .UNSPECIFIED.);
#1159=B_SPLINE_CURVE_WITH_KNOTS('',3,(#4512,#4513,#4514,#4515,#4516,#4517,
#4518,#4519,#4520,#4521,#4522,#4523,#4524,#4525),.UNSPECIFIED.,.F.,.F.,
(4,2,2,2,2,2,4),(0.214564309595876,0.239355933585782,0.277466382906469,
0.315576832227155,0.353687281547842,0.391797730868529,0.416589354858434),
 .UNSPECIFIED.);
#1160=B_SPLINE_CURVE_WITH_KNOTS('',3,(#4559,#4560,#4561,#4562,#4563,#4564),
 .UNSPECIFIED.,.F.,.F.,(4,2,4),(0.50553224003851,0.58199546660118,0.699558285734088),
 .UNSPECIFIED.);
#1161=B_SPLINE_CURVE_WITH_KNOTS('',3,(#4591,#4592,#4593,#4594,#4595,#4596),
 .UNSPECIFIED.,.F.,.F.,(4,2,4),(0.,0.117562819132909,0.194026045695579),
 .UNSPECIFIED.);
#1162=B_SPLINE_CURVE_WITH_KNOTS('',3,(#4654,#4655,#4656,#4657,#4658,#4659),
 .UNSPECIFIED.,.F.,.F.,(4,2,4),(0.,0.117562819132909,0.194026045695579),
 .UNSPECIFIED.);
#1163=B_SPLINE_CURVE_WITH_KNOTS('',3,(#4692,#4693,#4694,#4695,#4696,#4697),
 .UNSPECIFIED.,.F.,.F.,(4,2,4),(0.50553224003851,0.581995466601179,0.699558285734088),
 .UNSPECIFIED.);
#1164=B_SPLINE_CURVE_WITH_KNOTS('',3,(#5017,#5018,#5019,#5020,#5021,#5022,
#5023,#5024),.UNSPECIFIED.,.F.,.F.,(4,2,2,4),(0.,0.252673737040228,0.379010605560342,
0.505347474080456),.UNSPECIFIED.);
#1165=B_SPLINE_CURVE_WITH_KNOTS('',3,(#5031,#5032,#5033,#5034,#5035,#5036,
#5037,#5038),.UNSPECIFIED.,.F.,.F.,(4,2,2,4),(1.14587710804522,1.27221397656534,
1.39855084508545,1.65122458212568),.UNSPECIFIED.);
#1166=B_SPLINE_CURVE_WITH_KNOTS('',3,(#5047,#5048,#5049,#5050,#5051),
 .UNSPECIFIED.,.F.,.F.,(4,1,4),(-0.692099166901976,-0.454033998668787,-0.275485122493895),
 .UNSPECIFIED.);
#1167=B_SPLINE_CURVE_WITH_KNOTS('',3,(#5053,#5054,#5055,#5056),
 .UNSPECIFIED.,.F.,.F.,(4,4),(0.406367264793851,0.521642118965884),
 .UNSPECIFIED.);
#1168=B_SPLINE_CURVE_WITH_KNOTS('',3,(#5058,#5059,#5060,#5061,#5062,#5063,
#5064,#5065,#5066),.UNSPECIFIED.,.F.,.F.,(4,1,1,1,1,1,4),(2.41871438939053,
2.49237124343814,2.56602809748576,2.63968495153337,2.71334180558099,2.86065551367622,
2.93431236772383),.UNSPECIFIED.);
#1169=B_SPLINE_CURVE_WITH_KNOTS('',3,(#5089,#5090,#5091,#5092,#5093,#5094,
#5095,#5096),.UNSPECIFIED.,.F.,.F.,(4,2,2,4),(1.21837658536808,1.27219571983373,
1.39853258835384,1.65120632539407),.UNSPECIFIED.);
#1170=B_SPLINE_CURVE_WITH_KNOTS('',3,(#5113,#5114,#5115,#5116,#5117,#5118,
#5119,#5120),.UNSPECIFIED.,.F.,.F.,(4,2,2,4),(0.,0.252673737040228,0.379010605560341,
0.432829740025984),.UNSPECIFIED.);
#1171=B_SPLINE_CURVE_WITH_KNOTS('',3,(#5130,#5131,#5132,#5133,#5134,#5135),
 .UNSPECIFIED.,.F.,.F.,(4,2,4),(0.267406959889738,0.287160426527919,0.318260533341312),
 .UNSPECIFIED.);
#1172=B_SPLINE_CURVE_WITH_KNOTS('',3,(#5147,#5148,#5149,#5150,#5151,#5152),
 .UNSPECIFIED.,.F.,.F.,(4,2,4),(2.29987715422047,2.33097726103418,2.35073072767223),
 .UNSPECIFIED.);
#1173=B_SPLINE_CURVE_WITH_KNOTS('',3,(#5174,#5175,#5176,#5177,#5178,#5179,
#5180,#5181,#5182,#5183,#5184,#5185,#5186,#5187),.UNSPECIFIED.,.F.,.F.,
(4,2,2,2,2,2,4),(-0.00937447890162334,0.,0.130326375758813,0.583305998633782,
0.837682548124267,1.12746468723073,1.36509462727053),.UNSPECIFIED.);
#1174=B_SPLINE_CURVE_WITH_KNOTS('',3,(#5195,#5196,#5197,#5198,#5199,#5200,
#5201,#5202,#5203,#5204,#5205,#5206,#5207,#5208),.UNSPECIFIED.,.F.,.F.,
(4,2,2,2,2,2,4),(0.,0.147836750541662,0.32811895701349,0.48637429809207,
0.768186547305818,0.84926652821456,0.855098673928217),.UNSPECIFIED.);
#1175=B_SPLINE_CURVE_WITH_KNOTS('',3,(#5254,#5255,#5256,#5257,#5258,#5259,
#5260,#5261,#5262,#5263,#5264,#5265),.UNSPECIFIED.,.F.,.F.,(4,2,2,2,2,4),
(0.,0.0395213151336582,0.0754621645383605,0.110927914139947,0.147977195498756,
0.186085533238031),.UNSPECIFIED.);
#1176=B_SPLINE_CURVE_WITH_KNOTS('',3,(#5272,#5273,#5274,#5275,#5276,#5277,
#5278,#5279),.UNSPECIFIED.,.F.,.F.,(4,2,2,4),(0.167425684034741,0.285091634649058,
0.394842745963758,0.469724951633215),.UNSPECIFIED.);
#1177=B_SPLINE_CURVE_WITH_KNOTS('',3,(#5457,#5458,#5459,#5460),
 .UNSPECIFIED.,.F.,.F.,(4,4),(1.68913250427998,1.74349697650161),
 .UNSPECIFIED.);
#1178=B_SPLINE_CURVE_WITH_KNOTS('',3,(#5487,#5488,#5489,#5490),
 .UNSPECIFIED.,.F.,.F.,(4,4),(1.04210538063674,1.09646985285881),
 .UNSPECIFIED.);
#1179=B_SPLINE_CURVE_WITH_KNOTS('',3,(#5523,#5524,#5525,#5526,#5527,#5528,
#5529,#5530,#5531,#5532,#5533,#5534),.UNSPECIFIED.,.F.,.F.,(4,2,2,2,2,4),
(0.,0.0395568893740043,0.0652115171159796,0.0885191496450695,0.115423175031396,
0.144876980371869),.UNSPECIFIED.);
#1180=B_SPLINE_CURVE_WITH_KNOTS('',3,(#5535,#5536,#5537,#5538),
 .UNSPECIFIED.,.F.,.F.,(4,4),(0.55632298176201,0.692099166901976),
 .UNSPECIFIED.);
#1181=B_SPLINE_CURVE_WITH_KNOTS('',3,(#5539,#5540,#5541,#5542,#5543,#5544,
#5545,#5546),.UNSPECIFIED.,.F.,.F.,(4,2,2,4),(0.,0.0867099880309492,0.213799888193646,
0.350047138554536),.UNSPECIFIED.);
#1182=B_SPLINE_CURVE_WITH_KNOTS('',3,(#5577,#5578,#5579,#5580),
 .UNSPECIFIED.,.F.,.F.,(4,4),(-0.691749285386714,-0.556062177771375),
 .UNSPECIFIED.);
#1183=B_SPLINE_CURVE_WITH_KNOTS('',3,(#5643,#5644,#5645,#5646,#5647,#5648),
 .UNSPECIFIED.,.F.,.F.,(4,1,1,4),(1.79687772026249,1.81776056796668,1.92308165481688,
2.02840274166709),.UNSPECIFIED.);
#1184=B_SPLINE_CURVE_WITH_KNOTS('',3,(#5649,#5650,#5651,#5652,#5653,#5654,
#5655,#5656),.UNSPECIFIED.,.F.,.F.,(4,1,1,1,1,4),(-2.02840274166709,-1.92308165481688,
-1.81776056796668,-1.60711839426627,-1.18583404686545,-0.553907525764217),
 .UNSPECIFIED.);
#1185=B_SPLINE_CURVE_WITH_KNOTS('',3,(#5718,#5719,#5720,#5721,#5722,#5723,
#5724,#5725,#5726),.UNSPECIFIED.,.F.,.F.,(4,1,1,1,1,1,4),(-1.47449522578755,
-1.05321087556254,-0.631926525337521,-0.421284350225014,-0.210642175112507,
-0.105321087556254,0.),.UNSPECIFIED.);
#1186=B_SPLINE_CURVE_WITH_KNOTS('',3,(#5727,#5728,#5729,#5730,#5731,#5732),
 .UNSPECIFIED.,.F.,.F.,(4,1,1,4),(0.,0.105321087556254,0.210642175112507,
0.23152526838354),.UNSPECIFIED.);
#1187=B_SPLINE_CURVE_WITH_KNOTS('',3,(#5735,#5736,#5737,#5738,#5739,#5740,
#5741,#5742),.UNSPECIFIED.,.F.,.F.,(4,2,2,4),(-0.418196834640755,-0.285842052270359,
-0.153487269899962,-0.125205140906552),.UNSPECIFIED.);
#1188=B_SPLINE_CURVE_WITH_KNOTS('',3,(#5748,#5749,#5750,#5751,#5752,#5753),
 .UNSPECIFIED.,.F.,.F.,(4,2,4),(1.09646985285881,1.24008351611154,1.27031973241904),
 .UNSPECIFIED.);
#1189=B_SPLINE_CURVE_WITH_KNOTS('',3,(#5755,#5756,#5757,#5758),
 .UNSPECIFIED.,.F.,.F.,(4,4),(1.27031973241904,1.39280117856937),
 .UNSPECIFIED.);
#1190=B_SPLINE_CURVE_WITH_KNOTS('',3,(#5759,#5760,#5761,#5762,#5763,#5764,
#5765,#5766),.UNSPECIFIED.,.F.,.F.,(4,2,2,4),(1.39280117856937,1.56406204439909,
1.73532291022881,1.782063601893),.UNSPECIFIED.);
#1191=B_SPLINE_CURVE_WITH_KNOTS('',3,(#5768,#5769,#5770,#5771,#5772,#5773,
#5774,#5775),.UNSPECIFIED.,.F.,.F.,(4,2,2,4),(0.125205140906541,0.153487269899964,
0.285842052270372,0.41819683464078),.UNSPECIFIED.);
#1192=B_SPLINE_CURVE_WITH_KNOTS('',3,(#5832,#5833,#5834,#5835,#5836,#5837,
#5838,#5839),.UNSPECIFIED.,.F.,.F.,(4,2,2,4),(1.00353875524574,1.05027944690993,
1.22154031273965,1.39280117856937),.UNSPECIFIED.);
#1193=B_SPLINE_CURVE_WITH_KNOTS('',3,(#5841,#5842,#5843,#5844),
 .UNSPECIFIED.,.F.,.F.,(4,4),(1.39280117856937,1.51528262471988),
 .UNSPECIFIED.);
#1194=B_SPLINE_CURVE_WITH_KNOTS('',3,(#5845,#5846,#5847,#5848,#5849,#5850),
 .UNSPECIFIED.,.F.,.F.,(4,2,4),(1.51528262471988,1.5455188410272,1.68913250427998),
 .UNSPECIFIED.);
#1195=VERTEX_POINT('',#4381);
#1196=VERTEX_POINT('',#4382);
#1197=VERTEX_POINT('',#4389);
#1198=VERTEX_POINT('',#4391);
#1199=VERTEX_POINT('',#4398);
#1200=VERTEX_POINT('',#4400);
#1201=VERTEX_POINT('',#4404);
#1202=VERTEX_POINT('',#4406);
#1203=VERTEX_POINT('',#4410);
#1204=VERTEX_POINT('',#4412);
#1205=VERTEX_POINT('',#4416);
#1206=VERTEX_POINT('',#4418);
#1207=VERTEX_POINT('',#4422);
#1208=VERTEX_POINT('',#4424);
#1209=VERTEX_POINT('',#4428);
#1210=VERTEX_POINT('',#4429);
#1211=VERTEX_POINT('',#4431);
#1212=VERTEX_POINT('',#4433);
#1213=VERTEX_POINT('',#4437);
#1214=VERTEX_POINT('',#4439);
#1215=VERTEX_POINT('',#4443);
#1216=VERTEX_POINT('',#4445);
#1217=VERTEX_POINT('',#4447);
#1218=VERTEX_POINT('',#4449);
#1219=VERTEX_POINT('',#4451);
#1220=VERTEX_POINT('',#4453);
#1221=VERTEX_POINT('',#4457);
#1222=VERTEX_POINT('',#4461);
#1223=VERTEX_POINT('',#4464);
#1224=VERTEX_POINT('',#4466);
#1225=VERTEX_POINT('',#4468);
#1226=VERTEX_POINT('',#4470);
#1227=VERTEX_POINT('',#4472);
#1228=VERTEX_POINT('',#4474);
#1229=VERTEX_POINT('',#4476);
#1230=VERTEX_POINT('',#4487);
#1231=VERTEX_POINT('',#4492);
#1232=VERTEX_POINT('',#4498);
#1233=VERTEX_POINT('',#4500);
#1234=VERTEX_POINT('',#4502);
#1235=VERTEX_POINT('',#4504);
#1236=VERTEX_POINT('',#4528);
#1237=VERTEX_POINT('',#4530);
#1238=VERTEX_POINT('',#4535);
#1239=VERTEX_POINT('',#4539);
#1240=VERTEX_POINT('',#4540);
#1241=VERTEX_POINT('',#4542);
#1242=VERTEX_POINT('',#4546);
#1243=VERTEX_POINT('',#4547);
#1244=VERTEX_POINT('',#4549);
#1245=VERTEX_POINT('',#4553);
#1246=VERTEX_POINT('',#4554);
#1247=VERTEX_POINT('',#4556);
#1248=VERTEX_POINT('',#4558);
#1249=VERTEX_POINT('',#4573);
#1250=VERTEX_POINT('',#4574);
#1251=VERTEX_POINT('',#4579);
#1252=VERTEX_POINT('',#4583);
#1253=VERTEX_POINT('',#4584);
#1254=VERTEX_POINT('',#4589);
#1255=VERTEX_POINT('',#4590);
#1256=VERTEX_POINT('',#4600);
#1257=VERTEX_POINT('',#4601);
#1258=VERTEX_POINT('',#4603);
#1259=VERTEX_POINT('',#4610);
#1260=VERTEX_POINT('',#4612);
#1261=VERTEX_POINT('',#4618);
#1262=VERTEX_POINT('',#4626);
#1263=VERTEX_POINT('',#4628);
#1264=VERTEX_POINT('',#4632);
#1265=VERTEX_POINT('',#4633);
#1266=VERTEX_POINT('',#4635);
#1267=VERTEX_POINT('',#4639);
#1268=VERTEX_POINT('',#4640);
#1269=VERTEX_POINT('',#4642);
#1270=VERTEX_POINT('',#4646);
#1271=VERTEX_POINT('',#4647);
#1272=VERTEX_POINT('',#4652);
#1273=VERTEX_POINT('',#4653);
#1274=VERTEX_POINT('',#4663);
#1275=VERTEX_POINT('',#4664);
#1276=VERTEX_POINT('',#4669);
#1277=VERTEX_POINT('',#4676);
#1278=VERTEX_POINT('',#4677);
#1279=VERTEX_POINT('',#4682);
#1280=VERTEX_POINT('',#4686);
#1281=VERTEX_POINT('',#4687);
#1282=VERTEX_POINT('',#4689);
#1283=VERTEX_POINT('',#4691);
#1284=VERTEX_POINT('',#4703);
#1285=VERTEX_POINT('',#4707);
#1286=VERTEX_POINT('',#4737);
#1287=VERTEX_POINT('',#4739);
#1288=VERTEX_POINT('',#4781);
#1289=VERTEX_POINT('',#4822);
#1290=VERTEX_POINT('',#4824);
#1291=VERTEX_POINT('',#4852);
#1292=VERTEX_POINT('',#4853);
#1293=VERTEX_POINT('',#4855);
#1294=VERTEX_POINT('',#4857);
#1295=VERTEX_POINT('',#4875);
#1296=VERTEX_POINT('',#4876);
#1297=VERTEX_POINT('',#4879);
#1298=VERTEX_POINT('',#4881);
#1299=VERTEX_POINT('',#4883);
#1300=VERTEX_POINT('',#4885);
#1301=VERTEX_POINT('',#4887);
#1302=VERTEX_POINT('',#4889);
#1303=VERTEX_POINT('',#4891);
#1304=VERTEX_POINT('',#4893);
#1305=VERTEX_POINT('',#4897);
#1306=VERTEX_POINT('',#4898);
#1307=VERTEX_POINT('',#4901);
#1308=VERTEX_POINT('',#4903);
#1309=VERTEX_POINT('',#4905);
#1310=VERTEX_POINT('',#4907);
#1311=VERTEX_POINT('',#4911);
#1312=VERTEX_POINT('',#4913);
#1313=VERTEX_POINT('',#4915);
#1314=VERTEX_POINT('',#4917);
#1315=VERTEX_POINT('',#4919);
#1316=VERTEX_POINT('',#4921);
#1317=VERTEX_POINT('',#4923);
#1318=VERTEX_POINT('',#4926);
#1319=VERTEX_POINT('',#4928);
#1320=VERTEX_POINT('',#4930);
#1321=VERTEX_POINT('',#4932);
#1322=VERTEX_POINT('',#4934);
#1323=VERTEX_POINT('',#4936);
#1324=VERTEX_POINT('',#4938);
#1325=VERTEX_POINT('',#4941);
#1326=VERTEX_POINT('',#4943);
#1327=VERTEX_POINT('',#4946);
#1328=VERTEX_POINT('',#4948);
#1329=VERTEX_POINT('',#4950);
#1330=VERTEX_POINT('',#4952);
#1331=VERTEX_POINT('',#4954);
#1332=VERTEX_POINT('',#4956);
#1333=VERTEX_POINT('',#4958);
#1334=VERTEX_POINT('',#4960);
#1335=VERTEX_POINT('',#4964);
#1336=VERTEX_POINT('',#4966);
#1337=VERTEX_POINT('',#4974);
#1338=VERTEX_POINT('',#4975);
#1339=VERTEX_POINT('',#4980);
#1340=VERTEX_POINT('',#4984);
#1341=VERTEX_POINT('',#4986);
#1342=VERTEX_POINT('',#4990);
#1343=VERTEX_POINT('',#4992);
#1344=VERTEX_POINT('',#4996);
#1345=VERTEX_POINT('',#4997);
#1346=VERTEX_POINT('',#5002);
#1347=VERTEX_POINT('',#5005);
#1348=VERTEX_POINT('',#5007);
#1349=VERTEX_POINT('',#5011);
#1350=VERTEX_POINT('',#5026);
#1351=VERTEX_POINT('',#5028);
#1352=VERTEX_POINT('',#5030);
#1353=VERTEX_POINT('',#5042);
#1354=VERTEX_POINT('',#5044);
#1355=VERTEX_POINT('',#5046);
#1356=VERTEX_POINT('',#5052);
#1357=VERTEX_POINT('',#5057);
#1358=VERTEX_POINT('',#5067);
#1359=VERTEX_POINT('',#5069);
#1360=VERTEX_POINT('',#5071);
#1361=VERTEX_POINT('',#5075);
#1362=VERTEX_POINT('',#5076);
#1363=VERTEX_POINT('',#5078);
#1364=VERTEX_POINT('',#5082);
#1365=VERTEX_POINT('',#5087);
#1366=VERTEX_POINT('',#5088);
#1367=VERTEX_POINT('',#5098);
#1368=VERTEX_POINT('',#5102);
#1369=VERTEX_POINT('',#5104);
#1370=VERTEX_POINT('',#5111);
#1371=VERTEX_POINT('',#5127);
#1372=VERTEX_POINT('',#5129);
#1373=VERTEX_POINT('',#5136);
#1374=VERTEX_POINT('',#5140);
#1375=VERTEX_POINT('',#5144);
#1376=VERTEX_POINT('',#5146);
#1377=VERTEX_POINT('',#5155);
#1378=VERTEX_POINT('',#5157);
#1379=VERTEX_POINT('',#5159);
#1380=VERTEX_POINT('',#5161);
#1381=VERTEX_POINT('',#5163);
#1382=VERTEX_POINT('',#5165);
#1383=VERTEX_POINT('',#5167);
#1384=VERTEX_POINT('',#5169);
#1385=VERTEX_POINT('',#5171);
#1386=VERTEX_POINT('',#5173);
#1387=VERTEX_POINT('',#5188);
#1388=VERTEX_POINT('',#5190);
#1389=VERTEX_POINT('',#5192);
#1390=VERTEX_POINT('',#5194);
#1391=VERTEX_POINT('',#5209);
#1392=VERTEX_POINT('',#5211);
#1393=VERTEX_POINT('',#5213);
#1394=VERTEX_POINT('',#5215);
#1395=VERTEX_POINT('',#5217);
#1396=VERTEX_POINT('',#5219);
#1397=VERTEX_POINT('',#5221);
#1398=VERTEX_POINT('',#5223);
#1399=VERTEX_POINT('',#5226);
#1400=VERTEX_POINT('',#5227);
#1401=VERTEX_POINT('',#5229);
#1402=VERTEX_POINT('',#5231);
#1403=VERTEX_POINT('',#5233);
#1404=VERTEX_POINT('',#5235);
#1405=VERTEX_POINT('',#5238);
#1406=VERTEX_POINT('',#5239);
#1407=VERTEX_POINT('',#5241);
#1408=VERTEX_POINT('',#5243);
#1409=VERTEX_POINT('',#5245);
#1410=VERTEX_POINT('',#5247);
#1411=VERTEX_POINT('',#5251);
#1412=VERTEX_POINT('',#5253);
#1413=VERTEX_POINT('',#5266);
#1414=VERTEX_POINT('',#5268);
#1415=VERTEX_POINT('',#5281);
#1416=VERTEX_POINT('',#5282);
#1417=VERTEX_POINT('',#5285);
#1418=VERTEX_POINT('',#5289);
#1419=VERTEX_POINT('',#5291);
#1420=VERTEX_POINT('',#5293);
#1421=VERTEX_POINT('',#5297);
#1422=VERTEX_POINT('',#5299);
#1423=VERTEX_POINT('',#5303);
#1424=VERTEX_POINT('',#5304);
#1425=VERTEX_POINT('',#5365);
#1426=VERTEX_POINT('',#5428);
#1427=VERTEX_POINT('',#5455);
#1428=VERTEX_POINT('',#5485);
#1429=VERTEX_POINT('',#5521);
#1430=VERTEX_POINT('',#5522);
#1431=VERTEX_POINT('',#5585);
#1432=VERTEX_POINT('',#5587);
#1433=VERTEX_POINT('',#5589);
#1434=VERTEX_POINT('',#5591);
#1435=VERTEX_POINT('',#5595);
#1436=VERTEX_POINT('',#5596);
#1437=VERTEX_POINT('',#5598);
#1438=VERTEX_POINT('',#5600);
#1439=VERTEX_POINT('',#5658);
#1440=VERTEX_POINT('',#5663);
#1441=VERTEX_POINT('',#5668);
#1442=VERTEX_POINT('',#5670);
#1443=VERTEX_POINT('',#5734);
#1444=VERTEX_POINT('',#5743);
#1445=VERTEX_POINT('',#5747);
#1446=VERTEX_POINT('',#5754);
#1447=VERTEX_POINT('',#5767);
#1448=VERTEX_POINT('',#5776);
#1449=VERTEX_POINT('',#5778);
#1450=VERTEX_POINT('',#5780);
#1451=VERTEX_POINT('',#5784);
#1452=VERTEX_POINT('',#5786);
#1453=VERTEX_POINT('',#5788);
#1454=VERTEX_POINT('',#5790);
#1455=VERTEX_POINT('',#5792);
#1456=VERTEX_POINT('',#5794);
#1457=VERTEX_POINT('',#5796);
#1458=VERTEX_POINT('',#5799);
#1459=VERTEX_POINT('',#5801);
#1460=VERTEX_POINT('',#5803);
#1461=VERTEX_POINT('',#5805);
#1462=VERTEX_POINT('',#5807);
#1463=VERTEX_POINT('',#5818);
#1464=VERTEX_POINT('',#5820);
#1465=VERTEX_POINT('',#5824);
#1466=VERTEX_POINT('',#5826);
#1467=VERTEX_POINT('',#5828);
#1468=VERTEX_POINT('',#5831);
#1469=VERTEX_POINT('',#5840);
#1470=VERTEX_POINT('',#5880);
#1471=VERTEX_POINT('',#5882);
#1472=VERTEX_POINT('',#5889);
#1473=VERTEX_POINT('',#5891);
#1474=VERTEX_POINT('',#5910);
#1475=VERTEX_POINT('',#5911);
#1476=VERTEX_POINT('',#5916);
#1477=VERTEX_POINT('',#5920);
#1478=VERTEX_POINT('',#5924);
#1479=VERTEX_POINT('',#5933);
#1480=VERTEX_POINT('',#5937);
#1481=VERTEX_POINT('',#5941);
#1482=VERTEX_POINT('',#5945);
#1483=VERTEX_POINT('',#5949);
#1484=VERTEX_POINT('',#5953);
#1485=EDGE_CURVE('',#1195,#1196,#1154,.F.);
#1486=EDGE_CURVE('',#1195,#1197,#648,.T.);
#1487=EDGE_CURVE('',#1197,#1198,#1155,.T.);
#1488=EDGE_CURVE('',#1198,#1199,#511,.T.);
#1489=EDGE_CURVE('',#1199,#1200,#649,.T.);
#1490=EDGE_CURVE('',#1196,#1200,#512,.F.);
#1491=EDGE_CURVE('',#1201,#1199,#650,.T.);
#1492=EDGE_CURVE('',#1202,#1201,#651,.T.);
#1493=EDGE_CURVE('',#1200,#1202,#652,.T.);
#1494=EDGE_CURVE('',#1201,#1203,#513,.T.);
#1495=EDGE_CURVE('',#1203,#1204,#653,.T.);
#1496=EDGE_CURVE('',#1204,#1202,#514,.T.);
#1497=EDGE_CURVE('',#1205,#1203,#654,.T.);
#1498=EDGE_CURVE('',#1206,#1205,#655,.T.);
#1499=EDGE_CURVE('',#1204,#1206,#656,.T.);
#1500=EDGE_CURVE('',#1207,#1198,#657,.T.);
#1501=EDGE_CURVE('',#1208,#1207,#658,.T.);
#1502=EDGE_CURVE('',#1208,#1205,#515,.T.);
#1503=EDGE_CURVE('',#1209,#1210,#516,.T.);
#1504=EDGE_CURVE('',#1210,#1211,#659,.T.);
#1505=EDGE_CURVE('',#1211,#1212,#517,.T.);
#1506=EDGE_CURVE('',#1212,#1209,#660,.T.);
#1507=EDGE_CURVE('',#1213,#1210,#661,.T.);
#1508=EDGE_CURVE('',#1214,#1213,#662,.T.);
#1509=EDGE_CURVE('',#1211,#1214,#663,.T.);
#1510=EDGE_CURVE('',#1209,#1215,#664,.T.);
#1511=EDGE_CURVE('',#1215,#1216,#518,.T.);
#1512=EDGE_CURVE('',#1217,#1216,#665,.T.);
#1513=EDGE_CURVE('',#1217,#1218,#666,.T.);
#1514=EDGE_CURVE('',#1219,#1218,#519,.T.);
#1515=EDGE_CURVE('',#1219,#1220,#667,.T.);
#1516=EDGE_CURVE('',#1213,#1220,#520,.T.);
#1517=EDGE_CURVE('',#1220,#1221,#668,.T.);
#1518=EDGE_CURVE('',#1221,#1214,#521,.T.);
#1519=EDGE_CURVE('',#1206,#1222,#522,.T.);
#1520=EDGE_CURVE('',#1222,#1212,#669,.T.);
#1521=EDGE_CURVE('',#1221,#1223,#670,.T.);
#1522=EDGE_CURVE('',#1224,#1223,#523,.T.);
#1523=EDGE_CURVE('',#1225,#1224,#671,.T.);
#1524=EDGE_CURVE('',#1226,#1225,#524,.T.);
#1525=EDGE_CURVE('',#1227,#1226,#672,.T.);
#1526=EDGE_CURVE('',#1228,#1227,#673,.T.);
#1527=EDGE_CURVE('',#1229,#1228,#1156,.T.);
#1528=EDGE_CURVE('',#1230,#1229,#1157,.T.);
#1529=EDGE_CURVE('',#1231,#1230,#1158,.T.);
#1530=EDGE_CURVE('',#1231,#1232,#674,.T.);
#1531=EDGE_CURVE('',#1233,#1232,#675,.T.);
#1532=EDGE_CURVE('',#1234,#1233,#676,.T.);
#1533=EDGE_CURVE('',#1235,#1234,#677,.T.);
#1534=EDGE_CURVE('',#1196,#1235,#678,.T.);
#1535=EDGE_CURVE('',#1223,#1219,#679,.T.);
#1536=EDGE_CURVE('',#1218,#1224,#680,.T.);
#1537=EDGE_CURVE('',#1216,#1208,#1159,.T.);
#1538=EDGE_CURVE('',#1222,#1215,#681,.T.);
#1539=EDGE_CURVE('',#1236,#1195,#51,.T.);
#1540=EDGE_CURVE('',#1236,#1237,#682,.T.);
#1541=EDGE_CURVE('',#1237,#1197,#52,.F.);
#1542=EDGE_CURVE('',#1238,#1217,#53,.T.);
#1543=EDGE_CURVE('',#1225,#1238,#683,.T.);
#1544=EDGE_CURVE('',#1239,#1240,#525,.F.);
#1545=EDGE_CURVE('',#1241,#1239,#526,.F.);
#1546=EDGE_CURVE('',#1240,#1241,#527,.F.);
#1547=EDGE_CURVE('',#1242,#1243,#528,.F.);
#1548=EDGE_CURVE('',#1244,#1242,#529,.F.);
#1549=EDGE_CURVE('',#1243,#1244,#530,.F.);
#1550=EDGE_CURVE('',#1245,#1246,#531,.T.);
#1551=EDGE_CURVE('',#1246,#1247,#532,.T.);
#1552=EDGE_CURVE('',#1247,#1248,#1160,.F.);
#1553=EDGE_CURVE('',#1248,#1245,#533,.T.);
#1554=EDGE_CURVE('',#1242,#1246,#684,.T.);
#1555=EDGE_CURVE('',#1245,#1244,#685,.T.);
#1556=EDGE_CURVE('',#1244,#1241,#686,.T.);
#1557=EDGE_CURVE('',#1239,#1243,#687,.T.);
#1558=EDGE_CURVE('',#1249,#1250,#534,.T.);
#1559=EDGE_CURVE('',#1250,#1242,#688,.T.);
#1560=EDGE_CURVE('',#1243,#1249,#689,.T.);
#1561=EDGE_CURVE('',#1249,#1251,#535,.T.);
#1562=EDGE_CURVE('',#1251,#1250,#536,.T.);
#1563=EDGE_CURVE('',#1252,#1253,#537,.T.);
#1564=EDGE_CURVE('',#1253,#1240,#690,.T.);
#1565=EDGE_CURVE('',#1241,#1252,#691,.T.);
#1566=EDGE_CURVE('',#1254,#1255,#1161,.F.);
#1567=EDGE_CURVE('',#1255,#1253,#538,.T.);
#1568=EDGE_CURVE('',#1252,#1254,#539,.T.);
#1569=EDGE_CURVE('',#1256,#1257,#540,.T.);
#1570=EDGE_CURVE('',#1257,#1258,#541,.T.);
#1571=EDGE_CURVE('',#1258,#1256,#542,.T.);
#1572=EDGE_CURVE('',#1256,#1239,#692,.T.);
#1573=EDGE_CURVE('',#1240,#1257,#693,.T.);
#1574=EDGE_CURVE('',#1246,#1259,#694,.T.);
#1575=EDGE_CURVE('',#1259,#1260,#543,.T.);
#1576=EDGE_CURVE('',#1260,#1247,#695,.T.);
#1577=EDGE_CURVE('',#1259,#1250,#696,.T.);
#1578=EDGE_CURVE('',#1251,#1261,#697,.T.);
#1579=EDGE_CURVE('',#1261,#1259,#54,.F.);
#1580=EDGE_CURVE('',#1249,#1256,#698,.T.);
#1581=EDGE_CURVE('',#1258,#1251,#699,.T.);
#1582=EDGE_CURVE('',#1257,#1262,#700,.T.);
#1583=EDGE_CURVE('',#1262,#1263,#55,.F.);
#1584=EDGE_CURVE('',#1263,#1258,#701,.T.);
#1585=EDGE_CURVE('',#1264,#1265,#544,.F.);
#1586=EDGE_CURVE('',#1266,#1264,#545,.F.);
#1587=EDGE_CURVE('',#1265,#1266,#546,.F.);
#1588=EDGE_CURVE('',#1267,#1268,#547,.F.);
#1589=EDGE_CURVE('',#1269,#1267,#548,.F.);
#1590=EDGE_CURVE('',#1268,#1269,#549,.F.);
#1591=EDGE_CURVE('',#1270,#1271,#550,.T.);
#1592=EDGE_CURVE('',#1271,#1269,#702,.T.);
#1593=EDGE_CURVE('',#1267,#1270,#703,.T.);
#1594=EDGE_CURVE('',#1272,#1273,#1162,.F.);
#1595=EDGE_CURVE('',#1273,#1271,#551,.T.);
#1596=EDGE_CURVE('',#1270,#1272,#552,.T.);
#1597=EDGE_CURVE('',#1274,#1275,#553,.T.);
#1598=EDGE_CURVE('',#1275,#1268,#704,.T.);
#1599=EDGE_CURVE('',#1269,#1274,#705,.T.);
#1600=EDGE_CURVE('',#1274,#1276,#554,.T.);
#1601=EDGE_CURVE('',#1276,#1275,#555,.T.);
#1602=EDGE_CURVE('',#1264,#1267,#706,.T.);
#1603=EDGE_CURVE('',#1268,#1266,#707,.T.);
#1604=EDGE_CURVE('',#1277,#1278,#556,.T.);
#1605=EDGE_CURVE('',#1278,#1265,#708,.T.);
#1606=EDGE_CURVE('',#1266,#1277,#709,.T.);
#1607=EDGE_CURVE('',#1277,#1279,#557,.T.);
#1608=EDGE_CURVE('',#1279,#1278,#558,.T.);
#1609=EDGE_CURVE('',#1280,#1281,#559,.T.);
#1610=EDGE_CURVE('',#1281,#1282,#560,.T.);
#1611=EDGE_CURVE('',#1282,#1283,#1163,.F.);
#1612=EDGE_CURVE('',#1283,#1280,#561,.T.);
#1613=EDGE_CURVE('',#1265,#1281,#710,.T.);
#1614=EDGE_CURVE('',#1280,#1264,#711,.T.);
#1615=EDGE_CURVE('',#1284,#1271,#712,.T.);
#1616=EDGE_CURVE('',#1274,#1284,#713,.T.);
#1617=EDGE_CURVE('',#1273,#1285,#714,.T.);
#1618=EDGE_CURVE('',#1285,#1284,#562,.T.);
#1619=EDGE_CURVE('',#1272,#1283,#715,.T.);
#1620=EDGE_CURVE('',#1286,#1262,#563,.T.);
#1621=EDGE_CURVE('',#1286,#1287,#56,.T.);
#1622=EDGE_CURVE('',#1263,#1287,#564,.T.);
#1623=EDGE_CURVE('',#1255,#1286,#716,.T.);
#1624=EDGE_CURVE('',#1262,#1253,#717,.T.);
#1625=EDGE_CURVE('',#1288,#1260,#57,.T.);
#1626=EDGE_CURVE('',#1288,#1261,#565,.T.);
#1627=EDGE_CURVE('',#1287,#1288,#718,.T.);
#1628=EDGE_CURVE('',#1261,#1263,#719,.T.);
#1629=EDGE_CURVE('',#1276,#1279,#720,.T.);
#1630=EDGE_CURVE('',#1277,#1275,#721,.T.);
#1631=EDGE_CURVE('',#1284,#1289,#58,.F.);
#1632=EDGE_CURVE('',#1285,#1290,#59,.T.);
#1633=EDGE_CURVE('',#1289,#1290,#566,.T.);
#1634=EDGE_CURVE('',#1291,#1292,#60,.T.);
#1635=EDGE_CURVE('',#1293,#1292,#567,.T.);
#1636=EDGE_CURVE('',#1294,#1293,#61,.F.);
#1637=EDGE_CURVE('',#1291,#1294,#568,.T.);
#1638=EDGE_CURVE('',#1281,#1293,#722,.T.);
#1639=EDGE_CURVE('',#1292,#1282,#723,.T.);
#1640=EDGE_CURVE('',#1279,#1294,#724,.T.);
#1641=EDGE_CURVE('',#1293,#1278,#725,.T.);
#1642=EDGE_CURVE('',#1290,#1291,#726,.T.);
#1643=EDGE_CURVE('',#1294,#1289,#727,.T.);
#1644=EDGE_CURVE('',#1289,#1276,#728,.T.);
#1645=EDGE_CURVE('',#1295,#1296,#569,.T.);
#1646=EDGE_CURVE('',#1295,#1236,#729,.T.);
#1647=EDGE_CURVE('',#1297,#1236,#730,.T.);
#1648=EDGE_CURVE('',#1298,#1297,#570,.T.);
#1649=EDGE_CURVE('',#1299,#1298,#731,.T.);
#1650=EDGE_CURVE('',#1300,#1299,#571,.T.);
#1651=EDGE_CURVE('',#1300,#1301,#732,.T.);
#1652=EDGE_CURVE('',#1302,#1301,#572,.T.);
#1653=EDGE_CURVE('',#1302,#1303,#733,.T.);
#1654=EDGE_CURVE('',#1304,#1303,#573,.T.);
#1655=EDGE_CURVE('',#1304,#1296,#734,.T.);
#1656=EDGE_CURVE('',#1305,#1306,#574,.T.);
#1657=EDGE_CURVE('',#1306,#1295,#735,.T.);
#1658=EDGE_CURVE('',#1296,#1307,#736,.T.);
#1659=EDGE_CURVE('',#1307,#1308,#575,.T.);
#1660=EDGE_CURVE('',#1308,#1309,#737,.T.);
#1661=EDGE_CURVE('',#1309,#1310,#576,.T.);
#1662=EDGE_CURVE('',#1310,#1305,#738,.T.);
#1663=EDGE_CURVE('',#1305,#1311,#739,.T.);
#1664=EDGE_CURVE('',#1312,#1311,#577,.T.);
#1665=EDGE_CURVE('',#1312,#1313,#740,.T.);
#1666=EDGE_CURVE('',#1314,#1313,#578,.T.);
#1667=EDGE_CURVE('',#1314,#1315,#741,.T.);
#1668=EDGE_CURVE('',#1316,#1315,#579,.T.);
#1669=EDGE_CURVE('',#1316,#1317,#742,.T.);
#1670=EDGE_CURVE('',#1234,#1317,#580,.T.);
#1671=EDGE_CURVE('',#1318,#1233,#743,.T.);
#1672=EDGE_CURVE('',#1318,#1319,#744,.T.);
#1673=EDGE_CURVE('',#1320,#1319,#581,.T.);
#1674=EDGE_CURVE('',#1320,#1321,#745,.T.);
#1675=EDGE_CURVE('',#1322,#1321,#582,.T.);
#1676=EDGE_CURVE('',#1323,#1322,#746,.T.);
#1677=EDGE_CURVE('',#1324,#1323,#583,.T.);
#1678=EDGE_CURVE('',#1324,#1306,#747,.T.);
#1679=EDGE_CURVE('',#1325,#1325,#584,.T.);
#1680=EDGE_CURVE('',#1326,#1326,#585,.T.);
#1681=EDGE_CURVE('',#1307,#1327,#748,.T.);
#1682=EDGE_CURVE('',#1328,#1327,#586,.T.);
#1683=EDGE_CURVE('',#1328,#1329,#749,.T.);
#1684=EDGE_CURVE('',#1330,#1329,#587,.T.);
#1685=EDGE_CURVE('',#1330,#1331,#750,.T.);
#1686=EDGE_CURVE('',#1332,#1331,#588,.T.);
#1687=EDGE_CURVE('',#1332,#1333,#751,.T.);
#1688=EDGE_CURVE('',#1333,#1334,#752,.T.);
#1689=EDGE_CURVE('',#1308,#1334,#753,.T.);
#1690=EDGE_CURVE('',#1315,#1335,#754,.T.);
#1691=EDGE_CURVE('',#1335,#1336,#589,.T.);
#1692=EDGE_CURVE('',#1336,#1332,#755,.T.);
#1693=EDGE_CURVE('',#1331,#1300,#756,.T.);
#1694=EDGE_CURVE('',#1299,#1316,#757,.T.);
#1695=EDGE_CURVE('',#1317,#1298,#758,.T.);
#1696=EDGE_CURVE('',#1337,#1338,#590,.T.);
#1697=EDGE_CURVE('',#1338,#1322,#759,.T.);
#1698=EDGE_CURVE('',#1321,#1337,#760,.T.);
#1699=EDGE_CURVE('',#1339,#1320,#761,.T.);
#1700=EDGE_CURVE('',#1339,#1337,#762,.T.);
#1701=EDGE_CURVE('',#1323,#1340,#763,.T.);
#1702=EDGE_CURVE('',#1340,#1341,#591,.T.);
#1703=EDGE_CURVE('',#1341,#1324,#764,.T.);
#1704=EDGE_CURVE('',#1342,#1341,#765,.T.);
#1705=EDGE_CURVE('',#1343,#1342,#766,.T.);
#1706=EDGE_CURVE('',#1237,#1343,#767,.T.);
#1707=EDGE_CURVE('',#1344,#1345,#592,.T.);
#1708=EDGE_CURVE('',#1345,#1312,#768,.T.);
#1709=EDGE_CURVE('',#1311,#1344,#769,.T.);
#1710=EDGE_CURVE('',#1346,#1345,#770,.T.);
#1711=EDGE_CURVE('',#1334,#1346,#771,.T.);
#1712=EDGE_CURVE('',#1347,#1333,#772,.T.);
#1713=EDGE_CURVE('',#1348,#1347,#773,.T.);
#1714=EDGE_CURVE('',#1313,#1348,#774,.T.);
#1715=EDGE_CURVE('',#1348,#1349,#593,.T.);
#1716=EDGE_CURVE('',#1349,#1314,#775,.T.);
#1717=EDGE_CURVE('',#1335,#1349,#776,.T.);
#1718=EDGE_CURVE('',#1235,#1297,#1164,.T.);
#1719=EDGE_CURVE('',#1342,#1350,#62,.F.);
#1720=EDGE_CURVE('',#1342,#1351,#777,.T.);
#1721=EDGE_CURVE('',#1351,#1352,#1165,.T.);
#1722=EDGE_CURVE('',#1352,#1350,#778,.T.);
#1723=EDGE_CURVE('',#1319,#1352,#779,.T.);
#1724=EDGE_CURVE('',#1353,#1318,#780,.T.);
#1725=EDGE_CURVE('',#1354,#1353,#781,.T.);
#1726=EDGE_CURVE('',#1355,#1354,#1166,.T.);
#1727=EDGE_CURVE('',#1356,#1355,#1167,.T.);
#1728=EDGE_CURVE('',#1357,#1356,#1168,.T.);
#1729=EDGE_CURVE('',#1358,#1357,#782,.T.);
#1730=EDGE_CURVE('',#1359,#1358,#783,.T.);
#1731=EDGE_CURVE('',#1360,#1359,#594,.T.);
#1732=EDGE_CURVE('',#1350,#1360,#784,.T.);
#1733=EDGE_CURVE('',#1361,#1362,#595,.F.);
#1734=EDGE_CURVE('',#1363,#1361,#596,.F.);
#1735=EDGE_CURVE('',#1362,#1363,#597,.F.);
#1736=EDGE_CURVE('',#1343,#1364,#63,.T.);
#1737=EDGE_CURVE('',#1364,#1363,#785,.T.);
#1738=EDGE_CURVE('',#1361,#1343,#786,.T.);
#1739=EDGE_CURVE('',#1365,#1366,#1169,.F.);
#1740=EDGE_CURVE('',#1365,#1362,#787,.T.);
#1741=EDGE_CURVE('',#1363,#1367,#788,.T.);
#1742=EDGE_CURVE('',#1366,#1367,#64,.F.);
#1743=EDGE_CURVE('',#1368,#1207,#598,.F.);
#1744=EDGE_CURVE('',#1369,#1368,#599,.F.);
#1745=EDGE_CURVE('',#1207,#1369,#600,.F.);
#1746=EDGE_CURVE('',#1362,#1369,#789,.T.);
#1747=EDGE_CURVE('',#1368,#1361,#790,.T.);
#1748=EDGE_CURVE('',#1369,#1370,#791,.T.);
#1749=EDGE_CURVE('',#1370,#1238,#1170,.T.);
#1750=EDGE_CURVE('',#1237,#1368,#792,.T.);
#1751=EDGE_CURVE('',#1364,#1367,#793,.T.);
#1752=EDGE_CURVE('',#1232,#1371,#65,.T.);
#1753=EDGE_CURVE('',#1371,#1372,#1171,.T.);
#1754=EDGE_CURVE('',#1372,#1373,#794,.T.);
#1755=EDGE_CURVE('',#1373,#1233,#66,.T.);
#1756=EDGE_CURVE('',#1373,#1374,#795,.T.);
#1757=EDGE_CURVE('',#1374,#1318,#67,.T.);
#1758=EDGE_CURVE('',#1374,#1375,#796,.T.);
#1759=EDGE_CURVE('',#1375,#1376,#1172,.T.);
#1760=EDGE_CURVE('',#1376,#1353,#68,.T.);
#1761=EDGE_CURVE('',#1377,#1372,#601,.T.);
#1762=EDGE_CURVE('',#1377,#1378,#602,.T.);
#1763=EDGE_CURVE('',#1378,#1379,#797,.T.);
#1764=EDGE_CURVE('',#1379,#1380,#603,.T.);
#1765=EDGE_CURVE('',#1380,#1381,#798,.T.);
#1766=EDGE_CURVE('',#1381,#1382,#604,.T.);
#1767=EDGE_CURVE('',#1382,#1383,#799,.T.);
#1768=EDGE_CURVE('',#1383,#1384,#605,.T.);
#1769=EDGE_CURVE('',#1384,#1385,#606,.T.);
#1770=EDGE_CURVE('',#1386,#1385,#1173,.T.);
#1771=EDGE_CURVE('',#1387,#1386,#800,.T.);
#1772=EDGE_CURVE('',#1388,#1387,#607,.T.);
#1773=EDGE_CURVE('',#1389,#1388,#801,.T.);
#1774=EDGE_CURVE('',#1390,#1389,#1174,.T.);
#1775=EDGE_CURVE('',#1390,#1391,#608,.T.);
#1776=EDGE_CURVE('',#1391,#1392,#609,.T.);
#1777=EDGE_CURVE('',#1392,#1393,#802,.T.);
#1778=EDGE_CURVE('',#1393,#1394,#610,.T.);
#1779=EDGE_CURVE('',#1394,#1395,#803,.T.);
#1780=EDGE_CURVE('',#1395,#1396,#611,.T.);
#1781=EDGE_CURVE('',#1396,#1397,#804,.T.);
#1782=EDGE_CURVE('',#1397,#1398,#612,.T.);
#1783=EDGE_CURVE('',#1375,#1398,#613,.T.);
#1784=EDGE_CURVE('',#1399,#1400,#805,.T.);
#1785=EDGE_CURVE('',#1400,#1401,#806,.T.);
#1786=EDGE_CURVE('',#1401,#1402,#807,.T.);
#1787=EDGE_CURVE('',#1402,#1403,#808,.T.);
#1788=EDGE_CURVE('',#1403,#1404,#809,.T.);
#1789=EDGE_CURVE('',#1404,#1399,#810,.T.);
#1790=EDGE_CURVE('',#1405,#1406,#811,.T.);
#1791=EDGE_CURVE('',#1406,#1407,#812,.T.);
#1792=EDGE_CURVE('',#1407,#1408,#813,.T.);
#1793=EDGE_CURVE('',#1408,#1409,#814,.T.);
#1794=EDGE_CURVE('',#1409,#1410,#815,.T.);
#1795=EDGE_CURVE('',#1410,#1405,#816,.T.);
#1796=EDGE_CURVE('',#1371,#1411,#817,.T.);
#1797=EDGE_CURVE('',#1412,#1411,#1175,.T.);
#1798=EDGE_CURVE('',#1412,#1413,#69,.T.);
#1799=EDGE_CURVE('',#1414,#1413,#614,.F.);
#1800=EDGE_CURVE('',#1414,#1377,#818,.T.);
#1801=EDGE_CURVE('',#1411,#1231,#1176,.T.);
#1802=EDGE_CURVE('',#1415,#1416,#819,.T.);
#1803=EDGE_CURVE('',#1416,#1228,#615,.T.);
#1804=EDGE_CURVE('',#1227,#1417,#616,.T.);
#1805=EDGE_CURVE('',#1417,#1415,#70,.T.);
#1806=EDGE_CURVE('',#1357,#1418,#617,.T.);
#1807=EDGE_CURVE('',#1418,#1419,#820,.T.);
#1808=EDGE_CURVE('',#1419,#1420,#71,.T.);
#1809=EDGE_CURVE('',#1420,#1358,#618,.T.);
#1810=EDGE_CURVE('',#1419,#1421,#821,.T.);
#1811=EDGE_CURVE('',#1421,#1422,#619,.T.);
#1812=EDGE_CURVE('',#1422,#1420,#822,.T.);
#1813=EDGE_CURVE('',#1423,#1424,#620,.T.);
#1814=EDGE_CURVE('',#1424,#1422,#621,.T.);
#1815=EDGE_CURVE('',#1421,#1423,#622,.T.);
#1816=EDGE_CURVE('',#1417,#1424,#823,.T.);
#1817=EDGE_CURVE('',#1423,#1415,#824,.T.);
#1818=EDGE_CURVE('',#1356,#1425,#623,.T.);
#1819=EDGE_CURVE('',#1425,#1418,#72,.T.);
#1820=EDGE_CURVE('',#1426,#1229,#624,.T.);
#1821=EDGE_CURVE('',#1416,#1426,#73,.T.);
#1822=EDGE_CURVE('',#1355,#1427,#625,.T.);
#1823=EDGE_CURVE('',#1427,#1425,#1177,.T.);
#1824=EDGE_CURVE('',#1428,#1230,#626,.T.);
#1825=EDGE_CURVE('',#1428,#1426,#1178,.F.);
#1826=EDGE_CURVE('',#1429,#1430,#1179,.T.);
#1827=EDGE_CURVE('',#1430,#1427,#1180,.T.);
#1828=EDGE_CURVE('',#1354,#1429,#1181,.T.);
#1829=EDGE_CURVE('',#1428,#1412,#1182,.T.);
#1830=EDGE_CURVE('',#1359,#1365,#825,.T.);
#1831=EDGE_CURVE('',#1370,#1226,#826,.T.);
#1832=EDGE_CURVE('',#1418,#1431,#74,.T.);
#1833=EDGE_CURVE('',#1432,#1431,#827,.T.);
#1834=EDGE_CURVE('',#1433,#1432,#828,.T.);
#1835=EDGE_CURVE('',#1434,#1433,#829,.T.);
#1836=EDGE_CURVE('',#1421,#1434,#830,.T.);
#1837=EDGE_CURVE('',#1435,#1436,#627,.T.);
#1838=EDGE_CURVE('',#1436,#1437,#831,.T.);
#1839=EDGE_CURVE('',#1437,#1438,#75,.T.);
#1840=EDGE_CURVE('',#1438,#1435,#832,.T.);
#1841=EDGE_CURVE('',#1385,#1436,#1183,.T.);
#1842=EDGE_CURVE('',#1435,#1386,#1184,.T.);
#1843=EDGE_CURVE('',#1435,#1439,#833,.T.);
#1844=EDGE_CURVE('',#1439,#1387,#628,.T.);
#1845=EDGE_CURVE('',#1423,#1439,#834,.T.);
#1846=EDGE_CURVE('',#1440,#1438,#835,.T.);
#1847=EDGE_CURVE('',#1440,#1416,#76,.T.);
#1848=EDGE_CURVE('',#1254,#1248,#836,.T.);
#1849=EDGE_CURVE('',#1441,#1433,#629,.T.);
#1850=EDGE_CURVE('',#1432,#1442,#77,.T.);
#1851=EDGE_CURVE('',#1442,#1441,#837,.T.);
#1852=EDGE_CURVE('',#1389,#1433,#1185,.T.);
#1853=EDGE_CURVE('',#1441,#1390,#1186,.T.);
#1854=EDGE_CURVE('',#1443,#1442,#1187,.T.);
#1855=EDGE_CURVE('',#1444,#1443,#630,.T.);
#1856=EDGE_CURVE('',#1444,#1391,#838,.T.);
#1857=EDGE_CURVE('',#1445,#1428,#1188,.F.);
#1858=EDGE_CURVE('',#1446,#1445,#1189,.F.);
#1859=EDGE_CURVE('',#1440,#1446,#1190,.F.);
#1860=EDGE_CURVE('',#1437,#1447,#1191,.T.);
#1861=EDGE_CURVE('',#1447,#1448,#839,.T.);
#1862=EDGE_CURVE('',#1449,#1448,#78,.F.);
#1863=EDGE_CURVE('',#1450,#1449,#79,.F.);
#1864=EDGE_CURVE('',#1450,#1413,#840,.T.);
#1865=EDGE_CURVE('',#1447,#1451,#631,.T.);
#1866=EDGE_CURVE('',#1452,#1451,#632,.T.);
#1867=EDGE_CURVE('',#1452,#1453,#841,.T.);
#1868=EDGE_CURVE('',#1454,#1453,#633,.T.);
#1869=EDGE_CURVE('',#1454,#1455,#842,.T.);
#1870=EDGE_CURVE('',#1456,#1455,#634,.T.);
#1871=EDGE_CURVE('',#1456,#1457,#843,.T.);
#1872=EDGE_CURVE('',#1414,#1457,#635,.T.);
#1873=EDGE_CURVE('',#1458,#1450,#844,.T.);
#1874=EDGE_CURVE('',#1459,#1458,#845,.T.);
#1875=EDGE_CURVE('',#1460,#1459,#846,.T.);
#1876=EDGE_CURVE('',#1461,#1460,#847,.T.);
#1877=EDGE_CURVE('',#1462,#1461,#848,.T.);
#1878=EDGE_CURVE('',#1448,#1462,#849,.T.);
#1879=EDGE_CURVE('',#1434,#1388,#636,.T.);
#1880=EDGE_CURVE('',#1439,#1434,#637,.T.);
#1881=EDGE_CURVE('',#1429,#1376,#850,.T.);
#1882=EDGE_CURVE('',#1398,#1463,#851,.T.);
#1883=EDGE_CURVE('',#1463,#1464,#638,.T.);
#1884=EDGE_CURVE('',#1430,#1464,#80,.F.);
#1885=EDGE_CURVE('',#1464,#1465,#852,.T.);
#1886=EDGE_CURVE('',#1466,#1465,#81,.F.);
#1887=EDGE_CURVE('',#1467,#1466,#82,.F.);
#1888=EDGE_CURVE('',#1467,#1443,#853,.T.);
#1889=EDGE_CURVE('',#1431,#1468,#1192,.T.);
#1890=EDGE_CURVE('',#1468,#1469,#1193,.T.);
#1891=EDGE_CURVE('',#1469,#1427,#1194,.T.);
#1892=EDGE_CURVE('',#1351,#1339,#639,.T.);
#1893=EDGE_CURVE('',#1366,#1360,#854,.T.);
#1894=EDGE_CURVE('',#1303,#1328,#855,.T.);
#1895=EDGE_CURVE('',#1327,#1304,#856,.T.);
#1896=EDGE_CURVE('',#1329,#1302,#857,.T.);
#1897=EDGE_CURVE('',#1301,#1330,#858,.T.);
#1898=EDGE_CURVE('',#1336,#1347,#859,.T.);
#1899=EDGE_CURVE('',#1309,#1346,#860,.T.);
#1900=EDGE_CURVE('',#1310,#1344,#861,.T.);
#1901=EDGE_CURVE('',#1338,#1340,#862,.T.);
#1902=EDGE_CURVE('',#1470,#1470,#640,.T.);
#1903=EDGE_CURVE('',#1471,#1471,#641,.T.);
#1904=EDGE_CURVE('',#1446,#1470,#863,.T.);
#1905=EDGE_CURVE('',#1471,#1326,#864,.T.);
#1906=EDGE_CURVE('',#1472,#1472,#642,.T.);
#1907=EDGE_CURVE('',#1473,#1473,#643,.T.);
#1908=EDGE_CURVE('',#1468,#1472,#865,.T.);
#1909=EDGE_CURVE('',#1473,#1325,#866,.T.);
#1910=EDGE_CURVE('',#1449,#1399,#867,.T.);
#1911=EDGE_CURVE('',#1458,#1404,#868,.T.);
#1912=EDGE_CURVE('',#1459,#1403,#869,.T.);
#1913=EDGE_CURVE('',#1460,#1402,#870,.T.);
#1914=EDGE_CURVE('',#1461,#1401,#871,.T.);
#1915=EDGE_CURVE('',#1462,#1400,#872,.T.);
#1916=EDGE_CURVE('',#1474,#1475,#873,.T.);
#1917=EDGE_CURVE('',#1475,#1405,#874,.T.);
#1918=EDGE_CURVE('',#1474,#1410,#875,.T.);
#1919=EDGE_CURVE('',#1476,#1474,#876,.T.);
#1920=EDGE_CURVE('',#1476,#1409,#877,.T.);
#1921=EDGE_CURVE('',#1477,#1476,#878,.T.);
#1922=EDGE_CURVE('',#1477,#1408,#879,.T.);
#1923=EDGE_CURVE('',#1478,#1477,#880,.T.);
#1924=EDGE_CURVE('',#1478,#1407,#881,.T.);
#1925=EDGE_CURVE('',#1465,#1478,#882,.T.);
#1926=EDGE_CURVE('',#1466,#1406,#883,.T.);
#1927=EDGE_CURVE('',#1475,#1467,#884,.T.);
#1928=EDGE_CURVE('',#1479,#1397,#885,.T.);
#1929=EDGE_CURVE('',#1479,#1463,#644,.T.);
#1930=EDGE_CURVE('',#1479,#1480,#886,.T.);
#1931=EDGE_CURVE('',#1480,#1396,#887,.T.);
#1932=EDGE_CURVE('',#1481,#1480,#645,.T.);
#1933=EDGE_CURVE('',#1481,#1395,#888,.T.);
#1934=EDGE_CURVE('',#1481,#1482,#889,.T.);
#1935=EDGE_CURVE('',#1482,#1394,#890,.T.);
#1936=EDGE_CURVE('',#1483,#1482,#646,.T.);
#1937=EDGE_CURVE('',#1483,#1393,#891,.T.);
#1938=EDGE_CURVE('',#1483,#1484,#892,.T.);
#1939=EDGE_CURVE('',#1484,#1392,#893,.T.);
#1940=EDGE_CURVE('',#1444,#1484,#647,.T.);
#1941=EDGE_CURVE('',#1451,#1384,#894,.T.);
#1942=EDGE_CURVE('',#1452,#1383,#895,.T.);
#1943=EDGE_CURVE('',#1453,#1382,#896,.T.);
#1944=EDGE_CURVE('',#1454,#1381,#897,.T.);
#1945=EDGE_CURVE('',#1455,#1380,#898,.T.);
#1946=EDGE_CURVE('',#1456,#1379,#899,.T.);
#1947=EDGE_CURVE('',#1457,#1378,#900,.T.);
#1948=ORIENTED_EDGE('',*,*,#1485,.F.);
#1949=ORIENTED_EDGE('',*,*,#1486,.T.);
#1950=ORIENTED_EDGE('',*,*,#1487,.T.);
#1951=ORIENTED_EDGE('',*,*,#1488,.T.);
#1952=ORIENTED_EDGE('',*,*,#1489,.T.);
#1953=ORIENTED_EDGE('',*,*,#1490,.F.);
#1954=ORIENTED_EDGE('',*,*,#1489,.F.);
#1955=ORIENTED_EDGE('',*,*,#1491,.F.);
#1956=ORIENTED_EDGE('',*,*,#1492,.F.);
#1957=ORIENTED_EDGE('',*,*,#1493,.F.);
#1958=ORIENTED_EDGE('',*,*,#1494,.T.);
#1959=ORIENTED_EDGE('',*,*,#1495,.T.);
#1960=ORIENTED_EDGE('',*,*,#1496,.T.);
#1961=ORIENTED_EDGE('',*,*,#1492,.T.);
#1962=ORIENTED_EDGE('',*,*,#1495,.F.);
#1963=ORIENTED_EDGE('',*,*,#1497,.F.);
#1964=ORIENTED_EDGE('',*,*,#1498,.F.);
#1965=ORIENTED_EDGE('',*,*,#1499,.F.);
#1966=ORIENTED_EDGE('',*,*,#1494,.F.);
#1967=ORIENTED_EDGE('',*,*,#1491,.T.);
#1968=ORIENTED_EDGE('',*,*,#1488,.F.);
#1969=ORIENTED_EDGE('',*,*,#1500,.F.);
#1970=ORIENTED_EDGE('',*,*,#1501,.F.);
#1971=ORIENTED_EDGE('',*,*,#1502,.T.);
#1972=ORIENTED_EDGE('',*,*,#1497,.T.);
#1973=ORIENTED_EDGE('',*,*,#1503,.T.);
#1974=ORIENTED_EDGE('',*,*,#1504,.T.);
#1975=ORIENTED_EDGE('',*,*,#1505,.T.);
#1976=ORIENTED_EDGE('',*,*,#1506,.T.);
#1977=ORIENTED_EDGE('',*,*,#1504,.F.);
#1978=ORIENTED_EDGE('',*,*,#1507,.F.);
#1979=ORIENTED_EDGE('',*,*,#1508,.F.);
#1980=ORIENTED_EDGE('',*,*,#1509,.F.);
#1981=ORIENTED_EDGE('',*,*,#1503,.F.);
#1982=ORIENTED_EDGE('',*,*,#1510,.T.);
#1983=ORIENTED_EDGE('',*,*,#1511,.T.);
#1984=ORIENTED_EDGE('',*,*,#1512,.F.);
#1985=ORIENTED_EDGE('',*,*,#1513,.T.);
#1986=ORIENTED_EDGE('',*,*,#1514,.F.);
#1987=ORIENTED_EDGE('',*,*,#1515,.T.);
#1988=ORIENTED_EDGE('',*,*,#1516,.F.);
#1989=ORIENTED_EDGE('',*,*,#1507,.T.);
#1990=ORIENTED_EDGE('',*,*,#1516,.T.);
#1991=ORIENTED_EDGE('',*,*,#1517,.T.);
#1992=ORIENTED_EDGE('',*,*,#1518,.T.);
#1993=ORIENTED_EDGE('',*,*,#1508,.T.);
#1994=ORIENTED_EDGE('',*,*,#1496,.F.);
#1995=ORIENTED_EDGE('',*,*,#1499,.T.);
#1996=ORIENTED_EDGE('',*,*,#1519,.T.);
#1997=ORIENTED_EDGE('',*,*,#1520,.T.);
#1998=ORIENTED_EDGE('',*,*,#1505,.F.);
#1999=ORIENTED_EDGE('',*,*,#1509,.T.);
#2000=ORIENTED_EDGE('',*,*,#1518,.F.);
#2001=ORIENTED_EDGE('',*,*,#1521,.T.);
#2002=ORIENTED_EDGE('',*,*,#1522,.F.);
#2003=ORIENTED_EDGE('',*,*,#1523,.F.);
#2004=ORIENTED_EDGE('',*,*,#1524,.F.);
#2005=ORIENTED_EDGE('',*,*,#1525,.F.);
#2006=ORIENTED_EDGE('',*,*,#1526,.F.);
#2007=ORIENTED_EDGE('',*,*,#1527,.F.);
#2008=ORIENTED_EDGE('',*,*,#1528,.F.);
#2009=ORIENTED_EDGE('',*,*,#1529,.F.);
#2010=ORIENTED_EDGE('',*,*,#1530,.T.);
#2011=ORIENTED_EDGE('',*,*,#1531,.F.);
#2012=ORIENTED_EDGE('',*,*,#1532,.F.);
#2013=ORIENTED_EDGE('',*,*,#1533,.F.);
#2014=ORIENTED_EDGE('',*,*,#1534,.F.);
#2015=ORIENTED_EDGE('',*,*,#1490,.T.);
#2016=ORIENTED_EDGE('',*,*,#1493,.T.);
#2017=ORIENTED_EDGE('',*,*,#1517,.F.);
#2018=ORIENTED_EDGE('',*,*,#1515,.F.);
#2019=ORIENTED_EDGE('',*,*,#1535,.F.);
#2020=ORIENTED_EDGE('',*,*,#1521,.F.);
#2021=ORIENTED_EDGE('',*,*,#1522,.T.);
#2022=ORIENTED_EDGE('',*,*,#1535,.T.);
#2023=ORIENTED_EDGE('',*,*,#1514,.T.);
#2024=ORIENTED_EDGE('',*,*,#1536,.T.);
#2025=ORIENTED_EDGE('',*,*,#1502,.F.);
#2026=ORIENTED_EDGE('',*,*,#1537,.F.);
#2027=ORIENTED_EDGE('',*,*,#1511,.F.);
#2028=ORIENTED_EDGE('',*,*,#1538,.F.);
#2029=ORIENTED_EDGE('',*,*,#1519,.F.);
#2030=ORIENTED_EDGE('',*,*,#1498,.T.);
#2031=ORIENTED_EDGE('',*,*,#1486,.F.);
#2032=ORIENTED_EDGE('',*,*,#1539,.F.);
#2033=ORIENTED_EDGE('',*,*,#1540,.T.);
#2034=ORIENTED_EDGE('',*,*,#1541,.T.);
#2035=ORIENTED_EDGE('',*,*,#1506,.F.);
#2036=ORIENTED_EDGE('',*,*,#1520,.F.);
#2037=ORIENTED_EDGE('',*,*,#1538,.T.);
#2038=ORIENTED_EDGE('',*,*,#1510,.F.);
#2039=ORIENTED_EDGE('',*,*,#1536,.F.);
#2040=ORIENTED_EDGE('',*,*,#1513,.F.);
#2041=ORIENTED_EDGE('',*,*,#1542,.F.);
#2042=ORIENTED_EDGE('',*,*,#1543,.F.);
#2043=ORIENTED_EDGE('',*,*,#1523,.T.);
#2044=ORIENTED_EDGE('',*,*,#1544,.F.);
#2045=ORIENTED_EDGE('',*,*,#1545,.F.);
#2046=ORIENTED_EDGE('',*,*,#1546,.F.);
#2047=ORIENTED_EDGE('',*,*,#1547,.F.);
#2048=ORIENTED_EDGE('',*,*,#1548,.F.);
#2049=ORIENTED_EDGE('',*,*,#1549,.F.);
#2050=ORIENTED_EDGE('',*,*,#1550,.T.);
#2051=ORIENTED_EDGE('',*,*,#1551,.T.);
#2052=ORIENTED_EDGE('',*,*,#1552,.T.);
#2053=ORIENTED_EDGE('',*,*,#1553,.T.);
#2054=ORIENTED_EDGE('',*,*,#1548,.T.);
#2055=ORIENTED_EDGE('',*,*,#1554,.T.);
#2056=ORIENTED_EDGE('',*,*,#1550,.F.);
#2057=ORIENTED_EDGE('',*,*,#1555,.T.);
#2058=ORIENTED_EDGE('',*,*,#1549,.T.);
#2059=ORIENTED_EDGE('',*,*,#1556,.T.);
#2060=ORIENTED_EDGE('',*,*,#1545,.T.);
#2061=ORIENTED_EDGE('',*,*,#1557,.T.);
#2062=ORIENTED_EDGE('',*,*,#1558,.T.);
#2063=ORIENTED_EDGE('',*,*,#1559,.T.);
#2064=ORIENTED_EDGE('',*,*,#1547,.T.);
#2065=ORIENTED_EDGE('',*,*,#1560,.T.);
#2066=ORIENTED_EDGE('',*,*,#1558,.F.);
#2067=ORIENTED_EDGE('',*,*,#1561,.T.);
#2068=ORIENTED_EDGE('',*,*,#1562,.T.);
#2069=ORIENTED_EDGE('',*,*,#1563,.T.);
#2070=ORIENTED_EDGE('',*,*,#1564,.T.);
#2071=ORIENTED_EDGE('',*,*,#1546,.T.);
#2072=ORIENTED_EDGE('',*,*,#1565,.T.);
#2073=ORIENTED_EDGE('',*,*,#1566,.T.);
#2074=ORIENTED_EDGE('',*,*,#1567,.T.);
#2075=ORIENTED_EDGE('',*,*,#1563,.F.);
#2076=ORIENTED_EDGE('',*,*,#1568,.T.);
#2077=ORIENTED_EDGE('',*,*,#1569,.T.);
#2078=ORIENTED_EDGE('',*,*,#1570,.T.);
#2079=ORIENTED_EDGE('',*,*,#1571,.T.);
#2080=ORIENTED_EDGE('',*,*,#1569,.F.);
#2081=ORIENTED_EDGE('',*,*,#1572,.T.);
#2082=ORIENTED_EDGE('',*,*,#1544,.T.);
#2083=ORIENTED_EDGE('',*,*,#1573,.T.);
#2084=ORIENTED_EDGE('',*,*,#1551,.F.);
#2085=ORIENTED_EDGE('',*,*,#1574,.T.);
#2086=ORIENTED_EDGE('',*,*,#1575,.T.);
#2087=ORIENTED_EDGE('',*,*,#1576,.T.);
#2088=ORIENTED_EDGE('',*,*,#1554,.F.);
#2089=ORIENTED_EDGE('',*,*,#1559,.F.);
#2090=ORIENTED_EDGE('',*,*,#1577,.F.);
#2091=ORIENTED_EDGE('',*,*,#1574,.F.);
#2092=ORIENTED_EDGE('',*,*,#1562,.F.);
#2093=ORIENTED_EDGE('',*,*,#1578,.T.);
#2094=ORIENTED_EDGE('',*,*,#1579,.T.);
#2095=ORIENTED_EDGE('',*,*,#1577,.T.);
#2096=ORIENTED_EDGE('',*,*,#1560,.F.);
#2097=ORIENTED_EDGE('',*,*,#1557,.F.);
#2098=ORIENTED_EDGE('',*,*,#1572,.F.);
#2099=ORIENTED_EDGE('',*,*,#1580,.F.);
#2100=ORIENTED_EDGE('',*,*,#1561,.F.);
#2101=ORIENTED_EDGE('',*,*,#1580,.T.);
#2102=ORIENTED_EDGE('',*,*,#1571,.F.);
#2103=ORIENTED_EDGE('',*,*,#1581,.T.);
#2104=ORIENTED_EDGE('',*,*,#1570,.F.);
#2105=ORIENTED_EDGE('',*,*,#1582,.T.);
#2106=ORIENTED_EDGE('',*,*,#1583,.T.);
#2107=ORIENTED_EDGE('',*,*,#1584,.T.);
#2108=ORIENTED_EDGE('',*,*,#1585,.F.);
#2109=ORIENTED_EDGE('',*,*,#1586,.F.);
#2110=ORIENTED_EDGE('',*,*,#1587,.F.);
#2111=ORIENTED_EDGE('',*,*,#1588,.F.);
#2112=ORIENTED_EDGE('',*,*,#1589,.F.);
#2113=ORIENTED_EDGE('',*,*,#1590,.F.);
#2114=ORIENTED_EDGE('',*,*,#1591,.T.);
#2115=ORIENTED_EDGE('',*,*,#1592,.T.);
#2116=ORIENTED_EDGE('',*,*,#1589,.T.);
#2117=ORIENTED_EDGE('',*,*,#1593,.T.);
#2118=ORIENTED_EDGE('',*,*,#1594,.T.);
#2119=ORIENTED_EDGE('',*,*,#1595,.T.);
#2120=ORIENTED_EDGE('',*,*,#1591,.F.);
#2121=ORIENTED_EDGE('',*,*,#1596,.T.);
#2122=ORIENTED_EDGE('',*,*,#1597,.T.);
#2123=ORIENTED_EDGE('',*,*,#1598,.T.);
#2124=ORIENTED_EDGE('',*,*,#1590,.T.);
#2125=ORIENTED_EDGE('',*,*,#1599,.T.);
#2126=ORIENTED_EDGE('',*,*,#1597,.F.);
#2127=ORIENTED_EDGE('',*,*,#1600,.T.);
#2128=ORIENTED_EDGE('',*,*,#1601,.T.);
#2129=ORIENTED_EDGE('',*,*,#1586,.T.);
#2130=ORIENTED_EDGE('',*,*,#1602,.T.);
#2131=ORIENTED_EDGE('',*,*,#1588,.T.);
#2132=ORIENTED_EDGE('',*,*,#1603,.T.);
#2133=ORIENTED_EDGE('',*,*,#1604,.T.);
#2134=ORIENTED_EDGE('',*,*,#1605,.T.);
#2135=ORIENTED_EDGE('',*,*,#1587,.T.);
#2136=ORIENTED_EDGE('',*,*,#1606,.T.);
#2137=ORIENTED_EDGE('',*,*,#1604,.F.);
#2138=ORIENTED_EDGE('',*,*,#1607,.T.);
#2139=ORIENTED_EDGE('',*,*,#1608,.T.);
#2140=ORIENTED_EDGE('',*,*,#1609,.T.);
#2141=ORIENTED_EDGE('',*,*,#1610,.T.);
#2142=ORIENTED_EDGE('',*,*,#1611,.T.);
#2143=ORIENTED_EDGE('',*,*,#1612,.T.);
#2144=ORIENTED_EDGE('',*,*,#1585,.T.);
#2145=ORIENTED_EDGE('',*,*,#1613,.T.);
#2146=ORIENTED_EDGE('',*,*,#1609,.F.);
#2147=ORIENTED_EDGE('',*,*,#1614,.T.);
#2148=ORIENTED_EDGE('',*,*,#1599,.F.);
#2149=ORIENTED_EDGE('',*,*,#1592,.F.);
#2150=ORIENTED_EDGE('',*,*,#1615,.F.);
#2151=ORIENTED_EDGE('',*,*,#1616,.F.);
#2152=ORIENTED_EDGE('',*,*,#1595,.F.);
#2153=ORIENTED_EDGE('',*,*,#1617,.T.);
#2154=ORIENTED_EDGE('',*,*,#1618,.T.);
#2155=ORIENTED_EDGE('',*,*,#1615,.T.);
#2156=ORIENTED_EDGE('',*,*,#1596,.F.);
#2157=ORIENTED_EDGE('',*,*,#1593,.F.);
#2158=ORIENTED_EDGE('',*,*,#1602,.F.);
#2159=ORIENTED_EDGE('',*,*,#1614,.F.);
#2160=ORIENTED_EDGE('',*,*,#1612,.F.);
#2161=ORIENTED_EDGE('',*,*,#1619,.F.);
#2162=ORIENTED_EDGE('',*,*,#1583,.F.);
#2163=ORIENTED_EDGE('',*,*,#1620,.F.);
#2164=ORIENTED_EDGE('',*,*,#1621,.T.);
#2165=ORIENTED_EDGE('',*,*,#1622,.F.);
#2166=ORIENTED_EDGE('',*,*,#1567,.F.);
#2167=ORIENTED_EDGE('',*,*,#1623,.T.);
#2168=ORIENTED_EDGE('',*,*,#1620,.T.);
#2169=ORIENTED_EDGE('',*,*,#1624,.T.);
#2170=ORIENTED_EDGE('',*,*,#1625,.T.);
#2171=ORIENTED_EDGE('',*,*,#1575,.F.);
#2172=ORIENTED_EDGE('',*,*,#1579,.F.);
#2173=ORIENTED_EDGE('',*,*,#1626,.F.);
#2174=ORIENTED_EDGE('',*,*,#1622,.T.);
#2175=ORIENTED_EDGE('',*,*,#1627,.T.);
#2176=ORIENTED_EDGE('',*,*,#1626,.T.);
#2177=ORIENTED_EDGE('',*,*,#1628,.T.);
#2178=ORIENTED_EDGE('',*,*,#1564,.F.);
#2179=ORIENTED_EDGE('',*,*,#1624,.F.);
#2180=ORIENTED_EDGE('',*,*,#1582,.F.);
#2181=ORIENTED_EDGE('',*,*,#1573,.F.);
#2182=ORIENTED_EDGE('',*,*,#1578,.F.);
#2183=ORIENTED_EDGE('',*,*,#1581,.F.);
#2184=ORIENTED_EDGE('',*,*,#1584,.F.);
#2185=ORIENTED_EDGE('',*,*,#1628,.F.);
#2186=ORIENTED_EDGE('',*,*,#1601,.F.);
#2187=ORIENTED_EDGE('',*,*,#1629,.T.);
#2188=ORIENTED_EDGE('',*,*,#1607,.F.);
#2189=ORIENTED_EDGE('',*,*,#1630,.T.);
#2190=ORIENTED_EDGE('',*,*,#1631,.F.);
#2191=ORIENTED_EDGE('',*,*,#1618,.F.);
#2192=ORIENTED_EDGE('',*,*,#1632,.T.);
#2193=ORIENTED_EDGE('',*,*,#1633,.F.);
#2194=ORIENTED_EDGE('',*,*,#1634,.T.);
#2195=ORIENTED_EDGE('',*,*,#1635,.F.);
#2196=ORIENTED_EDGE('',*,*,#1636,.F.);
#2197=ORIENTED_EDGE('',*,*,#1637,.F.);
#2198=ORIENTED_EDGE('',*,*,#1610,.F.);
#2199=ORIENTED_EDGE('',*,*,#1638,.T.);
#2200=ORIENTED_EDGE('',*,*,#1635,.T.);
#2201=ORIENTED_EDGE('',*,*,#1639,.T.);
#2202=ORIENTED_EDGE('',*,*,#1608,.F.);
#2203=ORIENTED_EDGE('',*,*,#1640,.T.);
#2204=ORIENTED_EDGE('',*,*,#1636,.T.);
#2205=ORIENTED_EDGE('',*,*,#1641,.T.);
#2206=ORIENTED_EDGE('',*,*,#1633,.T.);
#2207=ORIENTED_EDGE('',*,*,#1642,.T.);
#2208=ORIENTED_EDGE('',*,*,#1637,.T.);
#2209=ORIENTED_EDGE('',*,*,#1643,.T.);
#2210=ORIENTED_EDGE('',*,*,#1600,.F.);
#2211=ORIENTED_EDGE('',*,*,#1616,.T.);
#2212=ORIENTED_EDGE('',*,*,#1631,.T.);
#2213=ORIENTED_EDGE('',*,*,#1644,.T.);
#2214=ORIENTED_EDGE('',*,*,#1598,.F.);
#2215=ORIENTED_EDGE('',*,*,#1630,.F.);
#2216=ORIENTED_EDGE('',*,*,#1606,.F.);
#2217=ORIENTED_EDGE('',*,*,#1603,.F.);
#2218=ORIENTED_EDGE('',*,*,#1605,.F.);
#2219=ORIENTED_EDGE('',*,*,#1641,.F.);
#2220=ORIENTED_EDGE('',*,*,#1638,.F.);
#2221=ORIENTED_EDGE('',*,*,#1613,.F.);
#2222=ORIENTED_EDGE('',*,*,#1629,.F.);
#2223=ORIENTED_EDGE('',*,*,#1644,.F.);
#2224=ORIENTED_EDGE('',*,*,#1643,.F.);
#2225=ORIENTED_EDGE('',*,*,#1640,.F.);
#2226=ORIENTED_EDGE('',*,*,#1645,.F.);
#2227=ORIENTED_EDGE('',*,*,#1646,.T.);
#2228=ORIENTED_EDGE('',*,*,#1647,.F.);
#2229=ORIENTED_EDGE('',*,*,#1648,.F.);
#2230=ORIENTED_EDGE('',*,*,#1649,.F.);
#2231=ORIENTED_EDGE('',*,*,#1650,.F.);
#2232=ORIENTED_EDGE('',*,*,#1651,.T.);
#2233=ORIENTED_EDGE('',*,*,#1652,.F.);
#2234=ORIENTED_EDGE('',*,*,#1653,.T.);
#2235=ORIENTED_EDGE('',*,*,#1654,.F.);
#2236=ORIENTED_EDGE('',*,*,#1655,.T.);
#2237=ORIENTED_EDGE('',*,*,#1656,.T.);
#2238=ORIENTED_EDGE('',*,*,#1657,.T.);
#2239=ORIENTED_EDGE('',*,*,#1645,.T.);
#2240=ORIENTED_EDGE('',*,*,#1658,.T.);
#2241=ORIENTED_EDGE('',*,*,#1659,.T.);
#2242=ORIENTED_EDGE('',*,*,#1660,.T.);
#2243=ORIENTED_EDGE('',*,*,#1661,.T.);
#2244=ORIENTED_EDGE('',*,*,#1662,.T.);
#2245=ORIENTED_EDGE('',*,*,#1656,.F.);
#2246=ORIENTED_EDGE('',*,*,#1663,.T.);
#2247=ORIENTED_EDGE('',*,*,#1664,.F.);
#2248=ORIENTED_EDGE('',*,*,#1665,.T.);
#2249=ORIENTED_EDGE('',*,*,#1666,.F.);
#2250=ORIENTED_EDGE('',*,*,#1667,.T.);
#2251=ORIENTED_EDGE('',*,*,#1668,.F.);
#2252=ORIENTED_EDGE('',*,*,#1669,.T.);
#2253=ORIENTED_EDGE('',*,*,#1670,.F.);
#2254=ORIENTED_EDGE('',*,*,#1532,.T.);
#2255=ORIENTED_EDGE('',*,*,#1671,.F.);
#2256=ORIENTED_EDGE('',*,*,#1672,.T.);
#2257=ORIENTED_EDGE('',*,*,#1673,.F.);
#2258=ORIENTED_EDGE('',*,*,#1674,.T.);
#2259=ORIENTED_EDGE('',*,*,#1675,.F.);
#2260=ORIENTED_EDGE('',*,*,#1676,.F.);
#2261=ORIENTED_EDGE('',*,*,#1677,.F.);
#2262=ORIENTED_EDGE('',*,*,#1678,.T.);
#2263=ORIENTED_EDGE('',*,*,#1679,.T.);
#2264=ORIENTED_EDGE('',*,*,#1680,.T.);
#2265=ORIENTED_EDGE('',*,*,#1659,.F.);
#2266=ORIENTED_EDGE('',*,*,#1681,.T.);
#2267=ORIENTED_EDGE('',*,*,#1682,.F.);
#2268=ORIENTED_EDGE('',*,*,#1683,.T.);
#2269=ORIENTED_EDGE('',*,*,#1684,.F.);
#2270=ORIENTED_EDGE('',*,*,#1685,.T.);
#2271=ORIENTED_EDGE('',*,*,#1686,.F.);
#2272=ORIENTED_EDGE('',*,*,#1687,.T.);
#2273=ORIENTED_EDGE('',*,*,#1688,.T.);
#2274=ORIENTED_EDGE('',*,*,#1689,.F.);
#2275=ORIENTED_EDGE('',*,*,#1668,.T.);
#2276=ORIENTED_EDGE('',*,*,#1690,.T.);
#2277=ORIENTED_EDGE('',*,*,#1691,.T.);
#2278=ORIENTED_EDGE('',*,*,#1692,.T.);
#2279=ORIENTED_EDGE('',*,*,#1686,.T.);
#2280=ORIENTED_EDGE('',*,*,#1693,.T.);
#2281=ORIENTED_EDGE('',*,*,#1650,.T.);
#2282=ORIENTED_EDGE('',*,*,#1694,.T.);
#2283=ORIENTED_EDGE('',*,*,#1694,.F.);
#2284=ORIENTED_EDGE('',*,*,#1649,.T.);
#2285=ORIENTED_EDGE('',*,*,#1695,.F.);
#2286=ORIENTED_EDGE('',*,*,#1669,.F.);
#2287=ORIENTED_EDGE('',*,*,#1696,.T.);
#2288=ORIENTED_EDGE('',*,*,#1697,.T.);
#2289=ORIENTED_EDGE('',*,*,#1675,.T.);
#2290=ORIENTED_EDGE('',*,*,#1698,.T.);
#2291=ORIENTED_EDGE('',*,*,#1698,.F.);
#2292=ORIENTED_EDGE('',*,*,#1674,.F.);
#2293=ORIENTED_EDGE('',*,*,#1699,.F.);
#2294=ORIENTED_EDGE('',*,*,#1700,.T.);
#2295=ORIENTED_EDGE('',*,*,#1677,.T.);
#2296=ORIENTED_EDGE('',*,*,#1701,.T.);
#2297=ORIENTED_EDGE('',*,*,#1702,.T.);
#2298=ORIENTED_EDGE('',*,*,#1703,.T.);
#2299=ORIENTED_EDGE('',*,*,#1657,.F.);
#2300=ORIENTED_EDGE('',*,*,#1678,.F.);
#2301=ORIENTED_EDGE('',*,*,#1703,.F.);
#2302=ORIENTED_EDGE('',*,*,#1704,.F.);
#2303=ORIENTED_EDGE('',*,*,#1705,.F.);
#2304=ORIENTED_EDGE('',*,*,#1706,.F.);
#2305=ORIENTED_EDGE('',*,*,#1540,.F.);
#2306=ORIENTED_EDGE('',*,*,#1646,.F.);
#2307=ORIENTED_EDGE('',*,*,#1707,.T.);
#2308=ORIENTED_EDGE('',*,*,#1708,.T.);
#2309=ORIENTED_EDGE('',*,*,#1664,.T.);
#2310=ORIENTED_EDGE('',*,*,#1709,.T.);
#2311=ORIENTED_EDGE('',*,*,#1708,.F.);
#2312=ORIENTED_EDGE('',*,*,#1710,.F.);
#2313=ORIENTED_EDGE('',*,*,#1711,.F.);
#2314=ORIENTED_EDGE('',*,*,#1688,.F.);
#2315=ORIENTED_EDGE('',*,*,#1712,.F.);
#2316=ORIENTED_EDGE('',*,*,#1713,.F.);
#2317=ORIENTED_EDGE('',*,*,#1714,.F.);
#2318=ORIENTED_EDGE('',*,*,#1665,.F.);
#2319=ORIENTED_EDGE('',*,*,#1715,.T.);
#2320=ORIENTED_EDGE('',*,*,#1716,.T.);
#2321=ORIENTED_EDGE('',*,*,#1666,.T.);
#2322=ORIENTED_EDGE('',*,*,#1714,.T.);
#2323=ORIENTED_EDGE('',*,*,#1690,.F.);
#2324=ORIENTED_EDGE('',*,*,#1667,.F.);
#2325=ORIENTED_EDGE('',*,*,#1716,.F.);
#2326=ORIENTED_EDGE('',*,*,#1717,.F.);
#2327=ORIENTED_EDGE('',*,*,#1539,.T.);
#2328=ORIENTED_EDGE('',*,*,#1485,.T.);
#2329=ORIENTED_EDGE('',*,*,#1534,.T.);
#2330=ORIENTED_EDGE('',*,*,#1718,.T.);
#2331=ORIENTED_EDGE('',*,*,#1647,.T.);
#2332=ORIENTED_EDGE('',*,*,#1719,.F.);
#2333=ORIENTED_EDGE('',*,*,#1720,.T.);
#2334=ORIENTED_EDGE('',*,*,#1721,.T.);
#2335=ORIENTED_EDGE('',*,*,#1722,.T.);
#2336=ORIENTED_EDGE('',*,*,#1722,.F.);
#2337=ORIENTED_EDGE('',*,*,#1723,.F.);
#2338=ORIENTED_EDGE('',*,*,#1672,.F.);
#2339=ORIENTED_EDGE('',*,*,#1724,.F.);
#2340=ORIENTED_EDGE('',*,*,#1725,.F.);
#2341=ORIENTED_EDGE('',*,*,#1726,.F.);
#2342=ORIENTED_EDGE('',*,*,#1727,.F.);
#2343=ORIENTED_EDGE('',*,*,#1728,.F.);
#2344=ORIENTED_EDGE('',*,*,#1729,.F.);
#2345=ORIENTED_EDGE('',*,*,#1730,.F.);
#2346=ORIENTED_EDGE('',*,*,#1731,.F.);
#2347=ORIENTED_EDGE('',*,*,#1732,.F.);
#2348=ORIENTED_EDGE('',*,*,#1733,.F.);
#2349=ORIENTED_EDGE('',*,*,#1734,.F.);
#2350=ORIENTED_EDGE('',*,*,#1735,.F.);
#2351=ORIENTED_EDGE('',*,*,#1736,.T.);
#2352=ORIENTED_EDGE('',*,*,#1737,.T.);
#2353=ORIENTED_EDGE('',*,*,#1734,.T.);
#2354=ORIENTED_EDGE('',*,*,#1738,.T.);
#2355=ORIENTED_EDGE('',*,*,#1739,.F.);
#2356=ORIENTED_EDGE('',*,*,#1740,.T.);
#2357=ORIENTED_EDGE('',*,*,#1735,.T.);
#2358=ORIENTED_EDGE('',*,*,#1741,.T.);
#2359=ORIENTED_EDGE('',*,*,#1742,.F.);
#2360=ORIENTED_EDGE('',*,*,#1743,.F.);
#2361=ORIENTED_EDGE('',*,*,#1744,.F.);
#2362=ORIENTED_EDGE('',*,*,#1745,.F.);
#2363=ORIENTED_EDGE('',*,*,#1733,.T.);
#2364=ORIENTED_EDGE('',*,*,#1746,.T.);
#2365=ORIENTED_EDGE('',*,*,#1744,.T.);
#2366=ORIENTED_EDGE('',*,*,#1747,.T.);
#2367=ORIENTED_EDGE('',*,*,#1537,.T.);
#2368=ORIENTED_EDGE('',*,*,#1501,.T.);
#2369=ORIENTED_EDGE('',*,*,#1745,.T.);
#2370=ORIENTED_EDGE('',*,*,#1748,.T.);
#2371=ORIENTED_EDGE('',*,*,#1749,.T.);
#2372=ORIENTED_EDGE('',*,*,#1542,.T.);
#2373=ORIENTED_EDGE('',*,*,#1512,.T.);
#2374=ORIENTED_EDGE('',*,*,#1541,.F.);
#2375=ORIENTED_EDGE('',*,*,#1750,.T.);
#2376=ORIENTED_EDGE('',*,*,#1743,.T.);
#2377=ORIENTED_EDGE('',*,*,#1500,.T.);
#2378=ORIENTED_EDGE('',*,*,#1487,.F.);
#2379=ORIENTED_EDGE('',*,*,#1741,.F.);
#2380=ORIENTED_EDGE('',*,*,#1737,.F.);
#2381=ORIENTED_EDGE('',*,*,#1751,.T.);
#2382=ORIENTED_EDGE('',*,*,#1738,.F.);
#2383=ORIENTED_EDGE('',*,*,#1747,.F.);
#2384=ORIENTED_EDGE('',*,*,#1750,.F.);
#2385=ORIENTED_EDGE('',*,*,#1706,.T.);
#2386=ORIENTED_EDGE('',*,*,#1531,.T.);
#2387=ORIENTED_EDGE('',*,*,#1752,.T.);
#2388=ORIENTED_EDGE('',*,*,#1753,.T.);
#2389=ORIENTED_EDGE('',*,*,#1754,.T.);
#2390=ORIENTED_EDGE('',*,*,#1755,.T.);
#2391=ORIENTED_EDGE('',*,*,#1671,.T.);
#2392=ORIENTED_EDGE('',*,*,#1755,.F.);
#2393=ORIENTED_EDGE('',*,*,#1756,.T.);
#2394=ORIENTED_EDGE('',*,*,#1757,.T.);
#2395=ORIENTED_EDGE('',*,*,#1758,.T.);
#2396=ORIENTED_EDGE('',*,*,#1759,.T.);
#2397=ORIENTED_EDGE('',*,*,#1760,.T.);
#2398=ORIENTED_EDGE('',*,*,#1724,.T.);
#2399=ORIENTED_EDGE('',*,*,#1757,.F.);
#2400=ORIENTED_EDGE('',*,*,#1758,.F.);
#2401=ORIENTED_EDGE('',*,*,#1756,.F.);
#2402=ORIENTED_EDGE('',*,*,#1754,.F.);
#2403=ORIENTED_EDGE('',*,*,#1761,.F.);
#2404=ORIENTED_EDGE('',*,*,#1762,.T.);
#2405=ORIENTED_EDGE('',*,*,#1763,.T.);
#2406=ORIENTED_EDGE('',*,*,#1764,.T.);
#2407=ORIENTED_EDGE('',*,*,#1765,.T.);
#2408=ORIENTED_EDGE('',*,*,#1766,.T.);
#2409=ORIENTED_EDGE('',*,*,#1767,.T.);
#2410=ORIENTED_EDGE('',*,*,#1768,.T.);
#2411=ORIENTED_EDGE('',*,*,#1769,.T.);
#2412=ORIENTED_EDGE('',*,*,#1770,.F.);
#2413=ORIENTED_EDGE('',*,*,#1771,.F.);
#2414=ORIENTED_EDGE('',*,*,#1772,.F.);
#2415=ORIENTED_EDGE('',*,*,#1773,.F.);
#2416=ORIENTED_EDGE('',*,*,#1774,.F.);
#2417=ORIENTED_EDGE('',*,*,#1775,.T.);
#2418=ORIENTED_EDGE('',*,*,#1776,.T.);
#2419=ORIENTED_EDGE('',*,*,#1777,.T.);
#2420=ORIENTED_EDGE('',*,*,#1778,.T.);
#2421=ORIENTED_EDGE('',*,*,#1779,.T.);
#2422=ORIENTED_EDGE('',*,*,#1780,.T.);
#2423=ORIENTED_EDGE('',*,*,#1781,.T.);
#2424=ORIENTED_EDGE('',*,*,#1782,.T.);
#2425=ORIENTED_EDGE('',*,*,#1783,.F.);
#2426=ORIENTED_EDGE('',*,*,#1784,.T.);
#2427=ORIENTED_EDGE('',*,*,#1785,.T.);
#2428=ORIENTED_EDGE('',*,*,#1786,.T.);
#2429=ORIENTED_EDGE('',*,*,#1787,.T.);
#2430=ORIENTED_EDGE('',*,*,#1788,.T.);
#2431=ORIENTED_EDGE('',*,*,#1789,.T.);
#2432=ORIENTED_EDGE('',*,*,#1790,.T.);
#2433=ORIENTED_EDGE('',*,*,#1791,.T.);
#2434=ORIENTED_EDGE('',*,*,#1792,.T.);
#2435=ORIENTED_EDGE('',*,*,#1793,.T.);
#2436=ORIENTED_EDGE('',*,*,#1794,.T.);
#2437=ORIENTED_EDGE('',*,*,#1795,.T.);
#2438=ORIENTED_EDGE('',*,*,#1753,.F.);
#2439=ORIENTED_EDGE('',*,*,#1796,.T.);
#2440=ORIENTED_EDGE('',*,*,#1797,.F.);
#2441=ORIENTED_EDGE('',*,*,#1798,.T.);
#2442=ORIENTED_EDGE('',*,*,#1799,.F.);
#2443=ORIENTED_EDGE('',*,*,#1800,.T.);
#2444=ORIENTED_EDGE('',*,*,#1761,.T.);
#2445=ORIENTED_EDGE('',*,*,#1752,.F.);
#2446=ORIENTED_EDGE('',*,*,#1530,.F.);
#2447=ORIENTED_EDGE('',*,*,#1801,.F.);
#2448=ORIENTED_EDGE('',*,*,#1796,.F.);
#2449=ORIENTED_EDGE('',*,*,#1802,.T.);
#2450=ORIENTED_EDGE('',*,*,#1803,.T.);
#2451=ORIENTED_EDGE('',*,*,#1526,.T.);
#2452=ORIENTED_EDGE('',*,*,#1804,.T.);
#2453=ORIENTED_EDGE('',*,*,#1805,.T.);
#2454=ORIENTED_EDGE('',*,*,#1729,.T.);
#2455=ORIENTED_EDGE('',*,*,#1806,.T.);
#2456=ORIENTED_EDGE('',*,*,#1807,.T.);
#2457=ORIENTED_EDGE('',*,*,#1808,.T.);
#2458=ORIENTED_EDGE('',*,*,#1809,.T.);
#2459=ORIENTED_EDGE('',*,*,#1810,.T.);
#2460=ORIENTED_EDGE('',*,*,#1811,.T.);
#2461=ORIENTED_EDGE('',*,*,#1812,.T.);
#2462=ORIENTED_EDGE('',*,*,#1808,.F.);
#2463=ORIENTED_EDGE('',*,*,#1813,.T.);
#2464=ORIENTED_EDGE('',*,*,#1814,.T.);
#2465=ORIENTED_EDGE('',*,*,#1811,.F.);
#2466=ORIENTED_EDGE('',*,*,#1815,.T.);
#2467=ORIENTED_EDGE('',*,*,#1816,.T.);
#2468=ORIENTED_EDGE('',*,*,#1813,.F.);
#2469=ORIENTED_EDGE('',*,*,#1817,.T.);
#2470=ORIENTED_EDGE('',*,*,#1805,.F.);
#2471=ORIENTED_EDGE('',*,*,#1818,.T.);
#2472=ORIENTED_EDGE('',*,*,#1819,.T.);
#2473=ORIENTED_EDGE('',*,*,#1806,.F.);
#2474=ORIENTED_EDGE('',*,*,#1728,.T.);
#2475=ORIENTED_EDGE('',*,*,#1820,.T.);
#2476=ORIENTED_EDGE('',*,*,#1527,.T.);
#2477=ORIENTED_EDGE('',*,*,#1803,.F.);
#2478=ORIENTED_EDGE('',*,*,#1821,.T.);
#2479=ORIENTED_EDGE('',*,*,#1822,.T.);
#2480=ORIENTED_EDGE('',*,*,#1823,.T.);
#2481=ORIENTED_EDGE('',*,*,#1818,.F.);
#2482=ORIENTED_EDGE('',*,*,#1727,.T.);
#2483=ORIENTED_EDGE('',*,*,#1824,.T.);
#2484=ORIENTED_EDGE('',*,*,#1528,.T.);
#2485=ORIENTED_EDGE('',*,*,#1820,.F.);
#2486=ORIENTED_EDGE('',*,*,#1825,.F.);
#2487=ORIENTED_EDGE('',*,*,#1826,.T.);
#2488=ORIENTED_EDGE('',*,*,#1827,.T.);
#2489=ORIENTED_EDGE('',*,*,#1822,.F.);
#2490=ORIENTED_EDGE('',*,*,#1726,.T.);
#2491=ORIENTED_EDGE('',*,*,#1828,.T.);
#2492=ORIENTED_EDGE('',*,*,#1801,.T.);
#2493=ORIENTED_EDGE('',*,*,#1529,.T.);
#2494=ORIENTED_EDGE('',*,*,#1824,.F.);
#2495=ORIENTED_EDGE('',*,*,#1829,.T.);
#2496=ORIENTED_EDGE('',*,*,#1797,.T.);
#2497=ORIENTED_EDGE('',*,*,#1830,.F.);
#2498=ORIENTED_EDGE('',*,*,#1730,.T.);
#2499=ORIENTED_EDGE('',*,*,#1809,.F.);
#2500=ORIENTED_EDGE('',*,*,#1812,.F.);
#2501=ORIENTED_EDGE('',*,*,#1814,.F.);
#2502=ORIENTED_EDGE('',*,*,#1816,.F.);
#2503=ORIENTED_EDGE('',*,*,#1804,.F.);
#2504=ORIENTED_EDGE('',*,*,#1525,.T.);
#2505=ORIENTED_EDGE('',*,*,#1831,.F.);
#2506=ORIENTED_EDGE('',*,*,#1748,.F.);
#2507=ORIENTED_EDGE('',*,*,#1746,.F.);
#2508=ORIENTED_EDGE('',*,*,#1740,.F.);
#2509=ORIENTED_EDGE('',*,*,#1807,.F.);
#2510=ORIENTED_EDGE('',*,*,#1832,.T.);
#2511=ORIENTED_EDGE('',*,*,#1833,.F.);
#2512=ORIENTED_EDGE('',*,*,#1834,.F.);
#2513=ORIENTED_EDGE('',*,*,#1835,.F.);
#2514=ORIENTED_EDGE('',*,*,#1836,.F.);
#2515=ORIENTED_EDGE('',*,*,#1810,.F.);
#2516=ORIENTED_EDGE('',*,*,#1619,.T.);
#2517=ORIENTED_EDGE('',*,*,#1611,.F.);
#2518=ORIENTED_EDGE('',*,*,#1639,.F.);
#2519=ORIENTED_EDGE('',*,*,#1634,.F.);
#2520=ORIENTED_EDGE('',*,*,#1642,.F.);
#2521=ORIENTED_EDGE('',*,*,#1632,.F.);
#2522=ORIENTED_EDGE('',*,*,#1617,.F.);
#2523=ORIENTED_EDGE('',*,*,#1594,.F.);
#2524=ORIENTED_EDGE('',*,*,#1837,.T.);
#2525=ORIENTED_EDGE('',*,*,#1838,.T.);
#2526=ORIENTED_EDGE('',*,*,#1839,.T.);
#2527=ORIENTED_EDGE('',*,*,#1840,.T.);
#2528=ORIENTED_EDGE('',*,*,#1770,.T.);
#2529=ORIENTED_EDGE('',*,*,#1841,.T.);
#2530=ORIENTED_EDGE('',*,*,#1837,.F.);
#2531=ORIENTED_EDGE('',*,*,#1842,.T.);
#2532=ORIENTED_EDGE('',*,*,#1842,.F.);
#2533=ORIENTED_EDGE('',*,*,#1843,.T.);
#2534=ORIENTED_EDGE('',*,*,#1844,.T.);
#2535=ORIENTED_EDGE('',*,*,#1771,.T.);
#2536=ORIENTED_EDGE('',*,*,#1817,.F.);
#2537=ORIENTED_EDGE('',*,*,#1845,.T.);
#2538=ORIENTED_EDGE('',*,*,#1843,.F.);
#2539=ORIENTED_EDGE('',*,*,#1840,.F.);
#2540=ORIENTED_EDGE('',*,*,#1846,.F.);
#2541=ORIENTED_EDGE('',*,*,#1847,.T.);
#2542=ORIENTED_EDGE('',*,*,#1802,.F.);
#2543=ORIENTED_EDGE('',*,*,#1848,.T.);
#2544=ORIENTED_EDGE('',*,*,#1552,.F.);
#2545=ORIENTED_EDGE('',*,*,#1576,.F.);
#2546=ORIENTED_EDGE('',*,*,#1625,.F.);
#2547=ORIENTED_EDGE('',*,*,#1627,.F.);
#2548=ORIENTED_EDGE('',*,*,#1621,.F.);
#2549=ORIENTED_EDGE('',*,*,#1623,.F.);
#2550=ORIENTED_EDGE('',*,*,#1566,.F.);
#2551=ORIENTED_EDGE('',*,*,#1849,.T.);
#2552=ORIENTED_EDGE('',*,*,#1834,.T.);
#2553=ORIENTED_EDGE('',*,*,#1850,.T.);
#2554=ORIENTED_EDGE('',*,*,#1851,.T.);
#2555=ORIENTED_EDGE('',*,*,#1774,.T.);
#2556=ORIENTED_EDGE('',*,*,#1852,.T.);
#2557=ORIENTED_EDGE('',*,*,#1849,.F.);
#2558=ORIENTED_EDGE('',*,*,#1853,.T.);
#2559=ORIENTED_EDGE('',*,*,#1853,.F.);
#2560=ORIENTED_EDGE('',*,*,#1851,.F.);
#2561=ORIENTED_EDGE('',*,*,#1854,.F.);
#2562=ORIENTED_EDGE('',*,*,#1855,.F.);
#2563=ORIENTED_EDGE('',*,*,#1856,.T.);
#2564=ORIENTED_EDGE('',*,*,#1775,.F.);
#2565=ORIENTED_EDGE('',*,*,#1829,.F.);
#2566=ORIENTED_EDGE('',*,*,#1857,.F.);
#2567=ORIENTED_EDGE('',*,*,#1858,.F.);
#2568=ORIENTED_EDGE('',*,*,#1859,.F.);
#2569=ORIENTED_EDGE('',*,*,#1846,.T.);
#2570=ORIENTED_EDGE('',*,*,#1839,.F.);
#2571=ORIENTED_EDGE('',*,*,#1860,.T.);
#2572=ORIENTED_EDGE('',*,*,#1861,.T.);
#2573=ORIENTED_EDGE('',*,*,#1862,.F.);
#2574=ORIENTED_EDGE('',*,*,#1863,.F.);
#2575=ORIENTED_EDGE('',*,*,#1864,.T.);
#2576=ORIENTED_EDGE('',*,*,#1798,.F.);
#2577=ORIENTED_EDGE('',*,*,#1861,.F.);
#2578=ORIENTED_EDGE('',*,*,#1865,.T.);
#2579=ORIENTED_EDGE('',*,*,#1866,.F.);
#2580=ORIENTED_EDGE('',*,*,#1867,.T.);
#2581=ORIENTED_EDGE('',*,*,#1868,.F.);
#2582=ORIENTED_EDGE('',*,*,#1869,.T.);
#2583=ORIENTED_EDGE('',*,*,#1870,.F.);
#2584=ORIENTED_EDGE('',*,*,#1871,.T.);
#2585=ORIENTED_EDGE('',*,*,#1872,.F.);
#2586=ORIENTED_EDGE('',*,*,#1799,.T.);
#2587=ORIENTED_EDGE('',*,*,#1864,.F.);
#2588=ORIENTED_EDGE('',*,*,#1873,.F.);
#2589=ORIENTED_EDGE('',*,*,#1874,.F.);
#2590=ORIENTED_EDGE('',*,*,#1875,.F.);
#2591=ORIENTED_EDGE('',*,*,#1876,.F.);
#2592=ORIENTED_EDGE('',*,*,#1877,.F.);
#2593=ORIENTED_EDGE('',*,*,#1878,.F.);
#2594=ORIENTED_EDGE('',*,*,#1879,.T.);
#2595=ORIENTED_EDGE('',*,*,#1772,.T.);
#2596=ORIENTED_EDGE('',*,*,#1844,.F.);
#2597=ORIENTED_EDGE('',*,*,#1880,.T.);
#2598=ORIENTED_EDGE('',*,*,#1852,.F.);
#2599=ORIENTED_EDGE('',*,*,#1773,.T.);
#2600=ORIENTED_EDGE('',*,*,#1879,.F.);
#2601=ORIENTED_EDGE('',*,*,#1835,.T.);
#2602=ORIENTED_EDGE('',*,*,#1760,.F.);
#2603=ORIENTED_EDGE('',*,*,#1881,.F.);
#2604=ORIENTED_EDGE('',*,*,#1828,.F.);
#2605=ORIENTED_EDGE('',*,*,#1725,.T.);
#2606=ORIENTED_EDGE('',*,*,#1815,.F.);
#2607=ORIENTED_EDGE('',*,*,#1836,.T.);
#2608=ORIENTED_EDGE('',*,*,#1880,.F.);
#2609=ORIENTED_EDGE('',*,*,#1845,.F.);
#2610=ORIENTED_EDGE('',*,*,#1759,.F.);
#2611=ORIENTED_EDGE('',*,*,#1783,.T.);
#2612=ORIENTED_EDGE('',*,*,#1882,.T.);
#2613=ORIENTED_EDGE('',*,*,#1883,.T.);
#2614=ORIENTED_EDGE('',*,*,#1884,.F.);
#2615=ORIENTED_EDGE('',*,*,#1826,.F.);
#2616=ORIENTED_EDGE('',*,*,#1881,.T.);
#2617=ORIENTED_EDGE('',*,*,#1827,.F.);
#2618=ORIENTED_EDGE('',*,*,#1884,.T.);
#2619=ORIENTED_EDGE('',*,*,#1885,.T.);
#2620=ORIENTED_EDGE('',*,*,#1886,.F.);
#2621=ORIENTED_EDGE('',*,*,#1887,.F.);
#2622=ORIENTED_EDGE('',*,*,#1888,.T.);
#2623=ORIENTED_EDGE('',*,*,#1854,.T.);
#2624=ORIENTED_EDGE('',*,*,#1850,.F.);
#2625=ORIENTED_EDGE('',*,*,#1833,.T.);
#2626=ORIENTED_EDGE('',*,*,#1889,.T.);
#2627=ORIENTED_EDGE('',*,*,#1890,.T.);
#2628=ORIENTED_EDGE('',*,*,#1891,.T.);
#2629=ORIENTED_EDGE('',*,*,#1892,.T.);
#2630=ORIENTED_EDGE('',*,*,#1699,.T.);
#2631=ORIENTED_EDGE('',*,*,#1673,.T.);
#2632=ORIENTED_EDGE('',*,*,#1723,.T.);
#2633=ORIENTED_EDGE('',*,*,#1721,.F.);
#2634=ORIENTED_EDGE('',*,*,#1893,.T.);
#2635=ORIENTED_EDGE('',*,*,#1731,.T.);
#2636=ORIENTED_EDGE('',*,*,#1830,.T.);
#2637=ORIENTED_EDGE('',*,*,#1739,.T.);
#2638=ORIENTED_EDGE('',*,*,#1893,.F.);
#2639=ORIENTED_EDGE('',*,*,#1742,.T.);
#2640=ORIENTED_EDGE('',*,*,#1751,.F.);
#2641=ORIENTED_EDGE('',*,*,#1736,.F.);
#2642=ORIENTED_EDGE('',*,*,#1705,.T.);
#2643=ORIENTED_EDGE('',*,*,#1719,.T.);
#2644=ORIENTED_EDGE('',*,*,#1732,.T.);
#2645=ORIENTED_EDGE('',*,*,#1831,.T.);
#2646=ORIENTED_EDGE('',*,*,#1524,.T.);
#2647=ORIENTED_EDGE('',*,*,#1543,.T.);
#2648=ORIENTED_EDGE('',*,*,#1749,.F.);
#2649=ORIENTED_EDGE('',*,*,#1648,.T.);
#2650=ORIENTED_EDGE('',*,*,#1718,.F.);
#2651=ORIENTED_EDGE('',*,*,#1533,.T.);
#2652=ORIENTED_EDGE('',*,*,#1670,.T.);
#2653=ORIENTED_EDGE('',*,*,#1695,.T.);
#2654=ORIENTED_EDGE('',*,*,#1654,.T.);
#2655=ORIENTED_EDGE('',*,*,#1894,.T.);
#2656=ORIENTED_EDGE('',*,*,#1682,.T.);
#2657=ORIENTED_EDGE('',*,*,#1895,.T.);
#2658=ORIENTED_EDGE('',*,*,#1894,.F.);
#2659=ORIENTED_EDGE('',*,*,#1653,.F.);
#2660=ORIENTED_EDGE('',*,*,#1896,.F.);
#2661=ORIENTED_EDGE('',*,*,#1683,.F.);
#2662=ORIENTED_EDGE('',*,*,#1684,.T.);
#2663=ORIENTED_EDGE('',*,*,#1896,.T.);
#2664=ORIENTED_EDGE('',*,*,#1652,.T.);
#2665=ORIENTED_EDGE('',*,*,#1897,.T.);
#2666=ORIENTED_EDGE('',*,*,#1658,.F.);
#2667=ORIENTED_EDGE('',*,*,#1655,.F.);
#2668=ORIENTED_EDGE('',*,*,#1895,.F.);
#2669=ORIENTED_EDGE('',*,*,#1681,.F.);
#2670=ORIENTED_EDGE('',*,*,#1693,.F.);
#2671=ORIENTED_EDGE('',*,*,#1685,.F.);
#2672=ORIENTED_EDGE('',*,*,#1897,.F.);
#2673=ORIENTED_EDGE('',*,*,#1651,.F.);
#2674=ORIENTED_EDGE('',*,*,#1692,.F.);
#2675=ORIENTED_EDGE('',*,*,#1898,.T.);
#2676=ORIENTED_EDGE('',*,*,#1712,.T.);
#2677=ORIENTED_EDGE('',*,*,#1687,.F.);
#2678=ORIENTED_EDGE('',*,*,#1660,.F.);
#2679=ORIENTED_EDGE('',*,*,#1689,.T.);
#2680=ORIENTED_EDGE('',*,*,#1711,.T.);
#2681=ORIENTED_EDGE('',*,*,#1899,.F.);
#2682=ORIENTED_EDGE('',*,*,#1661,.F.);
#2683=ORIENTED_EDGE('',*,*,#1899,.T.);
#2684=ORIENTED_EDGE('',*,*,#1710,.T.);
#2685=ORIENTED_EDGE('',*,*,#1707,.F.);
#2686=ORIENTED_EDGE('',*,*,#1900,.F.);
#2687=ORIENTED_EDGE('',*,*,#1662,.F.);
#2688=ORIENTED_EDGE('',*,*,#1900,.T.);
#2689=ORIENTED_EDGE('',*,*,#1709,.F.);
#2690=ORIENTED_EDGE('',*,*,#1663,.F.);
#2691=ORIENTED_EDGE('',*,*,#1691,.F.);
#2692=ORIENTED_EDGE('',*,*,#1717,.T.);
#2693=ORIENTED_EDGE('',*,*,#1715,.F.);
#2694=ORIENTED_EDGE('',*,*,#1713,.T.);
#2695=ORIENTED_EDGE('',*,*,#1898,.F.);
#2696=ORIENTED_EDGE('',*,*,#1696,.F.);
#2697=ORIENTED_EDGE('',*,*,#1700,.F.);
#2698=ORIENTED_EDGE('',*,*,#1892,.F.);
#2699=ORIENTED_EDGE('',*,*,#1720,.F.);
#2700=ORIENTED_EDGE('',*,*,#1704,.T.);
#2701=ORIENTED_EDGE('',*,*,#1702,.F.);
#2702=ORIENTED_EDGE('',*,*,#1901,.F.);
#2703=ORIENTED_EDGE('',*,*,#1697,.F.);
#2704=ORIENTED_EDGE('',*,*,#1901,.T.);
#2705=ORIENTED_EDGE('',*,*,#1701,.F.);
#2706=ORIENTED_EDGE('',*,*,#1676,.T.);
#2707=ORIENTED_EDGE('',*,*,#1553,.F.);
#2708=ORIENTED_EDGE('',*,*,#1848,.F.);
#2709=ORIENTED_EDGE('',*,*,#1568,.F.);
#2710=ORIENTED_EDGE('',*,*,#1565,.F.);
#2711=ORIENTED_EDGE('',*,*,#1556,.F.);
#2712=ORIENTED_EDGE('',*,*,#1555,.F.);
#2713=ORIENTED_EDGE('',*,*,#1902,.F.);
#2714=ORIENTED_EDGE('',*,*,#1903,.T.);
#2715=ORIENTED_EDGE('',*,*,#1847,.F.);
#2716=ORIENTED_EDGE('',*,*,#1859,.T.);
#2717=ORIENTED_EDGE('',*,*,#1904,.T.);
#2718=ORIENTED_EDGE('',*,*,#1902,.T.);
#2719=ORIENTED_EDGE('',*,*,#1904,.F.);
#2720=ORIENTED_EDGE('',*,*,#1858,.T.);
#2721=ORIENTED_EDGE('',*,*,#1857,.T.);
#2722=ORIENTED_EDGE('',*,*,#1825,.T.);
#2723=ORIENTED_EDGE('',*,*,#1821,.F.);
#2724=ORIENTED_EDGE('',*,*,#1903,.F.);
#2725=ORIENTED_EDGE('',*,*,#1905,.T.);
#2726=ORIENTED_EDGE('',*,*,#1680,.F.);
#2727=ORIENTED_EDGE('',*,*,#1905,.F.);
#2728=ORIENTED_EDGE('',*,*,#1906,.F.);
#2729=ORIENTED_EDGE('',*,*,#1907,.T.);
#2730=ORIENTED_EDGE('',*,*,#1889,.F.);
#2731=ORIENTED_EDGE('',*,*,#1832,.F.);
#2732=ORIENTED_EDGE('',*,*,#1819,.F.);
#2733=ORIENTED_EDGE('',*,*,#1823,.F.);
#2734=ORIENTED_EDGE('',*,*,#1891,.F.);
#2735=ORIENTED_EDGE('',*,*,#1890,.F.);
#2736=ORIENTED_EDGE('',*,*,#1908,.T.);
#2737=ORIENTED_EDGE('',*,*,#1906,.T.);
#2738=ORIENTED_EDGE('',*,*,#1908,.F.);
#2739=ORIENTED_EDGE('',*,*,#1907,.F.);
#2740=ORIENTED_EDGE('',*,*,#1909,.T.);
#2741=ORIENTED_EDGE('',*,*,#1679,.F.);
#2742=ORIENTED_EDGE('',*,*,#1909,.F.);
#2743=ORIENTED_EDGE('',*,*,#1873,.T.);
#2744=ORIENTED_EDGE('',*,*,#1863,.T.);
#2745=ORIENTED_EDGE('',*,*,#1910,.T.);
#2746=ORIENTED_EDGE('',*,*,#1789,.F.);
#2747=ORIENTED_EDGE('',*,*,#1911,.F.);
#2748=ORIENTED_EDGE('',*,*,#1874,.T.);
#2749=ORIENTED_EDGE('',*,*,#1911,.T.);
#2750=ORIENTED_EDGE('',*,*,#1788,.F.);
#2751=ORIENTED_EDGE('',*,*,#1912,.F.);
#2752=ORIENTED_EDGE('',*,*,#1875,.T.);
#2753=ORIENTED_EDGE('',*,*,#1912,.T.);
#2754=ORIENTED_EDGE('',*,*,#1787,.F.);
#2755=ORIENTED_EDGE('',*,*,#1913,.F.);
#2756=ORIENTED_EDGE('',*,*,#1876,.T.);
#2757=ORIENTED_EDGE('',*,*,#1913,.T.);
#2758=ORIENTED_EDGE('',*,*,#1786,.F.);
#2759=ORIENTED_EDGE('',*,*,#1914,.F.);
#2760=ORIENTED_EDGE('',*,*,#1877,.T.);
#2761=ORIENTED_EDGE('',*,*,#1914,.T.);
#2762=ORIENTED_EDGE('',*,*,#1785,.F.);
#2763=ORIENTED_EDGE('',*,*,#1915,.F.);
#2764=ORIENTED_EDGE('',*,*,#1878,.T.);
#2765=ORIENTED_EDGE('',*,*,#1915,.T.);
#2766=ORIENTED_EDGE('',*,*,#1784,.F.);
#2767=ORIENTED_EDGE('',*,*,#1910,.F.);
#2768=ORIENTED_EDGE('',*,*,#1862,.T.);
#2769=ORIENTED_EDGE('',*,*,#1916,.T.);
#2770=ORIENTED_EDGE('',*,*,#1917,.T.);
#2771=ORIENTED_EDGE('',*,*,#1795,.F.);
#2772=ORIENTED_EDGE('',*,*,#1918,.F.);
#2773=ORIENTED_EDGE('',*,*,#1919,.T.);
#2774=ORIENTED_EDGE('',*,*,#1918,.T.);
#2775=ORIENTED_EDGE('',*,*,#1794,.F.);
#2776=ORIENTED_EDGE('',*,*,#1920,.F.);
#2777=ORIENTED_EDGE('',*,*,#1921,.T.);
#2778=ORIENTED_EDGE('',*,*,#1920,.T.);
#2779=ORIENTED_EDGE('',*,*,#1793,.F.);
#2780=ORIENTED_EDGE('',*,*,#1922,.F.);
#2781=ORIENTED_EDGE('',*,*,#1923,.T.);
#2782=ORIENTED_EDGE('',*,*,#1922,.T.);
#2783=ORIENTED_EDGE('',*,*,#1792,.F.);
#2784=ORIENTED_EDGE('',*,*,#1924,.F.);
#2785=ORIENTED_EDGE('',*,*,#1925,.T.);
#2786=ORIENTED_EDGE('',*,*,#1924,.T.);
#2787=ORIENTED_EDGE('',*,*,#1791,.F.);
#2788=ORIENTED_EDGE('',*,*,#1926,.F.);
#2789=ORIENTED_EDGE('',*,*,#1886,.T.);
#2790=ORIENTED_EDGE('',*,*,#1927,.T.);
#2791=ORIENTED_EDGE('',*,*,#1887,.T.);
#2792=ORIENTED_EDGE('',*,*,#1926,.T.);
#2793=ORIENTED_EDGE('',*,*,#1790,.F.);
#2794=ORIENTED_EDGE('',*,*,#1917,.F.);
#2795=ORIENTED_EDGE('',*,*,#1882,.F.);
#2796=ORIENTED_EDGE('',*,*,#1782,.F.);
#2797=ORIENTED_EDGE('',*,*,#1928,.F.);
#2798=ORIENTED_EDGE('',*,*,#1929,.T.);
#2799=ORIENTED_EDGE('',*,*,#1930,.F.);
#2800=ORIENTED_EDGE('',*,*,#1928,.T.);
#2801=ORIENTED_EDGE('',*,*,#1781,.F.);
#2802=ORIENTED_EDGE('',*,*,#1931,.F.);
#2803=ORIENTED_EDGE('',*,*,#1932,.T.);
#2804=ORIENTED_EDGE('',*,*,#1931,.T.);
#2805=ORIENTED_EDGE('',*,*,#1780,.F.);
#2806=ORIENTED_EDGE('',*,*,#1933,.F.);
#2807=ORIENTED_EDGE('',*,*,#1934,.F.);
#2808=ORIENTED_EDGE('',*,*,#1933,.T.);
#2809=ORIENTED_EDGE('',*,*,#1779,.F.);
#2810=ORIENTED_EDGE('',*,*,#1935,.F.);
#2811=ORIENTED_EDGE('',*,*,#1936,.T.);
#2812=ORIENTED_EDGE('',*,*,#1935,.T.);
#2813=ORIENTED_EDGE('',*,*,#1778,.F.);
#2814=ORIENTED_EDGE('',*,*,#1937,.F.);
#2815=ORIENTED_EDGE('',*,*,#1938,.F.);
#2816=ORIENTED_EDGE('',*,*,#1937,.T.);
#2817=ORIENTED_EDGE('',*,*,#1777,.F.);
#2818=ORIENTED_EDGE('',*,*,#1939,.F.);
#2819=ORIENTED_EDGE('',*,*,#1940,.T.);
#2820=ORIENTED_EDGE('',*,*,#1939,.T.);
#2821=ORIENTED_EDGE('',*,*,#1776,.F.);
#2822=ORIENTED_EDGE('',*,*,#1856,.F.);
#2823=ORIENTED_EDGE('',*,*,#1841,.F.);
#2824=ORIENTED_EDGE('',*,*,#1769,.F.);
#2825=ORIENTED_EDGE('',*,*,#1941,.F.);
#2826=ORIENTED_EDGE('',*,*,#1865,.F.);
#2827=ORIENTED_EDGE('',*,*,#1860,.F.);
#2828=ORIENTED_EDGE('',*,*,#1838,.F.);
#2829=ORIENTED_EDGE('',*,*,#1866,.T.);
#2830=ORIENTED_EDGE('',*,*,#1941,.T.);
#2831=ORIENTED_EDGE('',*,*,#1768,.F.);
#2832=ORIENTED_EDGE('',*,*,#1942,.F.);
#2833=ORIENTED_EDGE('',*,*,#1867,.F.);
#2834=ORIENTED_EDGE('',*,*,#1942,.T.);
#2835=ORIENTED_EDGE('',*,*,#1767,.F.);
#2836=ORIENTED_EDGE('',*,*,#1943,.F.);
#2837=ORIENTED_EDGE('',*,*,#1868,.T.);
#2838=ORIENTED_EDGE('',*,*,#1943,.T.);
#2839=ORIENTED_EDGE('',*,*,#1766,.F.);
#2840=ORIENTED_EDGE('',*,*,#1944,.F.);
#2841=ORIENTED_EDGE('',*,*,#1869,.F.);
#2842=ORIENTED_EDGE('',*,*,#1944,.T.);
#2843=ORIENTED_EDGE('',*,*,#1765,.F.);
#2844=ORIENTED_EDGE('',*,*,#1945,.F.);
#2845=ORIENTED_EDGE('',*,*,#1870,.T.);
#2846=ORIENTED_EDGE('',*,*,#1945,.T.);
#2847=ORIENTED_EDGE('',*,*,#1764,.F.);
#2848=ORIENTED_EDGE('',*,*,#1946,.F.);
#2849=ORIENTED_EDGE('',*,*,#1871,.F.);
#2850=ORIENTED_EDGE('',*,*,#1946,.T.);
#2851=ORIENTED_EDGE('',*,*,#1763,.F.);
#2852=ORIENTED_EDGE('',*,*,#1947,.F.);
#2853=ORIENTED_EDGE('',*,*,#1800,.F.);
#2854=ORIENTED_EDGE('',*,*,#1872,.T.);
#2855=ORIENTED_EDGE('',*,*,#1947,.T.);
#2856=ORIENTED_EDGE('',*,*,#1762,.F.);
#2857=ORIENTED_EDGE('',*,*,#1888,.F.);
#2858=ORIENTED_EDGE('',*,*,#1927,.F.);
#2859=ORIENTED_EDGE('',*,*,#1916,.F.);
#2860=ORIENTED_EDGE('',*,*,#1919,.F.);
#2861=ORIENTED_EDGE('',*,*,#1921,.F.);
#2862=ORIENTED_EDGE('',*,*,#1923,.F.);
#2863=ORIENTED_EDGE('',*,*,#1925,.F.);
#2864=ORIENTED_EDGE('',*,*,#1885,.F.);
#2865=ORIENTED_EDGE('',*,*,#1883,.F.);
#2866=ORIENTED_EDGE('',*,*,#1929,.F.);
#2867=ORIENTED_EDGE('',*,*,#1930,.T.);
#2868=ORIENTED_EDGE('',*,*,#1932,.F.);
#2869=ORIENTED_EDGE('',*,*,#1934,.T.);
#2870=ORIENTED_EDGE('',*,*,#1936,.F.);
#2871=ORIENTED_EDGE('',*,*,#1938,.T.);
#2872=ORIENTED_EDGE('',*,*,#1940,.F.);
#2873=ORIENTED_EDGE('',*,*,#1855,.T.);
#2874=CYLINDRICAL_SURFACE('',#3128,0.5);
#2875=CYLINDRICAL_SURFACE('',#3132,0.5);
#2876=CYLINDRICAL_SURFACE('',#3138,0.5);
#2877=CYLINDRICAL_SURFACE('',#3146,0.5);
#2878=CYLINDRICAL_SURFACE('',#3153,4.);
#2879=CYLINDRICAL_SURFACE('',#3154,0.999999999999996);
#2880=CYLINDRICAL_SURFACE('',#3173,1.);
#2881=CYLINDRICAL_SURFACE('',#3174,1.);
#2882=CYLINDRICAL_SURFACE('',#3175,1.);
#2883=CYLINDRICAL_SURFACE('',#3180,1.);
#2884=CYLINDRICAL_SURFACE('',#3189,1.);
#2885=CYLINDRICAL_SURFACE('',#3190,1.);
#2886=CYLINDRICAL_SURFACE('',#3193,1.);
#2887=CYLINDRICAL_SURFACE('',#3196,1.);
#2888=CYLINDRICAL_SURFACE('',#3197,1.);
#2889=CYLINDRICAL_SURFACE('',#3207,1.);
#2890=CYLINDRICAL_SURFACE('',#3212,1.);
#2891=CYLINDRICAL_SURFACE('',#3217,1.);
#2892=CYLINDRICAL_SURFACE('',#3218,1.);
#2893=CYLINDRICAL_SURFACE('',#3227,1.);
#2894=CYLINDRICAL_SURFACE('',#3229,1.);
#2895=CYLINDRICAL_SURFACE('',#3235,1.);
#2896=CYLINDRICAL_SURFACE('',#3238,1.);
#2897=CYLINDRICAL_SURFACE('',#3241,1.);
#2898=CYLINDRICAL_SURFACE('',#3249,1.);
#2899=CYLINDRICAL_SURFACE('',#3250,1.);
#2900=CYLINDRICAL_SURFACE('',#3251,1.);
#2901=CYLINDRICAL_SURFACE('',#3252,1.);
#2902=CYLINDRICAL_SURFACE('',#3262,1.);
#2903=CYLINDRICAL_SURFACE('',#3280,1.);
#2904=CYLINDRICAL_SURFACE('',#3283,2.);
#2905=CYLINDRICAL_SURFACE('',#3286,2.);
#2906=CYLINDRICAL_SURFACE('',#3289,2.);
#2907=CYLINDRICAL_SURFACE('',#3292,2.);
#2908=CYLINDRICAL_SURFACE('',#3295,2.);
#2909=CYLINDRICAL_SURFACE('',#3296,2.);
#2910=CYLINDRICAL_SURFACE('',#3304,2.);
#2911=CYLINDRICAL_SURFACE('',#3306,2.);
#2912=CYLINDRICAL_SURFACE('',#3312,2.);
#2913=CYLINDRICAL_SURFACE('',#3313,2.);
#2914=CYLINDRICAL_SURFACE('',#3314,2.);
#2915=CYLINDRICAL_SURFACE('',#3317,2.);
#2916=CYLINDRICAL_SURFACE('',#3320,2.);
#2917=CYLINDRICAL_SURFACE('',#3322,2.);
#2918=CYLINDRICAL_SURFACE('',#3338,2.);
#2919=CYLINDRICAL_SURFACE('',#3342,2.);
#2920=CYLINDRICAL_SURFACE('',#3346,2.);
#2921=CYLINDRICAL_SURFACE('',#3350,2.);
#2922=CYLINDRICAL_SURFACE('',#3356,2.);
#2923=CYLINDRICAL_SURFACE('',#3366,2.);
#2924=CYLINDRICAL_SURFACE('',#3369,2.);
#2925=CYLINDRICAL_SURFACE('',#3373,2.);
#2926=CYLINDRICAL_SURFACE('',#3376,27.3228663292721);
#2927=CYLINDRICAL_SURFACE('',#3378,2.);
#2928=CYLINDRICAL_SURFACE('',#3390,2.);
#2929=CYLINDRICAL_SURFACE('',#3392,20.);
#2930=CYLINDRICAL_SURFACE('',#3393,2.);
#2931=CYLINDRICAL_SURFACE('',#3396,2.);
#2932=CYLINDRICAL_SURFACE('',#3399,5.);
#2933=CYLINDRICAL_SURFACE('',#3401,5.);
#2934=CYLINDRICAL_SURFACE('',#3403,5.);
#2935=CYLINDRICAL_SURFACE('',#3404,5.);
#2936=CYLINDRICAL_SURFACE('',#3405,2.5);
#2937=CYLINDRICAL_SURFACE('',#3407,2.5);
#2938=CYLINDRICAL_SURFACE('',#3421,4.);
#2939=CYLINDRICAL_SURFACE('',#3422,2.25);
#2940=CYLINDRICAL_SURFACE('',#3426,4.);
#2941=CYLINDRICAL_SURFACE('',#3427,2.25);
#2942=CYLINDRICAL_SURFACE('',#3440,5.0000000000001);
#2943=CYLINDRICAL_SURFACE('',#3443,4.99999999999996);
#2944=CYLINDRICAL_SURFACE('',#3446,5.00000000000001);
#2945=CYLINDRICAL_SURFACE('',#3449,4.99999999999978);
#2946=CYLINDRICAL_SURFACE('',#3451,27.3228663292723);
#2947=CYLINDRICAL_SURFACE('',#3452,5.00000000000025);
#2948=CYLINDRICAL_SURFACE('',#3454,5.00000000000002);
#2949=CYLINDRICAL_SURFACE('',#3456,4.99999999999997);
#2950=CYLINDRICAL_SURFACE('',#3458,4.99999999999998);
#2951=ADVANCED_FACE('',(#153),#2874,.F.);
#2952=ADVANCED_FACE('',(#154),#83,.T.);
#2953=ADVANCED_FACE('',(#155),#2875,.T.);
#2954=ADVANCED_FACE('',(#156),#84,.T.);
#2955=ADVANCED_FACE('',(#157),#85,.T.);
#2956=ADVANCED_FACE('',(#158),#2876,.T.);
#2957=ADVANCED_FACE('',(#159),#86,.T.);
#2958=ADVANCED_FACE('',(#160),#87,.T.);
#2959=ADVANCED_FACE('',(#161),#2877,.T.);
#2960=ADVANCED_FACE('',(#162),#88,.T.);
#2961=ADVANCED_FACE('',(#163),#89,.T.);
#2962=ADVANCED_FACE('',(#164),#2878,.F.);
#2963=ADVANCED_FACE('',(#165),#2879,.F.);
#2964=ADVANCED_FACE('',(#166),#90,.T.);
#2965=ADVANCED_FACE('',(#167),#91,.T.);
#2966=ADVANCED_FACE('',(#168),#92,.T.);
#2967=ADVANCED_FACE('',(#169),#41,.T.);
#2968=ADVANCED_FACE('',(#170),#42,.T.);
#2969=ADVANCED_FACE('',(#171),#35,.T.);
#2970=ADVANCED_FACE('',(#172),#2880,.T.);
#2971=ADVANCED_FACE('',(#173),#2881,.T.);
#2972=ADVANCED_FACE('',(#174),#2882,.T.);
#2973=ADVANCED_FACE('',(#175),#43,.T.);
#2974=ADVANCED_FACE('',(#176),#2883,.T.);
#2975=ADVANCED_FACE('',(#177),#36,.T.);
#2976=ADVANCED_FACE('',(#178),#44,.T.);
#2977=ADVANCED_FACE('',(#179),#2884,.T.);
#2978=ADVANCED_FACE('',(#180),#2885,.F.);
#2979=ADVANCED_FACE('',(#181),#93,.T.);
#2980=ADVANCED_FACE('',(#182),#2886,.T.);
#2981=ADVANCED_FACE('',(#183),#94,.F.);
#2982=ADVANCED_FACE('',(#184),#2887,.T.);
#2983=ADVANCED_FACE('',(#185),#2888,.T.);
#2984=ADVANCED_FACE('',(#186),#45,.T.);
#2985=ADVANCED_FACE('',(#187),#46,.T.);
#2986=ADVANCED_FACE('',(#188),#2889,.T.);
#2987=ADVANCED_FACE('',(#189),#37,.T.);
#2988=ADVANCED_FACE('',(#190),#2890,.T.);
#2989=ADVANCED_FACE('',(#191),#47,.T.);
#2990=ADVANCED_FACE('',(#192),#2891,.T.);
#2991=ADVANCED_FACE('',(#193),#2892,.T.);
#2992=ADVANCED_FACE('',(#194),#48,.T.);
#2993=ADVANCED_FACE('',(#195),#38,.T.);
#2994=ADVANCED_FACE('',(#196),#2893,.T.);
#2995=ADVANCED_FACE('',(#197),#95,.T.);
#2996=ADVANCED_FACE('',(#198),#2894,.F.);
#2997=ADVANCED_FACE('',(#199),#96,.T.);
#2998=ADVANCED_FACE('',(#200),#23,.T.);
#2999=ADVANCED_FACE('',(#201),#2895,.F.);
#3000=ADVANCED_FACE('',(#202),#24,.T.);
#3001=ADVANCED_FACE('',(#203),#2896,.F.);
#3002=ADVANCED_FACE('',(#204),#97,.T.);
#3003=ADVANCED_FACE('',(#205),#98,.T.);
#3004=ADVANCED_FACE('',(#206),#2897,.T.);
#3005=ADVANCED_FACE('',(#207),#25,.T.);
#3006=ADVANCED_FACE('',(#208),#26,.T.);
#3007=ADVANCED_FACE('',(#209),#2898,.F.);
#3008=ADVANCED_FACE('',(#210),#2899,.T.);
#3009=ADVANCED_FACE('',(#211),#2900,.F.);
#3010=ADVANCED_FACE('',(#212),#2901,.T.);
#3011=ADVANCED_FACE('',(#213),#99,.F.);
#3012=ADVANCED_FACE('',(#214),#100,.T.);
#3013=ADVANCED_FACE('',(#215),#101,.T.);
#3014=ADVANCED_FACE('',(#216),#102,.T.);
#3015=ADVANCED_FACE('',(#217),#2902,.T.);
#3016=ADVANCED_FACE('',(#218,#15,#16),#103,.T.);
#3017=ADVANCED_FACE('',(#219),#104,.F.);
#3018=ADVANCED_FACE('',(#220),#2903,.T.);
#3019=ADVANCED_FACE('',(#221),#105,.T.);
#3020=ADVANCED_FACE('',(#222),#2904,.T.);
#3021=ADVANCED_FACE('',(#223),#106,.T.);
#3022=ADVANCED_FACE('',(#224),#2905,.T.);
#3023=ADVANCED_FACE('',(#225),#107,.T.);
#3024=ADVANCED_FACE('',(#226),#2906,.F.);
#3025=ADVANCED_FACE('',(#227),#108,.F.);
#3026=ADVANCED_FACE('',(#228),#2907,.F.);
#3027=ADVANCED_FACE('',(#229),#109,.F.);
#3028=ADVANCED_FACE('',(#230),#2908,.F.);
#3029=ADVANCED_FACE('',(#231),#2909,.F.);
#3030=ADVANCED_FACE('',(#232),#110,.T.);
#3031=ADVANCED_FACE('',(#233),#49,.F.);
#3032=ADVANCED_FACE('',(#234),#2910,.F.);
#3033=ADVANCED_FACE('',(#235),#2911,.F.);
#3034=ADVANCED_FACE('',(#236),#50,.F.);
#3035=ADVANCED_FACE('',(#237),#2912,.F.);
#3036=ADVANCED_FACE('',(#238),#2913,.F.);
#3037=ADVANCED_FACE('',(#239),#2914,.F.);
#3038=ADVANCED_FACE('',(#240),#111,.T.);
#3039=ADVANCED_FACE('',(#241),#112,.T.);
#3040=ADVANCED_FACE('',(#242),#2915,.T.);
#3041=ADVANCED_FACE('',(#243),#2916,.T.);
#3042=ADVANCED_FACE('',(#244),#2917,.T.);
#3043=ADVANCED_FACE('',(#245,#17,#18),#113,.T.);
#3044=ADVANCED_FACE('',(#246),#2918,.F.);
#3045=ADVANCED_FACE('',(#247),#114,.T.);
#3046=ADVANCED_FACE('',(#248),#2919,.T.);
#3047=ADVANCED_FACE('',(#249),#2920,.T.);
#3048=ADVANCED_FACE('',(#250),#2921,.T.);
#3049=ADVANCED_FACE('',(#251),#39,.T.);
#3050=ADVANCED_FACE('',(#252),#2922,.T.);
#3051=ADVANCED_FACE('',(#253),#27,.F.);
#3052=ADVANCED_FACE('',(#254),#28,.F.);
#3053=ADVANCED_FACE('',(#255),#29,.F.);
#3054=ADVANCED_FACE('',(#256),#30,.F.);
#3055=ADVANCED_FACE('',(#257),#31,.F.);
#3056=ADVANCED_FACE('',(#258),#32,.F.);
#3057=ADVANCED_FACE('',(#259),#115,.T.);
#3058=ADVANCED_FACE('',(#260,#19),#116,.T.);
#3059=ADVANCED_FACE('',(#261),#2923,.F.);
#3060=ADVANCED_FACE('',(#262),#33,.T.);
#3061=ADVANCED_FACE('',(#263),#2924,.T.);
#3062=ADVANCED_FACE('',(#264,#20),#117,.T.);
#3063=ADVANCED_FACE('',(#265),#2925,.F.);
#3064=ADVANCED_FACE('',(#266),#34,.T.);
#3065=ADVANCED_FACE('',(#267),#2926,.F.);
#3066=ADVANCED_FACE('',(#268),#2927,.F.);
#3067=ADVANCED_FACE('',(#269),#118,.F.);
#3068=ADVANCED_FACE('',(#270),#40,.T.);
#3069=ADVANCED_FACE('',(#271),#2928,.T.);
#3070=ADVANCED_FACE('',(#272),#119,.T.);
#3071=ADVANCED_FACE('',(#273),#2929,.F.);
#3072=ADVANCED_FACE('',(#274),#2930,.F.);
#3073=ADVANCED_FACE('',(#275),#2931,.F.);
#3074=ADVANCED_FACE('',(#276),#2932,.F.);
#3075=ADVANCED_FACE('',(#277),#2933,.F.);
#3076=ADVANCED_FACE('',(#278),#120,.T.);
#3077=ADVANCED_FACE('',(#279),#2934,.F.);
#3078=ADVANCED_FACE('',(#280),#2935,.F.);
#3079=ADVANCED_FACE('',(#281),#2936,.F.);
#3080=ADVANCED_FACE('',(#282),#121,.F.);
#3081=ADVANCED_FACE('',(#283),#2937,.F.);
#3082=ADVANCED_FACE('',(#284),#122,.F.);
#3083=ADVANCED_FACE('',(#285),#123,.F.);
#3084=ADVANCED_FACE('',(#286),#124,.F.);
#3085=ADVANCED_FACE('',(#287),#125,.F.);
#3086=ADVANCED_FACE('',(#288),#126,.F.);
#3087=ADVANCED_FACE('',(#289),#127,.F.);
#3088=ADVANCED_FACE('',(#290),#128,.F.);
#3089=ADVANCED_FACE('',(#291),#129,.T.);
#3090=ADVANCED_FACE('',(#292),#130,.T.);
#3091=ADVANCED_FACE('',(#293),#131,.T.);
#3092=ADVANCED_FACE('',(#294,#21),#132,.F.);
#3093=ADVANCED_FACE('',(#295),#2938,.F.);
#3094=ADVANCED_FACE('',(#296),#2939,.F.);
#3095=ADVANCED_FACE('',(#297,#22),#133,.F.);
#3096=ADVANCED_FACE('',(#298),#2940,.F.);
#3097=ADVANCED_FACE('',(#299),#2941,.F.);
#3098=ADVANCED_FACE('',(#300),#134,.T.);
#3099=ADVANCED_FACE('',(#301),#135,.T.);
#3100=ADVANCED_FACE('',(#302),#136,.T.);
#3101=ADVANCED_FACE('',(#303),#137,.T.);
#3102=ADVANCED_FACE('',(#304),#138,.T.);
#3103=ADVANCED_FACE('',(#305),#139,.T.);
#3104=ADVANCED_FACE('',(#306),#140,.T.);
#3105=ADVANCED_FACE('',(#307),#141,.T.);
#3106=ADVANCED_FACE('',(#308),#142,.T.);
#3107=ADVANCED_FACE('',(#309),#143,.T.);
#3108=ADVANCED_FACE('',(#310),#144,.T.);
#3109=ADVANCED_FACE('',(#311),#145,.T.);
#3110=ADVANCED_FACE('',(#312),#2942,.T.);
#3111=ADVANCED_FACE('',(#313),#146,.T.);
#3112=ADVANCED_FACE('',(#314),#2943,.T.);
#3113=ADVANCED_FACE('',(#315),#147,.T.);
#3114=ADVANCED_FACE('',(#316),#2944,.T.);
#3115=ADVANCED_FACE('',(#317),#148,.T.);
#3116=ADVANCED_FACE('',(#318),#2945,.T.);
#3117=ADVANCED_FACE('',(#319),#2946,.F.);
#3118=ADVANCED_FACE('',(#320),#2947,.T.);
#3119=ADVANCED_FACE('',(#321),#149,.T.);
#3120=ADVANCED_FACE('',(#322),#2948,.T.);
#3121=ADVANCED_FACE('',(#323),#150,.T.);
#3122=ADVANCED_FACE('',(#324),#2949,.T.);
#3123=ADVANCED_FACE('',(#325),#151,.T.);
#3124=ADVANCED_FACE('',(#326),#2950,.T.);
#3125=ADVANCED_FACE('',(#327),#152,.F.);
#3126=CLOSED_SHELL('',(#2951,#2952,#2953,#2954,#2955,#2956,#2957,#2958,
#2959,#2960,#2961,#2962,#2963,#2964,#2965,#2966,#2967,#2968,#2969,#2970,
#2971,#2972,#2973,#2974,#2975,#2976,#2977,#2978,#2979,#2980,#2981,#2982,
#2983,#2984,#2985,#2986,#2987,#2988,#2989,#2990,#2991,#2992,#2993,#2994,
#2995,#2996,#2997,#2998,#2999,#3000,#3001,#3002,#3003,#3004,#3005,#3006,
#3007,#3008,#3009,#3010,#3011,#3012,#3013,#3014,#3015,#3016,#3017,#3018,
#3019,#3020,#3021,#3022,#3023,#3024,#3025,#3026,#3027,#3028,#3029,#3030,
#3031,#3032,#3033,#3034,#3035,#3036,#3037,#3038,#3039,#3040,#3041,#3042,
#3043,#3044,#3045,#3046,#3047,#3048,#3049,#3050,#3051,#3052,#3053,#3054,
#3055,#3056,#3057,#3058,#3059,#3060,#3061,#3062,#3063,#3064,#3065,#3066,
#3067,#3068,#3069,#3070,#3071,#3072,#3073,#3074,#3075,#3076,#3077,#3078,
#3079,#3080,#3081,#3082,#3083,#3084,#3085,#3086,#3087,#3088,#3089,#3090,
#3091,#3092,#3093,#3094,#3095,#3096,#3097,#3098,#3099,#3100,#3101,#3102,
#3103,#3104,#3105,#3106,#3107,#3108,#3109,#3110,#3111,#3112,#3113,#3114,
#3115,#3116,#3117,#3118,#3119,#3120,#3121,#3122,#3123,#3124,#3125));
#3127=AXIS2_PLACEMENT_3D('',#4379,#3460,#3461);
#3128=AXIS2_PLACEMENT_3D('',#4380,#3462,#3463);
#3129=AXIS2_PLACEMENT_3D('',#4399,#3465,#3466);
#3130=AXIS2_PLACEMENT_3D('',#4402,#3468,#3469);
#3131=AXIS2_PLACEMENT_3D('',#4403,#3470,#3471);
#3132=AXIS2_PLACEMENT_3D('',#4409,#3475,#3476);
#3133=AXIS2_PLACEMENT_3D('',#4411,#3477,#3478);
#3134=AXIS2_PLACEMENT_3D('',#4414,#3480,#3481);
#3135=AXIS2_PLACEMENT_3D('',#4415,#3482,#3483);
#3136=AXIS2_PLACEMENT_3D('',#4421,#3487,#3488);
#3137=AXIS2_PLACEMENT_3D('',#4426,#3491,#3492);
#3138=AXIS2_PLACEMENT_3D('',#4427,#3493,#3494);
#3139=AXIS2_PLACEMENT_3D('',#4430,#3495,#3496);
#3140=AXIS2_PLACEMENT_3D('',#4434,#3498,#3499);
#3141=AXIS2_PLACEMENT_3D('',#4436,#3501,#3502);
#3142=AXIS2_PLACEMENT_3D('',#4442,#3506,#3507);
#3143=AXIS2_PLACEMENT_3D('',#4446,#3509,#3510);
#3144=AXIS2_PLACEMENT_3D('',#4452,#3513,#3514);
#3145=AXIS2_PLACEMENT_3D('',#4455,#3516,#3517);
#3146=AXIS2_PLACEMENT_3D('',#4456,#3518,#3519);
#3147=AXIS2_PLACEMENT_3D('',#4459,#3521,#3522);
#3148=AXIS2_PLACEMENT_3D('',#4460,#3523,#3524);
#3149=AXIS2_PLACEMENT_3D('',#4462,#3525,#3526);
#3150=AXIS2_PLACEMENT_3D('',#4467,#3529,#3530);
#3151=AXIS2_PLACEMENT_3D('',#4471,#3532,#3533);
#3152=AXIS2_PLACEMENT_3D('',#4507,#3541,#3542);
#3153=AXIS2_PLACEMENT_3D('',#4509,#3544,#3545);
#3154=AXIS2_PLACEMENT_3D('',#4511,#3547,#3548);
#3155=AXIS2_PLACEMENT_3D('',#4527,#3550,#3551);
#3156=AXIS2_PLACEMENT_3D('',#4529,#3552,#3553);
#3157=AXIS2_PLACEMENT_3D('',#4532,#3555,#3556);
#3158=AXIS2_PLACEMENT_3D('',#4533,#3557,#3558);
#3159=AXIS2_PLACEMENT_3D('',#4534,#3559,#3560);
#3160=AXIS2_PLACEMENT_3D('',#4536,#3561,#3562);
#3161=AXIS2_PLACEMENT_3D('',#4538,#3564,#3565);
#3162=AXIS2_PLACEMENT_3D('',#4541,#3566,#3567);
#3163=AXIS2_PLACEMENT_3D('',#4543,#3568,#3569);
#3164=AXIS2_PLACEMENT_3D('',#4544,#3570,#3571);
#3165=AXIS2_PLACEMENT_3D('',#4545,#3572,#3573);
#3166=AXIS2_PLACEMENT_3D('',#4548,#3574,#3575);
#3167=AXIS2_PLACEMENT_3D('',#4550,#3576,#3577);
#3168=AXIS2_PLACEMENT_3D('',#4551,#3578,#3579);
#3169=AXIS2_PLACEMENT_3D('',#4552,#3580,#3581);
#3170=AXIS2_PLACEMENT_3D('',#4555,#3582,#3583);
#3171=AXIS2_PLACEMENT_3D('',#4557,#3584,#3585);
#3172=AXIS2_PLACEMENT_3D('',#4565,#3586,#3587);
#3173=AXIS2_PLACEMENT_3D('',#4566,#3588,#3589);
#3174=AXIS2_PLACEMENT_3D('',#4569,#3592,#3593);
#3175=AXIS2_PLACEMENT_3D('',#4572,#3596,#3597);
#3176=AXIS2_PLACEMENT_3D('',#4575,#3598,#3599);
#3177=AXIS2_PLACEMENT_3D('',#4578,#3602,#3603);
#3178=AXIS2_PLACEMENT_3D('',#4580,#3604,#3605);
#3179=AXIS2_PLACEMENT_3D('',#4581,#3606,#3607);
#3180=AXIS2_PLACEMENT_3D('',#4582,#3608,#3609);
#3181=AXIS2_PLACEMENT_3D('',#4585,#3610,#3611);
#3182=AXIS2_PLACEMENT_3D('',#4588,#3614,#3615);
#3183=AXIS2_PLACEMENT_3D('',#4597,#3616,#3617);
#3184=AXIS2_PLACEMENT_3D('',#4598,#3618,#3619);
#3185=AXIS2_PLACEMENT_3D('',#4599,#3620,#3621);
#3186=AXIS2_PLACEMENT_3D('',#4602,#3622,#3623);
#3187=AXIS2_PLACEMENT_3D('',#4604,#3624,#3625);
#3188=AXIS2_PLACEMENT_3D('',#4605,#3626,#3627);
#3189=AXIS2_PLACEMENT_3D('',#4606,#3628,#3629);
#3190=AXIS2_PLACEMENT_3D('',#4609,#3632,#3633);
#3191=AXIS2_PLACEMENT_3D('',#4613,#3635,#3636);
#3192=AXIS2_PLACEMENT_3D('',#4615,#3638,#3639);
#3193=AXIS2_PLACEMENT_3D('',#4617,#3641,#3642);
#3194=AXIS2_PLACEMENT_3D('',#4620,#3644,#3645);
#3195=AXIS2_PLACEMENT_3D('',#4621,#3646,#3647);
#3196=AXIS2_PLACEMENT_3D('',#4623,#3649,#3650);
#3197=AXIS2_PLACEMENT_3D('',#4625,#3652,#3653);
#3198=AXIS2_PLACEMENT_3D('',#4629,#3655,#3656);
#3199=AXIS2_PLACEMENT_3D('',#4631,#3658,#3659);
#3200=AXIS2_PLACEMENT_3D('',#4634,#3660,#3661);
#3201=AXIS2_PLACEMENT_3D('',#4636,#3662,#3663);
#3202=AXIS2_PLACEMENT_3D('',#4637,#3664,#3665);
#3203=AXIS2_PLACEMENT_3D('',#4638,#3666,#3667);
#3204=AXIS2_PLACEMENT_3D('',#4641,#3668,#3669);
#3205=AXIS2_PLACEMENT_3D('',#4643,#3670,#3671);
#3206=AXIS2_PLACEMENT_3D('',#4644,#3672,#3673);
#3207=AXIS2_PLACEMENT_3D('',#4645,#3674,#3675);
#3208=AXIS2_PLACEMENT_3D('',#4648,#3676,#3677);
#3209=AXIS2_PLACEMENT_3D('',#4651,#3680,#3681);
#3210=AXIS2_PLACEMENT_3D('',#4660,#3682,#3683);
#3211=AXIS2_PLACEMENT_3D('',#4661,#3684,#3685);
#3212=AXIS2_PLACEMENT_3D('',#4662,#3686,#3687);
#3213=AXIS2_PLACEMENT_3D('',#4665,#3688,#3689);
#3214=AXIS2_PLACEMENT_3D('',#4668,#3692,#3693);
#3215=AXIS2_PLACEMENT_3D('',#4670,#3694,#3695);
#3216=AXIS2_PLACEMENT_3D('',#4671,#3696,#3697);
#3217=AXIS2_PLACEMENT_3D('',#4672,#3698,#3699);
#3218=AXIS2_PLACEMENT_3D('',#4675,#3702,#3703);
#3219=AXIS2_PLACEMENT_3D('',#4678,#3704,#3705);
#3220=AXIS2_PLACEMENT_3D('',#4681,#3708,#3709);
#3221=AXIS2_PLACEMENT_3D('',#4683,#3710,#3711);
#3222=AXIS2_PLACEMENT_3D('',#4684,#3712,#3713);
#3223=AXIS2_PLACEMENT_3D('',#4685,#3714,#3715);
#3224=AXIS2_PLACEMENT_3D('',#4688,#3716,#3717);
#3225=AXIS2_PLACEMENT_3D('',#4690,#3718,#3719);
#3226=AXIS2_PLACEMENT_3D('',#4698,#3720,#3721);
#3227=AXIS2_PLACEMENT_3D('',#4699,#3722,#3723);
#3228=AXIS2_PLACEMENT_3D('',#4702,#3726,#3727);
#3229=AXIS2_PLACEMENT_3D('',#4706,#3730,#3731);
#3230=AXIS2_PLACEMENT_3D('',#4709,#3733,#3734);
#3231=AXIS2_PLACEMENT_3D('',#4710,#3735,#3736);
#3232=AXIS2_PLACEMENT_3D('',#4738,#3738,#3739);
#3233=AXIS2_PLACEMENT_3D('',#4740,#3740,#3741);
#3234=AXIS2_PLACEMENT_3D('',#4741,#3742,#3743);
#3235=AXIS2_PLACEMENT_3D('',#4742,#3744,#3745);
#3236=AXIS2_PLACEMENT_3D('',#4782,#3748,#3749);
#3237=AXIS2_PLACEMENT_3D('',#4783,#3750,#3751);
#3238=AXIS2_PLACEMENT_3D('',#4784,#3752,#3753);
#3239=AXIS2_PLACEMENT_3D('',#4787,#3756,#3757);
#3240=AXIS2_PLACEMENT_3D('',#4788,#3758,#3759);
#3241=AXIS2_PLACEMENT_3D('',#4789,#3760,#3761);
#3242=AXIS2_PLACEMENT_3D('',#4823,#3764,#3765);
#3243=AXIS2_PLACEMENT_3D('',#4825,#3766,#3767);
#3244=AXIS2_PLACEMENT_3D('',#4826,#3768,#3769);
#3245=AXIS2_PLACEMENT_3D('',#4854,#3770,#3771);
#3246=AXIS2_PLACEMENT_3D('',#4856,#3772,#3773);
#3247=AXIS2_PLACEMENT_3D('',#4858,#3774,#3775);
#3248=AXIS2_PLACEMENT_3D('',#4859,#3776,#3777);
#3249=AXIS2_PLACEMENT_3D('',#4860,#3778,#3779);
#3250=AXIS2_PLACEMENT_3D('',#4863,#3782,#3783);
#3251=AXIS2_PLACEMENT_3D('',#4866,#3786,#3787);
#3252=AXIS2_PLACEMENT_3D('',#4869,#3790,#3791);
#3253=AXIS2_PLACEMENT_3D('',#4871,#3793,#3794);
#3254=AXIS2_PLACEMENT_3D('',#4872,#3795,#3796);
#3255=AXIS2_PLACEMENT_3D('',#4873,#3797,#3798);
#3256=AXIS2_PLACEMENT_3D('',#4874,#3799,#3800);
#3257=AXIS2_PLACEMENT_3D('',#4877,#3801,#3802);
#3258=AXIS2_PLACEMENT_3D('',#4882,#3805,#3806);
#3259=AXIS2_PLACEMENT_3D('',#4886,#3808,#3809);
#3260=AXIS2_PLACEMENT_3D('',#4890,#3811,#3812);
#3261=AXIS2_PLACEMENT_3D('',#4894,#3814,#3815);
#3262=AXIS2_PLACEMENT_3D('',#4896,#3817,#3818);
#3263=AXIS2_PLACEMENT_3D('',#4899,#3819,#3820);
#3264=AXIS2_PLACEMENT_3D('',#4904,#3823,#3824);
#3265=AXIS2_PLACEMENT_3D('',#4908,#3826,#3827);
#3266=AXIS2_PLACEMENT_3D('',#4910,#3829,#3830);
#3267=AXIS2_PLACEMENT_3D('',#4914,#3832,#3833);
#3268=AXIS2_PLACEMENT_3D('',#4918,#3835,#3836);
#3269=AXIS2_PLACEMENT_3D('',#4922,#3838,#3839);
#3270=AXIS2_PLACEMENT_3D('',#4925,#3841,#3842);
#3271=AXIS2_PLACEMENT_3D('',#4931,#3845,#3846);
#3272=AXIS2_PLACEMENT_3D('',#4935,#3848,#3849);
#3273=AXIS2_PLACEMENT_3D('',#4939,#3851,#3852);
#3274=AXIS2_PLACEMENT_3D('',#4942,#3854,#3855);
#3275=AXIS2_PLACEMENT_3D('',#4944,#3856,#3857);
#3276=AXIS2_PLACEMENT_3D('',#4945,#3858,#3859);
#3277=AXIS2_PLACEMENT_3D('',#4949,#3861,#3862);
#3278=AXIS2_PLACEMENT_3D('',#4953,#3864,#3865);
#3279=AXIS2_PLACEMENT_3D('',#4957,#3867,#3868);
#3280=AXIS2_PLACEMENT_3D('',#4963,#3872,#3873);
#3281=AXIS2_PLACEMENT_3D('',#4967,#3875,#3876);
#3282=AXIS2_PLACEMENT_3D('',#4971,#3880,#3881);
#3283=AXIS2_PLACEMENT_3D('',#4973,#3883,#3884);
#3284=AXIS2_PLACEMENT_3D('',#4976,#3885,#3886);
#3285=AXIS2_PLACEMENT_3D('',#4979,#3889,#3890);
#3286=AXIS2_PLACEMENT_3D('',#4983,#3893,#3894);
#3287=AXIS2_PLACEMENT_3D('',#4987,#3896,#3897);
#3288=AXIS2_PLACEMENT_3D('',#4989,#3899,#3900);
#3289=AXIS2_PLACEMENT_3D('',#4995,#3904,#3905);
#3290=AXIS2_PLACEMENT_3D('',#4998,#3906,#3907);
#3291=AXIS2_PLACEMENT_3D('',#5001,#3910,#3911);
#3292=AXIS2_PLACEMENT_3D('',#5010,#3917,#3918);
#3293=AXIS2_PLACEMENT_3D('',#5012,#3919,#3920);
#3294=AXIS2_PLACEMENT_3D('',#5014,#3922,#3923);
#3295=AXIS2_PLACEMENT_3D('',#5016,#3925,#3926);
#3296=AXIS2_PLACEMENT_3D('',#5025,#3927,#3928);
#3297=AXIS2_PLACEMENT_3D('',#5027,#3929,#3930);
#3298=AXIS2_PLACEMENT_3D('',#5040,#3933,#3934);
#3299=AXIS2_PLACEMENT_3D('',#5072,#3940,#3941);
#3300=AXIS2_PLACEMENT_3D('',#5074,#3943,#3944);
#3301=AXIS2_PLACEMENT_3D('',#5077,#3945,#3946);
#3302=AXIS2_PLACEMENT_3D('',#5079,#3947,#3948);
#3303=AXIS2_PLACEMENT_3D('',#5080,#3949,#3950);
#3304=AXIS2_PLACEMENT_3D('',#5081,#3951,#3952);
#3305=AXIS2_PLACEMENT_3D('',#5083,#3953,#3954);
#3306=AXIS2_PLACEMENT_3D('',#5086,#3957,#3958);
#3307=AXIS2_PLACEMENT_3D('',#5100,#3961,#3962);
#3308=AXIS2_PLACEMENT_3D('',#5101,#3963,#3964);
#3309=AXIS2_PLACEMENT_3D('',#5103,#3965,#3966);
#3310=AXIS2_PLACEMENT_3D('',#5105,#3967,#3968);
#3311=AXIS2_PLACEMENT_3D('',#5106,#3969,#3970);
#3312=AXIS2_PLACEMENT_3D('',#5107,#3971,#3972);
#3313=AXIS2_PLACEMENT_3D('',#5110,#3975,#3976);
#3314=AXIS2_PLACEMENT_3D('',#5121,#3978,#3979);
#3315=AXIS2_PLACEMENT_3D('',#5123,#3981,#3982);
#3316=AXIS2_PLACEMENT_3D('',#5125,#3984,#3985);
#3317=AXIS2_PLACEMENT_3D('',#5126,#3986,#3987);
#3318=AXIS2_PLACEMENT_3D('',#5128,#3988,#3989);
#3319=AXIS2_PLACEMENT_3D('',#5138,#3991,#3992);
#3320=AXIS2_PLACEMENT_3D('',#5139,#3993,#3994);
#3321=AXIS2_PLACEMENT_3D('',#5142,#3996,#3997);
#3322=AXIS2_PLACEMENT_3D('',#5143,#3998,#3999);
#3323=AXIS2_PLACEMENT_3D('',#5153,#4001,#4002);
#3324=AXIS2_PLACEMENT_3D('',#5154,#4003,#4004);
#3325=AXIS2_PLACEMENT_3D('',#5156,#4005,#4006);
#3326=AXIS2_PLACEMENT_3D('',#5158,#4007,#4008);
#3327=AXIS2_PLACEMENT_3D('',#5162,#4010,#4011);
#3328=AXIS2_PLACEMENT_3D('',#5166,#4013,#4014);
#3329=AXIS2_PLACEMENT_3D('',#5170,#4016,#4017);
#3330=AXIS2_PLACEMENT_3D('',#5172,#4018,#4019);
#3331=AXIS2_PLACEMENT_3D('',#5191,#4021,#4022);
#3332=AXIS2_PLACEMENT_3D('',#5210,#4024,#4025);
#3333=AXIS2_PLACEMENT_3D('',#5212,#4026,#4027);
#3334=AXIS2_PLACEMENT_3D('',#5216,#4029,#4030);
#3335=AXIS2_PLACEMENT_3D('',#5220,#4032,#4033);
#3336=AXIS2_PLACEMENT_3D('',#5224,#4035,#4036);
#3337=AXIS2_PLACEMENT_3D('',#5225,#4037,#4038);
#3338=AXIS2_PLACEMENT_3D('',#5250,#4051,#4052);
#3339=AXIS2_PLACEMENT_3D('',#5267,#4054,#4055);
#3340=AXIS2_PLACEMENT_3D('',#5269,#4056,#4057);
#3341=AXIS2_PLACEMENT_3D('',#5271,#4059,#4060);
#3342=AXIS2_PLACEMENT_3D('',#5280,#4061,#4062);
#3343=AXIS2_PLACEMENT_3D('',#5284,#4064,#4065);
#3344=AXIS2_PLACEMENT_3D('',#5286,#4066,#4067);
#3345=AXIS2_PLACEMENT_3D('',#5287,#4068,#4069);
#3346=AXIS2_PLACEMENT_3D('',#5288,#4070,#4071);
#3347=AXIS2_PLACEMENT_3D('',#5290,#4072,#4073);
#3348=AXIS2_PLACEMENT_3D('',#5294,#4075,#4076);
#3349=AXIS2_PLACEMENT_3D('',#5295,#4077,#4078);
#3350=AXIS2_PLACEMENT_3D('',#5296,#4079,#4080);
#3351=AXIS2_PLACEMENT_3D('',#5300,#4082,#4083);
#3352=AXIS2_PLACEMENT_3D('',#5302,#4085,#4086);
#3353=AXIS2_PLACEMENT_3D('',#5305,#4087,#4088);
#3354=AXIS2_PLACEMENT_3D('',#5306,#4089,#4090);
#3355=AXIS2_PLACEMENT_3D('',#5307,#4091,#4092);
#3356=AXIS2_PLACEMENT_3D('',#5308,#4093,#4094);
#3357=AXIS2_PLACEMENT_3D('',#5366,#4097,#4098);
#3358=AXIS2_PLACEMENT_3D('',#5367,#4099,#4100);
#3359=AXIS2_PLACEMENT_3D('',#5429,#4101,#4102);
#3360=AXIS2_PLACEMENT_3D('',#5430,#4103,#4104);
#3361=AXIS2_PLACEMENT_3D('',#5456,#4105,#4106);
#3362=AXIS2_PLACEMENT_3D('',#5486,#4107,#4108);
#3363=AXIS2_PLACEMENT_3D('',#5581,#4109,#4110);
#3364=AXIS2_PLACEMENT_3D('',#5584,#4113,#4114);
#3365=AXIS2_PLACEMENT_3D('',#5586,#4115,#4116);
#3366=AXIS2_PLACEMENT_3D('',#5594,#4121,#4122);
#3367=AXIS2_PLACEMENT_3D('',#5597,#4123,#4124);
#3368=AXIS2_PLACEMENT_3D('',#5601,#4126,#4127);
#3369=AXIS2_PLACEMENT_3D('',#5657,#4129,#4130);
#3370=AXIS2_PLACEMENT_3D('',#5660,#4132,#4133);
#3371=AXIS2_PLACEMENT_3D('',#5661,#4134,#4135);
#3372=AXIS2_PLACEMENT_3D('',#5665,#4138,#4139);
#3373=AXIS2_PLACEMENT_3D('',#5667,#4141,#4142);
#3374=AXIS2_PLACEMENT_3D('',#5669,#4143,#4144);
#3375=AXIS2_PLACEMENT_3D('',#5671,#4145,#4146);
#3376=AXIS2_PLACEMENT_3D('',#5733,#4148,#4149);
#3377=AXIS2_PLACEMENT_3D('',#5744,#4150,#4151);
#3378=AXIS2_PLACEMENT_3D('',#5746,#4153,#4154);
#3379=AXIS2_PLACEMENT_3D('',#5779,#4156,#4157);
#3380=AXIS2_PLACEMENT_3D('',#5781,#4158,#4159);
#3381=AXIS2_PLACEMENT_3D('',#5783,#4161,#4162);
#3382=AXIS2_PLACEMENT_3D('',#5785,#4163,#4164);
#3383=AXIS2_PLACEMENT_3D('',#5787,#4165,#4166);
#3384=AXIS2_PLACEMENT_3D('',#5791,#4168,#4169);
#3385=AXIS2_PLACEMENT_3D('',#5795,#4171,#4172);
#3386=AXIS2_PLACEMENT_3D('',#5798,#4174,#4175);
#3387=AXIS2_PLACEMENT_3D('',#5810,#4182,#4183);
#3388=AXIS2_PLACEMENT_3D('',#5811,#4184,#4185);
#3389=AXIS2_PLACEMENT_3D('',#5812,#4186,#4187);
#3390=AXIS2_PLACEMENT_3D('',#5813,#4188,#4189);
#3391=AXIS2_PLACEMENT_3D('',#5814,#4190,#4191);
#3392=AXIS2_PLACEMENT_3D('',#5816,#4193,#4194);
#3393=AXIS2_PLACEMENT_3D('',#5817,#4195,#4196);
#3394=AXIS2_PLACEMENT_3D('',#5821,#4198,#4199);
#3395=AXIS2_PLACEMENT_3D('',#5822,#4200,#4201);
#3396=AXIS2_PLACEMENT_3D('',#5823,#4202,#4203);
#3397=AXIS2_PLACEMENT_3D('',#5827,#4205,#4206);
#3398=AXIS2_PLACEMENT_3D('',#5829,#4207,#4208);
#3399=AXIS2_PLACEMENT_3D('',#5851,#4210,#4211);
#3400=AXIS2_PLACEMENT_3D('',#5852,#4212,#4213);
#3401=AXIS2_PLACEMENT_3D('',#5853,#4214,#4215);
#3402=AXIS2_PLACEMENT_3D('',#5855,#4217,#4218);
#3403=AXIS2_PLACEMENT_3D('',#5856,#4219,#4220);
#3404=AXIS2_PLACEMENT_3D('',#5857,#4221,#4222);
#3405=AXIS2_PLACEMENT_3D('',#5858,#4223,#4224);
#3406=AXIS2_PLACEMENT_3D('',#5861,#4227,#4228);
#3407=AXIS2_PLACEMENT_3D('',#5863,#4230,#4231);
#3408=AXIS2_PLACEMENT_3D('',#5865,#4233,#4234);
#3409=AXIS2_PLACEMENT_3D('',#5866,#4235,#4236);
#3410=AXIS2_PLACEMENT_3D('',#5867,#4237,#4238);
#3411=AXIS2_PLACEMENT_3D('',#5869,#4240,#4241);
#3412=AXIS2_PLACEMENT_3D('',#5871,#4243,#4244);
#3413=AXIS2_PLACEMENT_3D('',#5873,#4246,#4247);
#3414=AXIS2_PLACEMENT_3D('',#5874,#4248,#4249);
#3415=AXIS2_PLACEMENT_3D('',#5875,#4250,#4251);
#3416=AXIS2_PLACEMENT_3D('',#5877,#4253,#4254);
#3417=AXIS2_PLACEMENT_3D('',#5878,#4255,#4256);
#3418=AXIS2_PLACEMENT_3D('',#5879,#4257,#4258);
#3419=AXIS2_PLACEMENT_3D('',#5881,#4259,#4260);
#3420=AXIS2_PLACEMENT_3D('',#5883,#4261,#4262);
#3421=AXIS2_PLACEMENT_3D('',#5884,#4263,#4264);
#3422=AXIS2_PLACEMENT_3D('',#5886,#4266,#4267);
#3423=AXIS2_PLACEMENT_3D('',#5888,#4269,#4270);
#3424=AXIS2_PLACEMENT_3D('',#5890,#4271,#4272);
#3425=AXIS2_PLACEMENT_3D('',#5892,#4273,#4274);
#3426=AXIS2_PLACEMENT_3D('',#5893,#4275,#4276);
#3427=AXIS2_PLACEMENT_3D('',#5895,#4278,#4279);
#3428=AXIS2_PLACEMENT_3D('',#5897,#4281,#4282);
#3429=AXIS2_PLACEMENT_3D('',#5900,#4285,#4286);
#3430=AXIS2_PLACEMENT_3D('',#5902,#4288,#4289);
#3431=AXIS2_PLACEMENT_3D('',#5904,#4291,#4292);
#3432=AXIS2_PLACEMENT_3D('',#5906,#4294,#4295);
#3433=AXIS2_PLACEMENT_3D('',#5908,#4297,#4298);
#3434=AXIS2_PLACEMENT_3D('',#5909,#4299,#4300);
#3435=AXIS2_PLACEMENT_3D('',#5915,#4304,#4305);
#3436=AXIS2_PLACEMENT_3D('',#5919,#4308,#4309);
#3437=AXIS2_PLACEMENT_3D('',#5923,#4312,#4313);
#3438=AXIS2_PLACEMENT_3D('',#5927,#4316,#4317);
#3439=AXIS2_PLACEMENT_3D('',#5930,#4320,#4321);
#3440=AXIS2_PLACEMENT_3D('',#5932,#4323,#4324);
#3441=AXIS2_PLACEMENT_3D('',#5935,#4326,#4327);
#3442=AXIS2_PLACEMENT_3D('',#5936,#4328,#4329);
#3443=AXIS2_PLACEMENT_3D('',#5940,#4332,#4333);
#3444=AXIS2_PLACEMENT_3D('',#5942,#4334,#4335);
#3445=AXIS2_PLACEMENT_3D('',#5944,#4337,#4338);
#3446=AXIS2_PLACEMENT_3D('',#5948,#4341,#4342);
#3447=AXIS2_PLACEMENT_3D('',#5950,#4343,#4344);
#3448=AXIS2_PLACEMENT_3D('',#5952,#4346,#4347);
#3449=AXIS2_PLACEMENT_3D('',#5956,#4350,#4351);
#3450=AXIS2_PLACEMENT_3D('',#5957,#4352,#4353);
#3451=AXIS2_PLACEMENT_3D('',#5958,#4354,#4355);
#3452=AXIS2_PLACEMENT_3D('',#5960,#4357,#4358);
#3453=AXIS2_PLACEMENT_3D('',#5962,#4360,#4361);
#3454=AXIS2_PLACEMENT_3D('',#5964,#4363,#4364);
#3455=AXIS2_PLACEMENT_3D('',#5966,#4366,#4367);
#3456=AXIS2_PLACEMENT_3D('',#5968,#4369,#4370);
#3457=AXIS2_PLACEMENT_3D('',#5970,#4372,#4373);
#3458=AXIS2_PLACEMENT_3D('',#5972,#4375,#4376);
#3459=AXIS2_PLACEMENT_3D('',#5973,#4377,#4378);
#3460=DIRECTION('axis',(0.,0.,1.));
#3461=DIRECTION('refdir',(1.,0.,0.));
#3462=DIRECTION('center_axis',(-1.,0.,0.));
#3463=DIRECTION('ref_axis',(0.,-0.382683432365103,-0.923879532511281));
#3464=DIRECTION('',(1.,0.,0.));
#3465=DIRECTION('center_axis',(1.,0.,0.));
#3466=DIRECTION('ref_axis',(0.,-0.382683432365103,-0.923879532511281));
#3467=DIRECTION('',(-1.,0.,0.));
#3468=DIRECTION('center_axis',(-1.,0.,0.));
#3469=DIRECTION('ref_axis',(0.,-0.382683432365103,-0.923879532511281));
#3470=DIRECTION('center_axis',(0.,0.,1.));
#3471=DIRECTION('ref_axis',(0.,-1.,0.));
#3472=DIRECTION('',(0.,-1.,0.));
#3473=DIRECTION('',(1.,0.,0.));
#3474=DIRECTION('',(0.,1.,0.));
#3475=DIRECTION('center_axis',(1.,0.,0.));
#3476=DIRECTION('ref_axis',(0.,0.707106781186636,0.70710678118646));
#3477=DIRECTION('center_axis',(-1.,0.,0.));
#3478=DIRECTION('ref_axis',(0.,0.707106781186636,0.70710678118646));
#3479=DIRECTION('',(-1.,0.,0.));
#3480=DIRECTION('center_axis',(1.,0.,0.));
#3481=DIRECTION('ref_axis',(0.,0.707106781186636,0.70710678118646));
#3482=DIRECTION('center_axis',(0.,1.,-2.39808173317125E-13));
#3483=DIRECTION('ref_axis',(0.,2.39808173317125E-13,1.));
#3484=DIRECTION('',(0.,2.39808173317125E-13,1.));
#3485=DIRECTION('',(1.,0.,0.));
#3486=DIRECTION('',(0.,0.,-1.));
#3487=DIRECTION('center_axis',(1.,0.,0.));
#3488=DIRECTION('ref_axis',(0.,0.,-1.));
#3489=DIRECTION('',(0.,0.,1.));
#3490=DIRECTION('',(0.,-1.,0.));
#3491=DIRECTION('center_axis',(-1.,0.,0.));
#3492=DIRECTION('ref_axis',(0.,1.,0.));
#3493=DIRECTION('center_axis',(1.,0.,0.));
#3494=DIRECTION('ref_axis',(0.,-0.707106781186548,0.707106781186548));
#3495=DIRECTION('center_axis',(-1.,0.,0.));
#3496=DIRECTION('ref_axis',(0.,-0.707106781186548,0.707106781186548));
#3497=DIRECTION('',(-1.,0.,0.));
#3498=DIRECTION('center_axis',(1.,0.,0.));
#3499=DIRECTION('ref_axis',(0.,-0.707106781186548,0.707106781186548));
#3500=DIRECTION('',(1.,0.,0.));
#3501=DIRECTION('center_axis',(0.,0.,1.));
#3502=DIRECTION('ref_axis',(0.,-1.,0.));
#3503=DIRECTION('',(0.,-1.,0.));
#3504=DIRECTION('',(1.,0.,0.));
#3505=DIRECTION('',(0.,1.,0.));
#3506=DIRECTION('center_axis',(1.,0.,0.));
#3507=DIRECTION('ref_axis',(0.,0.,-1.));
#3508=DIRECTION('',(0.,0.,-1.));
#3509=DIRECTION('center_axis',(-1.,0.,0.));
#3510=DIRECTION('ref_axis',(0.,1.,0.));
#3511=DIRECTION('',(0.,-1.,0.));
#3512=DIRECTION('',(0.,-0.707106781186545,0.707106781186551));
#3513=DIRECTION('center_axis',(1.,0.,0.));
#3514=DIRECTION('ref_axis',(0.,-0.923879532511288,-0.382683432365086));
#3515=DIRECTION('',(0.,0.,1.));
#3516=DIRECTION('center_axis',(-1.,0.,0.));
#3517=DIRECTION('ref_axis',(0.,0.70710678118656,0.707106781186535));
#3518=DIRECTION('center_axis',(1.,0.,0.));
#3519=DIRECTION('ref_axis',(0.,0.70710678118656,0.707106781186535));
#3520=DIRECTION('',(-1.,0.,0.));
#3521=DIRECTION('center_axis',(1.,0.,0.));
#3522=DIRECTION('ref_axis',(0.,0.70710678118656,0.707106781186535));
#3523=DIRECTION('center_axis',(-1.,0.,0.));
#3524=DIRECTION('ref_axis',(0.,1.,0.));
#3525=DIRECTION('center_axis',(1.,0.,0.));
#3526=DIRECTION('ref_axis',(0.,1.,0.));
#3527=DIRECTION('',(0.,0.,1.));
#3528=DIRECTION('',(0.,0.,-1.));
#3529=DIRECTION('center_axis',(-1.,0.,0.));
#3530=DIRECTION('ref_axis',(0.,-0.923879532511288,-0.382683432365086));
#3531=DIRECTION('',(0.,-0.707106781186545,0.707106781186551));
#3532=DIRECTION('center_axis',(-1.,0.,0.));
#3533=DIRECTION('ref_axis',(0.,-0.382683432365089,-0.923879532511287));
#3534=DIRECTION('',(0.,-1.,0.));
#3535=DIRECTION('',(0.,0.,1.));
#3536=DIRECTION('',(0.,0.,-1.));
#3537=DIRECTION('',(0.,1.,0.));
#3538=DIRECTION('',(0.,0.,-1.));
#3539=DIRECTION('',(0.,-1.,0.));
#3540=DIRECTION('',(0.,0.,-1.));
#3541=DIRECTION('center_axis',(0.,1.,0.));
#3542=DIRECTION('ref_axis',(0.,0.,1.));
#3543=DIRECTION('',(1.,0.,0.));
#3544=DIRECTION('center_axis',(1.,0.,0.));
#3545=DIRECTION('ref_axis',(0.,-0.923879532511288,-0.382683432365086));
#3546=DIRECTION('',(-1.,0.,0.));
#3547=DIRECTION('center_axis',(1.,0.,0.));
#3548=DIRECTION('ref_axis',(0.,1.,0.));
#3549=DIRECTION('',(1.,0.,0.));
#3550=DIRECTION('center_axis',(0.,0.707106781186551,0.707106781186545));
#3551=DIRECTION('ref_axis',(0.,-0.707106781186545,0.707106781186551));
#3552=DIRECTION('center_axis',(0.,0.707106781186551,0.707106781186545));
#3553=DIRECTION('ref_axis',(-4.90653893338678E-17,-0.707106781186544,0.707106781186551));
#3554=DIRECTION('',(1.,0.,0.));
#3555=DIRECTION('center_axis',(0.,0.707106781186551,0.707106781186545));
#3556=DIRECTION('ref_axis',(0.,-0.707106781186544,0.707106781186551));
#3557=DIRECTION('center_axis',(0.,-1.,0.));
#3558=DIRECTION('ref_axis',(0.,0.,-1.));
#3559=DIRECTION('center_axis',(0.,0.707106781186551,0.707106781186545));
#3560=DIRECTION('ref_axis',(0.,-0.707106781186545,0.707106781186551));
#3561=DIRECTION('center_axis',(0.,0.707106781186551,0.707106781186545));
#3562=DIRECTION('ref_axis',(-9.81307786677364E-17,0.707106781186545,-0.707106781186551));
#3563=DIRECTION('',(1.,0.,0.));
#3564=DIRECTION('center_axis',(0.43635034408888,0.219070504786885,-0.87270068817776));
#3565=DIRECTION('ref_axis',(0.779926053496986,0.39156333104947,0.488255577391657));
#3566=DIRECTION('center_axis',(0.,0.,1.));
#3567=DIRECTION('ref_axis',(0.59737254341973,0.801963867246052,0.));
#3568=DIRECTION('center_axis',(0.801963867246054,-0.597372543419727,0.));
#3569=DIRECTION('ref_axis',(0.,0.,1.));
#3570=DIRECTION('center_axis',(0.,1.,0.));
#3571=DIRECTION('ref_axis',(1.,0.,0.));
#3572=DIRECTION('center_axis',(-0.222928458742903,-0.802332048279356,0.553684193910543));
#3573=DIRECTION('ref_axis',(-0.299663687775717,0.5968779475771,0.744270374208733));
#3574=DIRECTION('center_axis',(0.,-5.53752142693246E-15,1.));
#3575=DIRECTION('ref_axis',(-1.,0.,0.));
#3576=DIRECTION('center_axis',(0.,1.,0.));
#3577=DIRECTION('ref_axis',(0.,0.,1.));
#3578=DIRECTION('center_axis',(-0.80196386724605,0.597372543419733,3.561435001336E-15));
#3579=DIRECTION('ref_axis',(0.597372543419733,0.80196386724605,0.));
#3580=DIRECTION('center_axis',(0.,0.,1.));
#3581=DIRECTION('ref_axis',(1.,0.,0.));
#3582=DIRECTION('center_axis',(0.,-1.,0.));
#3583=DIRECTION('ref_axis',(0.,0.,1.));
#3584=DIRECTION('center_axis',(0.,0.,-1.));
#3585=DIRECTION('ref_axis',(0.580124650070411,-0.81452771001402,0.));
#3586=DIRECTION('center_axis',(0.,0.,1.));
#3587=DIRECTION('ref_axis',(0.580124650070411,-0.81452771001402,0.));
#3588=DIRECTION('center_axis',(0.,1.,0.));
#3589=DIRECTION('ref_axis',(-0.707106781186548,0.,0.707106781186548));
#3590=DIRECTION('',(0.,-1.,0.));
#3591=DIRECTION('',(0.,1.,0.));
#3592=DIRECTION('center_axis',(-0.801963867246052,0.59737254341973,0.));
#3593=DIRECTION('ref_axis',(0.422406176346747,0.567074088796272,0.707106781186546));
#3594=DIRECTION('',(0.801963867246052,-0.59737254341973,0.));
#3595=DIRECTION('',(-0.801963867246052,0.59737254341973,0.));
#3596=DIRECTION('center_axis',(-1.11022302462516E-15,8.26990814761973E-16,
1.));
#3597=DIRECTION('ref_axis',(-0.448679984276258,0.893692492812744,0.));
#3598=DIRECTION('center_axis',(0.,0.,1.));
#3599=DIRECTION('ref_axis',(0.597372543419733,0.80196386724605,0.));
#3600=DIRECTION('',(-1.11022302462516E-15,8.26990814761973E-16,1.));
#3601=DIRECTION('',(1.11022302462516E-15,-8.26990814761973E-16,-1.));
#3602=DIRECTION('center_axis',(-0.222928458742899,-0.802332048279353,-0.553684193910548));
#3603=DIRECTION('ref_axis',(-0.299663687775707,0.596877947577101,-0.744270374208735));
#3604=DIRECTION('center_axis',(-0.801963867246052,0.59737254341973,0.));
#3605=DIRECTION('ref_axis',(0.422406176346744,0.567074088796268,-0.707106781186551));
#3606=DIRECTION('center_axis',(0.,1.,0.));
#3607=DIRECTION('ref_axis',(-0.707106781186548,0.,-0.707106781186548));
#3608=DIRECTION('center_axis',(0.,1.,0.));
#3609=DIRECTION('ref_axis',(0.707106781186548,0.,0.707106781186548));
#3610=DIRECTION('center_axis',(0.,1.,0.));
#3611=DIRECTION('ref_axis',(0.,0.,1.));
#3612=DIRECTION('',(0.,1.,0.));
#3613=DIRECTION('',(0.,-1.,0.));
#3614=DIRECTION('center_axis',(0.,0.,1.));
#3615=DIRECTION('ref_axis',(1.,0.,0.));
#3616=DIRECTION('center_axis',(0.,0.,-1.));
#3617=DIRECTION('ref_axis',(-0.81452771001402,-0.58012465007041,0.));
#3618=DIRECTION('center_axis',(0.,0.,1.));
#3619=DIRECTION('ref_axis',(-0.81452771001402,-0.58012465007041,0.));
#3620=DIRECTION('center_axis',(-0.436350344088876,-0.21907050478687,-0.872700688177766));
#3621=DIRECTION('ref_axis',(0.779926053496988,0.391563331049468,-0.488255577391654));
#3622=DIRECTION('center_axis',(4.44089209850062E-15,-3.30796325904794E-15,
-1.));
#3623=DIRECTION('ref_axis',(0.597372543419733,0.80196386724605,0.));
#3624=DIRECTION('center_axis',(0.,1.,0.));
#3625=DIRECTION('ref_axis',(0.707106781186545,0.,-0.70710678118655));
#3626=DIRECTION('center_axis',(0.801963867246052,-0.59737254341973,0.));
#3627=DIRECTION('ref_axis',(0.422406176346744,0.567074088796268,-0.707106781186551));
#3628=DIRECTION('center_axis',(0.,0.,1.));
#3629=DIRECTION('ref_axis',(0.893692492812749,0.448679984276249,0.));
#3630=DIRECTION('',(0.,0.,1.));
#3631=DIRECTION('',(0.,0.,-1.));
#3632=DIRECTION('center_axis',(1.11022302462516E-15,-3.84045158093817E-16,
-1.));
#3633=DIRECTION('ref_axis',(0.580124650070422,-0.814527710014012,0.));
#3634=DIRECTION('',(1.11022302462516E-15,-3.84045158093817E-16,-1.));
#3635=DIRECTION('center_axis',(0.,0.,-1.));
#3636=DIRECTION('ref_axis',(1.,0.,0.));
#3637=DIRECTION('',(-1.11022302462516E-15,3.84045158093817E-16,1.));
#3638=DIRECTION('center_axis',(-1.,0.,-1.11022302462516E-15));
#3639=DIRECTION('ref_axis',(-1.11022302462516E-15,0.,1.));
#3640=DIRECTION('',(0.,1.,0.));
#3641=DIRECTION('center_axis',(0.,1.,0.));
#3642=DIRECTION('ref_axis',(-0.707106781186548,0.,-0.707106781186548));
#3643=DIRECTION('',(0.,-1.,0.));
#3644=DIRECTION('center_axis',(-0.568946752526431,-0.822374362920944,0.));
#3645=DIRECTION('ref_axis',(-0.822374362920944,0.568946752526431,0.));
#3646=DIRECTION('center_axis',(-0.59737254341973,-0.801963867246052,0.));
#3647=DIRECTION('ref_axis',(-0.801963867246052,0.59737254341973,0.));
#3648=DIRECTION('',(0.801963867246052,-0.59737254341973,0.));
#3649=DIRECTION('center_axis',(0.801963867246052,-0.59737254341973,0.));
#3650=DIRECTION('ref_axis',(0.422406176346747,0.567074088796272,-0.707106781186546));
#3651=DIRECTION('',(-0.801963867246052,0.59737254341973,0.));
#3652=DIRECTION('center_axis',(0.,1.,0.));
#3653=DIRECTION('ref_axis',(0.707106781186544,0.,-0.707106781186551));
#3654=DIRECTION('',(0.,-1.,0.));
#3655=DIRECTION('center_axis',(-0.568946752526431,-0.822374362920944,0.));
#3656=DIRECTION('ref_axis',(0.822374362920944,-0.568946752526431,0.));
#3657=DIRECTION('',(0.,1.,0.));
#3658=DIRECTION('center_axis',(-0.43635034408888,0.219070504786887,-0.872700688177759));
#3659=DIRECTION('ref_axis',(-0.779926053496982,0.391563331049473,0.488255577391661));
#3660=DIRECTION('center_axis',(0.,1.,0.));
#3661=DIRECTION('ref_axis',(0.,0.,1.));
#3662=DIRECTION('center_axis',(-0.80196386724606,-0.597372543419718,3.56143500133605E-15));
#3663=DIRECTION('ref_axis',(-0.597372543419718,0.80196386724606,0.));
#3664=DIRECTION('center_axis',(0.,-5.53752142693246E-15,1.));
#3665=DIRECTION('ref_axis',(-1.,0.,0.));
#3666=DIRECTION('center_axis',(0.222928458742907,-0.802332048279355,0.553684193910542));
#3667=DIRECTION('ref_axis',(0.29966368777572,0.596877947577099,0.744270374208732));
#3668=DIRECTION('center_axis',(0.801963867246058,0.597372543419721,0.));
#3669=DIRECTION('ref_axis',(0.,0.,1.));
#3670=DIRECTION('center_axis',(0.,1.,0.));
#3671=DIRECTION('ref_axis',(1.,0.,0.));
#3672=DIRECTION('center_axis',(0.,0.,1.));
#3673=DIRECTION('ref_axis',(-0.597372543419721,0.801963867246058,0.));
#3674=DIRECTION('center_axis',(0.,1.,0.));
#3675=DIRECTION('ref_axis',(0.707106781186548,0.,0.707106781186548));
#3676=DIRECTION('center_axis',(0.,1.,0.));
#3677=DIRECTION('ref_axis',(0.,0.,1.));
#3678=DIRECTION('',(0.,1.,0.));
#3679=DIRECTION('',(0.,-1.,0.));
#3680=DIRECTION('center_axis',(0.,0.,1.));
#3681=DIRECTION('ref_axis',(1.,0.,0.));
#3682=DIRECTION('center_axis',(0.,0.,-1.));
#3683=DIRECTION('ref_axis',(-0.580124650070414,-0.814527710014018,0.));
#3684=DIRECTION('center_axis',(0.,0.,1.));
#3685=DIRECTION('ref_axis',(-0.580124650070414,-0.814527710014018,0.));
#3686=DIRECTION('center_axis',(0.,0.,-1.));
#3687=DIRECTION('ref_axis',(0.448679984276258,0.893692492812744,0.));
#3688=DIRECTION('center_axis',(0.,-5.53752142693246E-15,1.));
#3689=DIRECTION('ref_axis',(1.,0.,0.));
#3690=DIRECTION('',(0.,0.,1.));
#3691=DIRECTION('',(0.,0.,-1.));
#3692=DIRECTION('center_axis',(0.222928458742908,-0.802332048279358,-0.553684193910537));
#3693=DIRECTION('ref_axis',(0.299663687775723,0.596877947577098,-0.744270374208731));
#3694=DIRECTION('center_axis',(0.,1.,0.));
#3695=DIRECTION('ref_axis',(0.707106781186545,0.,-0.70710678118655));
#3696=DIRECTION('center_axis',(0.801963867246058,0.597372543419722,0.));
#3697=DIRECTION('ref_axis',(-0.422406176346739,0.567074088796268,-0.707106781186555));
#3698=DIRECTION('center_axis',(-0.801963867246058,-0.597372543419722,0.));
#3699=DIRECTION('ref_axis',(-0.422406176346739,0.567074088796275,0.707106781186549));
#3700=DIRECTION('',(0.801963867246058,0.597372543419722,0.));
#3701=DIRECTION('',(-0.801963867246058,-0.597372543419722,0.));
#3702=DIRECTION('center_axis',(0.,0.,-1.));
#3703=DIRECTION('ref_axis',(-0.893692492812749,0.448679984276249,0.));
#3704=DIRECTION('center_axis',(-8.8817841970012E-15,-6.61592651809565E-15,
1.));
#3705=DIRECTION('ref_axis',(-0.597372543419724,0.801963867246056,0.));
#3706=DIRECTION('',(0.,0.,1.));
#3707=DIRECTION('',(0.,0.,-1.));
#3708=DIRECTION('center_axis',(0.436350344088883,-0.219070504786885,-0.872700688177758));
#3709=DIRECTION('ref_axis',(-0.779926053496983,0.391563331049469,-0.488255577391662));
#3710=DIRECTION('center_axis',(-0.801963867246058,-0.597372543419722,0.));
#3711=DIRECTION('ref_axis',(-0.422406176346739,0.567074088796268,-0.707106781186555));
#3712=DIRECTION('center_axis',(0.,1.,0.));
#3713=DIRECTION('ref_axis',(-0.70710678118655,0.,-0.707106781186545));
#3714=DIRECTION('center_axis',(0.,0.,1.));
#3715=DIRECTION('ref_axis',(1.,0.,0.));
#3716=DIRECTION('center_axis',(0.,-1.,0.));
#3717=DIRECTION('ref_axis',(0.,0.,1.));
#3718=DIRECTION('center_axis',(0.,0.,-1.));
#3719=DIRECTION('ref_axis',(0.814527710014022,-0.580124650070408,0.));
#3720=DIRECTION('center_axis',(0.,0.,1.));
#3721=DIRECTION('ref_axis',(0.814527710014022,-0.580124650070408,0.));
#3722=DIRECTION('center_axis',(0.,1.,0.));
#3723=DIRECTION('ref_axis',(-0.707106781186544,0.,0.707106781186551));
#3724=DIRECTION('',(0.,-1.,0.));
#3725=DIRECTION('',(0.,1.,0.));
#3726=DIRECTION('center_axis',(1.,0.,0.));
#3727=DIRECTION('ref_axis',(0.,0.,-1.));
#3728=DIRECTION('',(0.,0.,1.));
#3729=DIRECTION('',(0.,-1.,0.));
#3730=DIRECTION('center_axis',(0.,0.,1.));
#3731=DIRECTION('ref_axis',(-0.580124650070441,-0.814527710013998,0.));
#3732=DIRECTION('',(0.,0.,-1.));
#3733=DIRECTION('center_axis',(0.,0.,-1.));
#3734=DIRECTION('ref_axis',(0.326910780761356,-0.945055205489077,0.));
#3735=DIRECTION('center_axis',(0.,0.,1.));
#3736=DIRECTION('ref_axis',(1.,0.,0.));
#3737=DIRECTION('',(-0.945055205489078,-0.326910780761353,0.));
#3738=DIRECTION('center_axis',(0.,0.,-1.));
#3739=DIRECTION('ref_axis',(-0.326910780761349,-0.945055205489079,0.));
#3740=DIRECTION('center_axis',(0.32691078076135,0.945055205489079,0.));
#3741=DIRECTION('ref_axis',(0.945055205489078,-0.32691078076135,-6.55763780422396E-17));
#3742=DIRECTION('center_axis',(0.945055205489078,-0.326910780761353,0.));
#3743=DIRECTION('ref_axis',(0.,0.,1.));
#3744=DIRECTION('center_axis',(0.,0.,1.));
#3745=DIRECTION('ref_axis',(-0.814527710014008,-0.580124650070428,0.));
#3746=DIRECTION('',(0.,0.,-1.));
#3747=DIRECTION('',(0.,0.,1.));
#3748=DIRECTION('center_axis',(0.32691078076135,0.945055205489079,0.));
#3749=DIRECTION('ref_axis',(-0.945055205489078,0.32691078076135,0.));
#3750=DIRECTION('center_axis',(-0.945055205489078,0.326910780761353,0.));
#3751=DIRECTION('ref_axis',(-0.326910780761353,-0.945055205489078,0.));
#3752=DIRECTION('center_axis',(0.945055205489079,-0.32691078076135,0.));
#3753=DIRECTION('ref_axis',(-0.23116082991934,-0.668254944396982,0.70710678118654));
#3754=DIRECTION('',(-0.945055205489078,0.32691078076135,0.));
#3755=DIRECTION('',(0.945055205489078,-0.32691078076135,0.));
#3756=DIRECTION('center_axis',(1.,0.,0.));
#3757=DIRECTION('ref_axis',(0.,0.,-1.));
#3758=DIRECTION('center_axis',(0.,0.,-1.));
#3759=DIRECTION('ref_axis',(-1.,0.,0.));
#3760=DIRECTION('center_axis',(0.801963867246058,0.597372543419722,0.));
#3761=DIRECTION('ref_axis',(-0.422406176346737,0.567074088796272,-0.707106781186552));
#3762=DIRECTION('',(-0.801963867246058,-0.597372543419722,0.));
#3763=DIRECTION('',(0.801963867246058,0.597372543419722,0.));
#3764=DIRECTION('center_axis',(0.568946752526431,-0.822374362920944,0.));
#3765=DIRECTION('ref_axis',(0.822374362920944,0.568946752526431,0.));
#3766=DIRECTION('center_axis',(-0.326910780761353,0.945055205489078,0.));
#3767=DIRECTION('ref_axis',(0.945055205489078,0.326910780761353,-6.55763780422395E-17));
#3768=DIRECTION('center_axis',(0.945055205489077,0.326910780761354,0.));
#3769=DIRECTION('ref_axis',(0.,0.,1.));
#3770=DIRECTION('center_axis',(-0.326910780761353,0.945055205489078,0.));
#3771=DIRECTION('ref_axis',(-0.945055205489078,-0.326910780761353,6.55763780422395E-17));
#3772=DIRECTION('center_axis',(0.,0.,-1.));
#3773=DIRECTION('ref_axis',(1.,0.,0.));
#3774=DIRECTION('center_axis',(0.568946752526431,-0.822374362920944,0.));
#3775=DIRECTION('ref_axis',(-0.822374362920944,-0.568946752526431,0.));
#3776=DIRECTION('center_axis',(-0.945055205489077,-0.326910780761354,0.));
#3777=DIRECTION('ref_axis',(0.326910780761354,-0.945055205489077,0.));
#3778=DIRECTION('center_axis',(0.,0.,-1.));
#3779=DIRECTION('ref_axis',(0.814527710014018,-0.580124650070414,0.));
#3780=DIRECTION('',(0.,0.,-1.));
#3781=DIRECTION('',(0.,0.,1.));
#3782=DIRECTION('center_axis',(0.,1.,0.));
#3783=DIRECTION('ref_axis',(-0.707106781186551,0.,-0.707106781186544));
#3784=DIRECTION('',(0.,-1.,0.));
#3785=DIRECTION('',(0.,1.,0.));
#3786=DIRECTION('center_axis',(0.945055205489078,0.326910780761353,0.));
#3787=DIRECTION('ref_axis',(0.231160829919338,-0.668254944396969,0.707106781186553));
#3788=DIRECTION('',(-0.945055205489078,-0.326910780761353,0.));
#3789=DIRECTION('',(0.945055205489078,0.326910780761353,0.));
#3790=DIRECTION('center_axis',(0.,1.,0.));
#3791=DIRECTION('ref_axis',(0.707106781186544,0.,-0.707106781186551));
#3792=DIRECTION('',(0.,1.,0.));
#3793=DIRECTION('center_axis',(0.597372543419722,-0.801963867246058,0.));
#3794=DIRECTION('ref_axis',(-0.801963867246058,-0.597372543419722,0.));
#3795=DIRECTION('center_axis',(-1.,0.,0.));
#3796=DIRECTION('ref_axis',(0.,0.,1.));
#3797=DIRECTION('center_axis',(0.,0.,-1.));
#3798=DIRECTION('ref_axis',(-1.,0.,0.));
#3799=DIRECTION('center_axis',(0.,1.,0.));
#3800=DIRECTION('ref_axis',(0.,0.,1.));
#3801=DIRECTION('center_axis',(0.,-1.,0.));
#3802=DIRECTION('ref_axis',(-0.707106781186548,0.,-0.707106781186548));
#3803=DIRECTION('',(1.,0.,0.));
#3804=DIRECTION('',(0.,0.,1.));
#3805=DIRECTION('center_axis',(0.,1.,0.));
#3806=DIRECTION('ref_axis',(0.707106781186547,0.,0.707106781186547));
#3807=DIRECTION('',(1.,0.,0.));
#3808=DIRECTION('center_axis',(0.,-1.,0.));
#3809=DIRECTION('ref_axis',(-0.707106781186548,0.,-0.707106781186548));
#3810=DIRECTION('',(1.,0.,0.));
#3811=DIRECTION('center_axis',(0.,1.,0.));
#3812=DIRECTION('ref_axis',(0.707106781186547,0.,-0.707106781186547));
#3813=DIRECTION('',(0.,0.,1.));
#3814=DIRECTION('center_axis',(0.,1.,0.));
#3815=DIRECTION('ref_axis',(0.707106781186547,0.,0.707106781186547));
#3816=DIRECTION('',(-1.,0.,0.));
#3817=DIRECTION('center_axis',(0.,-1.,0.));
#3818=DIRECTION('ref_axis',(-0.707106781186548,0.,-0.707106781186548));
#3819=DIRECTION('center_axis',(0.,1.,0.));
#3820=DIRECTION('ref_axis',(-0.707106781186548,0.,0.707106781186548));
#3821=DIRECTION('',(0.,1.,0.));
#3822=DIRECTION('',(0.,-1.,0.));
#3823=DIRECTION('center_axis',(0.,1.,0.));
#3824=DIRECTION('ref_axis',(-0.707106781186548,0.,-0.707106781186548));
#3825=DIRECTION('',(0.,-1.,0.));
#3826=DIRECTION('center_axis',(0.,-1.,0.));
#3827=DIRECTION('ref_axis',(-0.707106781186548,0.,-0.707106781186548));
#3828=DIRECTION('',(0.,-1.,0.));
#3829=DIRECTION('center_axis',(0.,-1.,0.));
#3830=DIRECTION('ref_axis',(-1.,0.,0.));
#3831=DIRECTION('',(1.,0.,0.));
#3832=DIRECTION('center_axis',(0.,-1.,0.));
#3833=DIRECTION('ref_axis',(0.707106781186551,0.,0.707106781186544));
#3834=DIRECTION('',(0.,0.,-1.));
#3835=DIRECTION('center_axis',(0.,-1.,0.));
#3836=DIRECTION('ref_axis',(0.707106781186548,-1.25607396694701E-14,-0.707106781186548));
#3837=DIRECTION('',(-1.,0.,0.));
#3838=DIRECTION('center_axis',(0.,1.,0.));
#3839=DIRECTION('ref_axis',(-0.707106781186548,0.,0.707106781186548));
#3840=DIRECTION('',(1.,0.,0.));
#3841=DIRECTION('center_axis',(0.,-1.,0.));
#3842=DIRECTION('ref_axis',(0.707106781186547,0.,0.707106781186547));
#3843=DIRECTION('',(-1.,0.,0.));
#3844=DIRECTION('',(0.,0.,1.));
#3845=DIRECTION('center_axis',(0.,-1.,0.));
#3846=DIRECTION('ref_axis',(-0.707106781186547,0.,0.707106781186547));
#3847=DIRECTION('',(1.,0.,0.));
#3848=DIRECTION('center_axis',(0.,1.,0.));
#3849=DIRECTION('ref_axis',(0.707106781186544,0.,-0.707106781186551));
#3850=DIRECTION('',(0.,0.,-1.));
#3851=DIRECTION('center_axis',(0.,1.,0.));
#3852=DIRECTION('ref_axis',(0.707106781186548,0.,0.707106781186548));
#3853=DIRECTION('',(-1.,0.,0.));
#3854=DIRECTION('center_axis',(0.,1.,0.));
#3855=DIRECTION('ref_axis',(0.,0.,1.));
#3856=DIRECTION('center_axis',(0.,1.,0.));
#3857=DIRECTION('ref_axis',(0.,0.,1.));
#3858=DIRECTION('center_axis',(0.,1.,0.));
#3859=DIRECTION('ref_axis',(0.,0.,1.));
#3860=DIRECTION('',(1.,0.,0.));
#3861=DIRECTION('center_axis',(0.,-1.,0.));
#3862=DIRECTION('ref_axis',(0.707106781186547,0.,0.707106781186547));
#3863=DIRECTION('',(0.,0.,-1.));
#3864=DIRECTION('center_axis',(0.,-1.,0.));
#3865=DIRECTION('ref_axis',(0.707106781186547,0.,-0.707106781186547));
#3866=DIRECTION('',(-1.,0.,0.));
#3867=DIRECTION('center_axis',(0.,1.,0.));
#3868=DIRECTION('ref_axis',(-0.707106781186548,0.,0.707106781186548));
#3869=DIRECTION('',(1.,0.,0.));
#3870=DIRECTION('',(0.,0.,1.));
#3871=DIRECTION('',(1.,0.,0.));
#3872=DIRECTION('center_axis',(0.,-1.,0.));
#3873=DIRECTION('ref_axis',(-0.707106781186548,0.,-0.707106781186548));
#3874=DIRECTION('',(0.,1.,-1.97372982155591E-14));
#3875=DIRECTION('center_axis',(0.,-1.,-1.77635683940026E-14));
#3876=DIRECTION('ref_axis',(-0.707106781186548,0.,0.707106781186548));
#3877=DIRECTION('',(0.,1.,0.));
#3878=DIRECTION('',(0.,1.,0.));
#3879=DIRECTION('',(0.,-1.,0.));
#3880=DIRECTION('center_axis',(0.,0.,-1.));
#3881=DIRECTION('ref_axis',(0.,1.,0.));
#3882=DIRECTION('',(0.,1.,0.));
#3883=DIRECTION('center_axis',(0.,1.,0.));
#3884=DIRECTION('ref_axis',(0.707106781186544,0.,-0.707106781186551));
#3885=DIRECTION('center_axis',(0.,-1.,0.));
#3886=DIRECTION('ref_axis',(0.707106781186544,0.,-0.707106781186551));
#3887=DIRECTION('',(0.,-1.,0.));
#3888=DIRECTION('',(0.,1.,0.));
#3889=DIRECTION('center_axis',(0.,0.,-1.));
#3890=DIRECTION('ref_axis',(0.,1.,0.));
#3891=DIRECTION('',(0.,-1.,0.));
#3892=DIRECTION('',(1.,0.,0.));
#3893=DIRECTION('center_axis',(0.,-1.,0.));
#3894=DIRECTION('ref_axis',(0.707106781186548,0.,0.707106781186548));
#3895=DIRECTION('',(0.,1.,0.));
#3896=DIRECTION('center_axis',(0.,-1.,0.));
#3897=DIRECTION('ref_axis',(0.707106781186548,0.,0.707106781186548));
#3898=DIRECTION('',(0.,-1.,0.));
#3899=DIRECTION('center_axis',(0.,0.,1.));
#3900=DIRECTION('ref_axis',(0.,-1.,0.));
#3901=DIRECTION('',(1.,0.,0.));
#3902=DIRECTION('',(1.,0.,0.));
#3903=DIRECTION('',(1.,0.,0.));
#3904=DIRECTION('center_axis',(0.,-1.,0.));
#3905=DIRECTION('ref_axis',(0.707106781186551,0.,0.707106781186544));
#3906=DIRECTION('center_axis',(0.,1.,0.));
#3907=DIRECTION('ref_axis',(0.707106781186551,0.,0.707106781186544));
#3908=DIRECTION('',(0.,-1.,0.));
#3909=DIRECTION('',(0.,1.,0.));
#3910=DIRECTION('center_axis',(1.,0.,0.));
#3911=DIRECTION('ref_axis',(0.,0.,-1.));
#3912=DIRECTION('',(0.,0.,-1.));
#3913=DIRECTION('',(0.,-1.,0.));
#3914=DIRECTION('',(0.,1.,0.));
#3915=DIRECTION('',(0.,1.77635683940026E-14,-1.));
#3916=DIRECTION('',(0.,1.,-1.97372982155591E-14));
#3917=DIRECTION('center_axis',(0.,1.,-1.97372982155591E-14));
#3918=DIRECTION('ref_axis',(0.707106781186548,-1.25607396694701E-14,-0.707106781186548));
#3919=DIRECTION('center_axis',(0.,1.,1.77635683940026E-14));
#3920=DIRECTION('ref_axis',(0.707106781186548,-1.25607396694701E-14,-0.707106781186548));
#3921=DIRECTION('',(0.,-1.,1.97372982155591E-14));
#3922=DIRECTION('center_axis',(0.,-1.97372982155591E-14,-1.));
#3923=DIRECTION('ref_axis',(0.,1.,-1.97372982155591E-14));
#3924=DIRECTION('',(1.,0.,0.));
#3925=DIRECTION('center_axis',(0.,0.,-1.));
#3926=DIRECTION('ref_axis',(0.707106781186551,-0.707106781186544,0.));
#3927=DIRECTION('center_axis',(0.,0.,1.));
#3928=DIRECTION('ref_axis',(-0.707106781186551,-0.707106781186544,0.));
#3929=DIRECTION('center_axis',(0.,0.707106781186551,0.707106781186545));
#3930=DIRECTION('ref_axis',(4.90653893338678E-17,-0.707106781186544,0.707106781186551));
#3931=DIRECTION('',(0.,0.,-1.));
#3932=DIRECTION('',(0.,0.,1.));
#3933=DIRECTION('center_axis',(1.,0.,0.));
#3934=DIRECTION('ref_axis',(0.,-1.,0.));
#3935=DIRECTION('',(0.,1.,0.));
#3936=DIRECTION('',(0.,-1.,0.));
#3937=DIRECTION('',(0.,0.,-1.));
#3938=DIRECTION('',(0.,0.,-1.));
#3939=DIRECTION('',(0.,1.,0.));
#3940=DIRECTION('center_axis',(1.,0.,0.));
#3941=DIRECTION('ref_axis',(0.,-0.382683432365089,-0.923879532511287));
#3942=DIRECTION('',(0.,0.707106781186545,-0.707106781186551));
#3943=DIRECTION('center_axis',(-0.408248290463864,0.40824829046386,-0.816496580927727));
#3944=DIRECTION('ref_axis',(0.577350269189629,-0.577350269189622,-0.577350269189626));
#3945=DIRECTION('center_axis',(-1.,0.,0.));
#3946=DIRECTION('ref_axis',(0.,-1.,0.));
#3947=DIRECTION('center_axis',(0.,0.,1.));
#3948=DIRECTION('ref_axis',(1.,0.,0.));
#3949=DIRECTION('center_axis',(0.,1.,0.));
#3950=DIRECTION('ref_axis',(0.,0.,-1.));
#3951=DIRECTION('center_axis',(0.,0.,-1.));
#3952=DIRECTION('ref_axis',(0.707106781186549,-0.707106781186546,0.));
#3953=DIRECTION('center_axis',(0.,0.707106781186551,0.707106781186545));
#3954=DIRECTION('ref_axis',(0.,-0.707106781186544,0.707106781186551));
#3955=DIRECTION('',(0.,0.,-1.));
#3956=DIRECTION('',(0.,0.,1.));
#3957=DIRECTION('center_axis',(0.,1.,0.));
#3958=DIRECTION('ref_axis',(0.707106781186549,0.,-0.707106781186546));
#3959=DIRECTION('',(0.,-1.,0.));
#3960=DIRECTION('',(0.,1.,0.));
#3961=DIRECTION('center_axis',(0.,0.707106781186551,0.707106781186545));
#3962=DIRECTION('ref_axis',(9.81307786677364E-17,0.707106781186545,-0.707106781186551));
#3963=DIRECTION('center_axis',(0.408248290463865,0.408248290463861,-0.816496580927726));
#3964=DIRECTION('ref_axis',(-0.577350269189628,-0.577350269189625,-0.577350269189625));
#3965=DIRECTION('center_axis',(0.,0.,1.));
#3966=DIRECTION('ref_axis',(0.,-1.,0.));
#3967=DIRECTION('center_axis',(1.,0.,0.));
#3968=DIRECTION('ref_axis',(0.,0.,-1.));
#3969=DIRECTION('center_axis',(0.,1.,0.));
#3970=DIRECTION('ref_axis',(-1.,0.,0.));
#3971=DIRECTION('center_axis',(1.,0.,0.));
#3972=DIRECTION('ref_axis',(0.,-0.707106781186548,-0.707106781186548));
#3973=DIRECTION('',(-1.,0.,0.));
#3974=DIRECTION('',(1.,0.,0.));
#3975=DIRECTION('center_axis',(0.,-1.,0.));
#3976=DIRECTION('ref_axis',(-0.707106781186549,0.,-0.707106781186546));
#3977=DIRECTION('',(0.,1.,0.));
#3978=DIRECTION('center_axis',(0.,0.,1.));
#3979=DIRECTION('ref_axis',(-0.707106781186549,-0.707106781186546,0.));
#3980=DIRECTION('',(0.,0.,-1.));
#3981=DIRECTION('center_axis',(-1.,0.,0.));
#3982=DIRECTION('ref_axis',(0.,0.,1.));
#3983=DIRECTION('',(0.,0.707106781186545,-0.707106781186551));
#3984=DIRECTION('center_axis',(0.,1.,0.));
#3985=DIRECTION('ref_axis',(0.,0.,1.));
#3986=DIRECTION('center_axis',(0.,1.,0.));
#3987=DIRECTION('ref_axis',(-0.707106781186549,0.,-0.707106781186546));
#3988=DIRECTION('center_axis',(-0.32691078076135,-0.945055205489079,0.));
#3989=DIRECTION('ref_axis',(-0.945055205489079,0.32691078076135,1.31152756084479E-16));
#3990=DIRECTION('',(0.,-1.,0.));
#3991=DIRECTION('center_axis',(-0.707106781186546,0.707106781186549,3.14018491736754E-15));
#3992=DIRECTION('ref_axis',(-0.707106781186549,-0.707106781186546,3.14018491736755E-15));
#3993=DIRECTION('center_axis',(-1.,0.,0.));
#3994=DIRECTION('ref_axis',(0.,-0.707106781186546,-0.707106781186549));
#3995=DIRECTION('',(1.,0.,0.));
#3996=DIRECTION('center_axis',(-0.707106781186546,-0.707106781186549,0.));
#3997=DIRECTION('ref_axis',(0.707106781186549,-0.707106781186546,0.));
#3998=DIRECTION('center_axis',(0.,-1.,0.));
#3999=DIRECTION('ref_axis',(0.707106781186549,0.,-0.707106781186546));
#4000=DIRECTION('',(0.,1.,0.));
#4001=DIRECTION('center_axis',(0.326910780761353,-0.945055205489078,0.));
#4002=DIRECTION('ref_axis',(0.945055205489078,0.326910780761353,-6.55763780422395E-16));
#4003=DIRECTION('center_axis',(0.,0.,-1.));
#4004=DIRECTION('ref_axis',(1.,0.,0.));
#4005=DIRECTION('center_axis',(0.,0.,-1.));
#4006=DIRECTION('ref_axis',(0.326910780761351,0.945055205489078,0.));
#4007=DIRECTION('center_axis',(0.,0.,-1.));
#4008=DIRECTION('ref_axis',(-0.991890344031686,-0.127096598761348,0.));
#4009=DIRECTION('',(0.500000000000009,0.866025403784434,0.));
#4010=DIRECTION('center_axis',(0.,0.,-1.));
#4011=DIRECTION('ref_axis',(-0.866025403784439,0.5,0.));
#4012=DIRECTION('',(1.,0.,0.));
#4013=DIRECTION('center_axis',(0.,0.,-1.));
#4014=DIRECTION('ref_axis',(1.77635683940024E-14,1.,0.));
#4015=DIRECTION('',(0.499999999999993,-0.866025403784443,0.));
#4016=DIRECTION('center_axis',(0.,0.,-1.));
#4017=DIRECTION('ref_axis',(0.866025403784439,0.5,0.));
#4018=DIRECTION('center_axis',(0.,0.,1.));
#4019=DIRECTION('ref_axis',(-0.761130737995773,-0.648598488803366,0.));
#4020=DIRECTION('',(-0.945055205489078,0.32691078076135,0.));
#4021=DIRECTION('center_axis',(0.,0.,-1.));
#4022=DIRECTION('ref_axis',(1.41553435639708E-15,-1.,0.));
#4023=DIRECTION('',(-0.945055205489078,-0.326910780761353,0.));
#4024=DIRECTION('center_axis',(0.,0.,1.));
#4025=DIRECTION('ref_axis',(0.945346409269924,-0.326067732964275,0.));
#4026=DIRECTION('center_axis',(0.,0.,-1.));
#4027=DIRECTION('ref_axis',(-0.945346409269923,0.326067732964276,0.));
#4028=DIRECTION('',(0.499999999999989,0.866025403784445,0.));
#4029=DIRECTION('center_axis',(0.,0.,-1.));
#4030=DIRECTION('ref_axis',(-0.866025403784445,0.499999999999989,0.));
#4031=DIRECTION('',(1.,0.,0.));
#4032=DIRECTION('center_axis',(0.,0.,-1.));
#4033=DIRECTION('ref_axis',(8.88178419700132E-16,1.,0.));
#4034=DIRECTION('',(0.500000000000011,-0.866025403784432,0.));
#4035=DIRECTION('center_axis',(0.,0.,-1.));
#4036=DIRECTION('ref_axis',(0.866025403784436,0.500000000000005,0.));
#4037=DIRECTION('center_axis',(0.,0.,-1.));
#4038=DIRECTION('ref_axis',(-0.326910780761351,0.945055205489078,0.));
#4039=DIRECTION('',(1.,1.16103407479762E-14,0.));
#4040=DIRECTION('',(0.499999999999999,0.866025403784439,0.));
#4041=DIRECTION('',(-0.499999999999999,0.866025403784439,0.));
#4042=DIRECTION('',(-1.,0.,0.));
#4043=DIRECTION('',(-0.499999999999999,-0.866025403784439,0.));
#4044=DIRECTION('',(0.499999999999999,-0.866025403784439,0.));
#4045=DIRECTION('',(1.,-1.16103407479762E-14,0.));
#4046=DIRECTION('',(0.500000000000006,0.866025403784435,0.));
#4047=DIRECTION('',(-0.499999999999992,0.866025403784443,0.));
#4048=DIRECTION('',(-1.,1.16103407479764E-14,0.));
#4049=DIRECTION('',(-0.500000000000008,-0.866025403784434,0.));
#4050=DIRECTION('',(0.499999999999993,-0.866025403784443,0.));
#4051=DIRECTION('center_axis',(0.,0.,1.));
#4052=DIRECTION('ref_axis',(0.326910780761351,0.945055205489078,0.));
#4053=DIRECTION('',(0.,0.,1.));
#4054=DIRECTION('center_axis',(0.668254944396975,-0.231160829919341,0.707106781186546));
#4055=DIRECTION('ref_axis',(-0.668254944396972,0.23116082991934,0.707106781186549));
#4056=DIRECTION('center_axis',(0.,0.,1.));
#4057=DIRECTION('ref_axis',(0.326910780761351,0.945055205489078,0.));
#4058=DIRECTION('',(0.,0.,-1.));
#4059=DIRECTION('center_axis',(0.32691078076135,0.945055205489079,0.));
#4060=DIRECTION('ref_axis',(0.945055205489078,-0.32691078076135,0.));
#4061=DIRECTION('center_axis',(0.,0.,-1.));
#4062=DIRECTION('ref_axis',(-0.580124650070409,0.814527710014021,0.));
#4063=DIRECTION('',(0.,0.,-1.));
#4064=DIRECTION('center_axis',(0.,0.,1.));
#4065=DIRECTION('ref_axis',(0.326910780761351,0.945055205489078,0.));
#4066=DIRECTION('center_axis',(0.,0.,-1.));
#4067=DIRECTION('ref_axis',(-0.580124650070409,0.814527710014021,0.));
#4068=DIRECTION('center_axis',(-0.668254944396974,0.231160829919341,-0.707106781186547));
#4069=DIRECTION('ref_axis',(-0.668254944396972,0.23116082991934,0.707106781186548));
#4070=DIRECTION('center_axis',(0.,0.,-1.));
#4071=DIRECTION('ref_axis',(0.580124650070422,0.814527710014012,0.));
#4072=DIRECTION('center_axis',(0.,0.,1.));
#4073=DIRECTION('ref_axis',(1.,0.,0.));
#4074=DIRECTION('',(0.,0.,1.));
#4075=DIRECTION('center_axis',(0.668254944396971,0.231160829919342,-0.707106781186549));
#4076=DIRECTION('ref_axis',(0.668254944396974,0.231160829919343,0.707106781186546));
#4077=DIRECTION('center_axis',(0.,0.,-1.));
#4078=DIRECTION('ref_axis',(0.580124650070422,0.814527710014012,0.));
#4079=DIRECTION('center_axis',(-0.945055205489078,-0.326910780761353,0.));
#4080=DIRECTION('ref_axis',(-0.231160829919344,0.668254944396968,0.707106781186552));
#4081=DIRECTION('',(-0.945055205489078,-0.326910780761353,0.));
#4082=DIRECTION('center_axis',(0.945055205489078,0.326910780761353,0.));
#4083=DIRECTION('ref_axis',(-0.326910780761353,0.945055205489078,0.));
#4084=DIRECTION('',(0.945055205489078,0.326910780761353,0.));
#4085=DIRECTION('center_axis',(0.,0.,-1.));
#4086=DIRECTION('ref_axis',(-1.,0.,0.));
#4087=DIRECTION('center_axis',(0.945055205489078,-0.326910780761353,0.));
#4088=DIRECTION('ref_axis',(0.326910780761353,0.945055205489078,0.));
#4089=DIRECTION('center_axis',(0.,0.,1.));
#4090=DIRECTION('ref_axis',(1.13797860024079E-15,-1.,0.));
#4091=DIRECTION('center_axis',(0.,0.,-1.));
#4092=DIRECTION('ref_axis',(1.13797860024079E-15,-1.,0.));
#4093=DIRECTION('center_axis',(-0.945055205489079,0.32691078076135,0.));
#4094=DIRECTION('ref_axis',(0.231160829919339,0.668254944396975,0.707106781186547));
#4095=DIRECTION('',(0.945055205489078,-0.32691078076135,0.));
#4096=DIRECTION('',(-0.945055205489078,0.32691078076135,0.));
#4097=DIRECTION('center_axis',(2.18909579525258E-15,0.167446872557198,0.985881100777783));
#4098=DIRECTION('ref_axis',(1.,0.,-2.22044604925031E-15));
#4099=DIRECTION('center_axis',(0.326910780761353,-0.945055205489078,0.));
#4100=DIRECTION('ref_axis',(-0.945055205489078,-0.326910780761353,0.));
#4101=DIRECTION('center_axis',(0.,0.167446872557346,0.985881100777758));
#4102=DIRECTION('ref_axis',(0.130759667573924,0.977416420086444,-0.166009189749715));
#4103=DIRECTION('center_axis',(-0.32691078076135,-0.945055205489079,0.));
#4104=DIRECTION('ref_axis',(-0.945055205489078,0.32691078076135,0.));
#4105=DIRECTION('center_axis',(0.,-0.216537085655229,0.976274393055528));
#4106=DIRECTION('ref_axis',(1.,0.,0.));
#4107=DIRECTION('center_axis',(0.,-0.21653708565537,0.976274393055497));
#4108=DIRECTION('ref_axis',(0.319957281350399,0.92495357164458,0.205154157678554));
#4109=DIRECTION('center_axis',(0.,0.,1.));
#4110=DIRECTION('ref_axis',(-1.,0.,0.));
#4111=DIRECTION('',(-1.,0.,0.));
#4112=DIRECTION('',(-1.,0.,0.));
#4113=DIRECTION('center_axis',(-0.326910780761353,0.945055205489078,0.));
#4114=DIRECTION('ref_axis',(0.945055205489078,0.326910780761353,0.));
#4115=DIRECTION('center_axis',(0.326910780761353,-0.945055205489078,0.));
#4116=DIRECTION('ref_axis',(-0.945055205489078,-0.326910780761353,0.));
#4117=DIRECTION('',(0.945055205489078,0.326910780761353,0.));
#4118=DIRECTION('',(0.,0.,1.));
#4119=DIRECTION('',(0.945055205489078,0.326910780761353,0.));
#4120=DIRECTION('',(0.,0.,-1.));
#4121=DIRECTION('center_axis',(0.,0.,-1.));
#4122=DIRECTION('ref_axis',(-0.580542360500445,-0.81423004591121,0.));
#4123=DIRECTION('center_axis',(0.,0.,-1.));
#4124=DIRECTION('ref_axis',(-0.326910780761351,-0.945055205489078,0.));
#4125=DIRECTION('',(0.,0.,1.));
#4126=DIRECTION('center_axis',(-0.668254944396973,0.231160829919339,0.707106781186548));
#4127=DIRECTION('ref_axis',(-0.668254944396974,0.23116082991934,-0.707106781186547));
#4128=DIRECTION('',(0.,0.,-1.));
#4129=DIRECTION('center_axis',(0.945055205489079,-0.32691078076135,0.));
#4130=DIRECTION('ref_axis',(0.231160829919341,0.66825494439697,-0.707106781186551));
#4131=DIRECTION('',(0.945055205489078,-0.32691078076135,0.));
#4132=DIRECTION('center_axis',(-0.945055205489078,0.326910780761351,0.));
#4133=DIRECTION('ref_axis',(0.326910780761351,0.945055205489078,0.));
#4134=DIRECTION('center_axis',(0.32691078076135,0.945055205489079,0.));
#4135=DIRECTION('ref_axis',(0.945055205489078,-0.32691078076135,0.));
#4136=DIRECTION('',(0.,0.,-1.));
#4137=DIRECTION('',(0.945055205489078,-0.32691078076135,0.));
#4138=DIRECTION('center_axis',(-0.32691078076135,-0.945055205489079,0.));
#4139=DIRECTION('ref_axis',(-0.945055205489078,0.32691078076135,0.));
#4140=DIRECTION('',(-0.945055205489078,0.32691078076135,0.));
#4141=DIRECTION('center_axis',(0.,0.,-1.));
#4142=DIRECTION('ref_axis',(0.580542360500469,-0.814230045911193,0.));
#4143=DIRECTION('center_axis',(0.,0.,-1.));
#4144=DIRECTION('ref_axis',(0.786892131762845,-0.61709057112366,0.));
#4145=DIRECTION('center_axis',(0.668254944396973,0.231160829919342,0.707106781186548));
#4146=DIRECTION('ref_axis',(0.668254944396973,0.231160829919342,-0.707106781186547));
#4147=DIRECTION('',(0.,0.,-1.));
#4148=DIRECTION('center_axis',(0.,0.,-1.));
#4149=DIRECTION('ref_axis',(0.945346409269924,-0.326067732964275,0.));
#4150=DIRECTION('center_axis',(0.,0.,-1.));
#4151=DIRECTION('ref_axis',(0.945346409269924,-0.326067732964275,0.));
#4152=DIRECTION('',(0.,0.,-1.));
#4153=DIRECTION('center_axis',(0.945055205489079,-0.32691078076135,0.));
#4154=DIRECTION('ref_axis',(-0.231160829919338,-0.66825494439697,-0.707106781186551));
#4155=DIRECTION('',(-0.945055205489078,0.32691078076135,0.));
#4156=DIRECTION('center_axis',(-1.16103407479762E-14,1.,0.));
#4157=DIRECTION('ref_axis',(-1.,-1.16129634284983E-14,-2.26839922374656E-17));
#4158=DIRECTION('center_axis',(0.866025403784439,0.499999999999999,0.));
#4159=DIRECTION('ref_axis',(0.499999999999999,-0.866025403784439,1.81795252616077E-16));
#4160=DIRECTION('',(-0.945055205489078,0.32691078076135,0.));
#4161=DIRECTION('center_axis',(0.,0.,-1.));
#4162=DIRECTION('ref_axis',(1.,0.,0.));
#4163=DIRECTION('center_axis',(0.,0.,-1.));
#4164=DIRECTION('ref_axis',(-0.761130737995773,-0.648598488803366,0.));
#4165=DIRECTION('center_axis',(0.,0.,-1.));
#4166=DIRECTION('ref_axis',(0.866025403784439,0.5,0.));
#4167=DIRECTION('',(-0.499999999999993,0.866025403784443,0.));
#4168=DIRECTION('center_axis',(0.,0.,-1.));
#4169=DIRECTION('ref_axis',(1.77635683940024E-14,1.,0.));
#4170=DIRECTION('',(-1.,0.,0.));
#4171=DIRECTION('center_axis',(0.,0.,-1.));
#4172=DIRECTION('ref_axis',(-0.866025403784439,0.5,0.));
#4173=DIRECTION('',(-0.500000000000009,-0.866025403784434,0.));
#4174=DIRECTION('center_axis',(0.,0.,-1.));
#4175=DIRECTION('ref_axis',(-0.991890344031686,-0.127096598761348,0.));
#4176=DIRECTION('',(0.499999999999999,-0.866025403784439,0.));
#4177=DIRECTION('',(-0.499999999999999,-0.866025403784439,0.));
#4178=DIRECTION('',(-1.,0.,0.));
#4179=DIRECTION('',(-0.499999999999999,0.866025403784439,0.));
#4180=DIRECTION('',(0.499999999999999,0.866025403784439,0.));
#4181=DIRECTION('',(1.,1.16103407479762E-14,0.));
#4182=DIRECTION('center_axis',(0.,0.,1.));
#4183=DIRECTION('ref_axis',(1.,0.,0.));
#4184=DIRECTION('center_axis',(-0.945055205489077,-0.326910780761356,0.));
#4185=DIRECTION('ref_axis',(-0.326910780761356,0.945055205489077,0.));
#4186=DIRECTION('center_axis',(0.,0.,1.));
#4187=DIRECTION('ref_axis',(1.41553435639708E-15,-1.,0.));
#4188=DIRECTION('center_axis',(0.945055205489078,0.326910780761353,0.));
#4189=DIRECTION('ref_axis',(-0.231160829919344,0.668254944396969,-0.70710678118655));
#4190=DIRECTION('center_axis',(-0.326910780761353,0.945055205489078,0.));
#4191=DIRECTION('ref_axis',(0.945055205489078,0.326910780761353,0.));
#4192=DIRECTION('',(0.,0.,-1.));
#4193=DIRECTION('center_axis',(0.,0.,-1.));
#4194=DIRECTION('ref_axis',(0.326910780761354,-0.945055205489077,0.));
#4195=DIRECTION('center_axis',(0.,0.,-1.));
#4196=DIRECTION('ref_axis',(-0.326910780761351,0.945055205489078,0.));
#4197=DIRECTION('',(0.,0.,1.));
#4198=DIRECTION('center_axis',(0.,0.,1.));
#4199=DIRECTION('ref_axis',(-0.326910780761351,0.945055205489078,0.));
#4200=DIRECTION('center_axis',(-0.668254944396974,-0.231160829919341,0.707106781186547));
#4201=DIRECTION('ref_axis',(0.668254944396973,0.23116082991934,0.707106781186548));
#4202=DIRECTION('center_axis',(0.945055205489078,0.326910780761353,0.));
#4203=DIRECTION('ref_axis',(0.231160829919344,-0.668254944396969,-0.70710678118655));
#4204=DIRECTION('',(-0.945055205489078,-0.326910780761353,0.));
#4205=DIRECTION('center_axis',(-0.866025403784435,0.500000000000006,0.));
#4206=DIRECTION('ref_axis',(-0.500000000000006,-0.866025403784435,0.));
#4207=DIRECTION('center_axis',(1.16103407479762E-14,1.,0.));
#4208=DIRECTION('ref_axis',(1.,-1.16129634284984E-14,4.53679844749316E-17));
#4209=DIRECTION('',(-0.945055205489078,-0.326910780761353,0.));
#4210=DIRECTION('center_axis',(0.,1.,0.));
#4211=DIRECTION('ref_axis',(-0.707106781186547,0.,0.707106781186547));
#4212=DIRECTION('center_axis',(0.,1.,0.));
#4213=DIRECTION('ref_axis',(-0.707106781186547,0.,0.707106781186547));
#4214=DIRECTION('center_axis',(1.,0.,0.));
#4215=DIRECTION('ref_axis',(0.,-0.382683432365089,-0.923879532511287));
#4216=DIRECTION('',(1.,0.,0.));
#4217=DIRECTION('center_axis',(0.,0.707106781186551,0.707106781186545));
#4218=DIRECTION('ref_axis',(0.,0.707106781186545,-0.707106781186551));
#4219=DIRECTION('center_axis',(1.,0.,0.));
#4220=DIRECTION('ref_axis',(0.,-0.382683432365089,-0.923879532511287));
#4221=DIRECTION('center_axis',(0.,-1.,0.));
#4222=DIRECTION('ref_axis',(0.707106781186547,0.,0.707106781186547));
#4223=DIRECTION('center_axis',(0.,-1.,0.));
#4224=DIRECTION('ref_axis',(0.707106781186547,0.,0.707106781186547));
#4225=DIRECTION('',(0.,-1.,0.));
#4226=DIRECTION('',(0.,1.,0.));
#4227=DIRECTION('center_axis',(1.,0.,0.));
#4228=DIRECTION('ref_axis',(0.,0.,-1.));
#4229=DIRECTION('',(0.,1.,0.));
#4230=DIRECTION('center_axis',(0.,1.,0.));
#4231=DIRECTION('ref_axis',(0.707106781186547,0.,-0.707106781186547));
#4232=DIRECTION('',(0.,-1.,0.));
#4233=DIRECTION('center_axis',(0.,0.,1.));
#4234=DIRECTION('ref_axis',(0.,-1.,0.));
#4235=DIRECTION('center_axis',(0.,0.,-1.));
#4236=DIRECTION('ref_axis',(0.,1.,0.));
#4237=DIRECTION('center_axis',(0.,0.,-1.));
#4238=DIRECTION('ref_axis',(0.,1.,0.));
#4239=DIRECTION('',(1.,0.,0.));
#4240=DIRECTION('center_axis',(0.,0.,1.));
#4241=DIRECTION('ref_axis',(0.,-1.,0.));
#4242=DIRECTION('',(1.,0.,0.));
#4243=DIRECTION('center_axis',(0.,-1.,0.));
#4244=DIRECTION('ref_axis',(0.,0.,-1.));
#4245=DIRECTION('',(1.,0.,0.));
#4246=DIRECTION('center_axis',(0.,0.,1.));
#4247=DIRECTION('ref_axis',(0.,-1.,0.));
#4248=DIRECTION('center_axis',(0.,-1.,-1.77635683940026E-14));
#4249=DIRECTION('ref_axis',(0.,1.77635683940026E-14,-1.));
#4250=DIRECTION('center_axis',(0.,1.,0.));
#4251=DIRECTION('ref_axis',(0.,0.,1.));
#4252=DIRECTION('',(0.,0.,1.));
#4253=DIRECTION('center_axis',(1.,0.,0.));
#4254=DIRECTION('ref_axis',(0.,0.,-1.));
#4255=DIRECTION('center_axis',(0.,0.,1.));
#4256=DIRECTION('ref_axis',(1.,0.,0.));
#4257=DIRECTION('center_axis',(0.,-1.,0.));
#4258=DIRECTION('ref_axis',(0.,0.,1.));
#4259=DIRECTION('center_axis',(0.,-1.,0.));
#4260=DIRECTION('ref_axis',(0.,0.,1.));
#4261=DIRECTION('center_axis',(0.,-1.,0.));
#4262=DIRECTION('ref_axis',(0.,0.,1.));
#4263=DIRECTION('center_axis',(0.,-1.,0.));
#4264=DIRECTION('ref_axis',(0.,0.,1.));
#4265=DIRECTION('',(0.,-1.,0.));
#4266=DIRECTION('center_axis',(0.,-1.,0.));
#4267=DIRECTION('ref_axis',(0.,0.,1.));
#4268=DIRECTION('',(0.,-1.,0.));
#4269=DIRECTION('center_axis',(0.,-1.,0.));
#4270=DIRECTION('ref_axis',(0.,0.,1.));
#4271=DIRECTION('center_axis',(0.,-1.,0.));
#4272=DIRECTION('ref_axis',(0.,0.,1.));
#4273=DIRECTION('center_axis',(0.,-1.,0.));
#4274=DIRECTION('ref_axis',(0.,0.,1.));
#4275=DIRECTION('center_axis',(0.,-1.,0.));
#4276=DIRECTION('ref_axis',(0.,0.,1.));
#4277=DIRECTION('',(0.,-1.,0.));
#4278=DIRECTION('center_axis',(0.,-1.,0.));
#4279=DIRECTION('ref_axis',(0.,0.,1.));
#4280=DIRECTION('',(0.,-1.,0.));
#4281=DIRECTION('center_axis',(0.866025403784439,0.499999999999999,0.));
#4282=DIRECTION('ref_axis',(0.499999999999999,-0.866025403784439,0.));
#4283=DIRECTION('',(0.,0.,-1.));
#4284=DIRECTION('',(0.,0.,-1.));
#4285=DIRECTION('center_axis',(0.866025403784439,-0.499999999999999,0.));
#4286=DIRECTION('ref_axis',(-0.499999999999999,-0.866025403784439,0.));
#4287=DIRECTION('',(0.,0.,-1.));
#4288=DIRECTION('center_axis',(0.,-1.,0.));
#4289=DIRECTION('ref_axis',(-1.,0.,0.));
#4290=DIRECTION('',(0.,0.,-1.));
#4291=DIRECTION('center_axis',(-0.866025403784439,-0.499999999999999,0.));
#4292=DIRECTION('ref_axis',(-0.499999999999999,0.866025403784439,0.));
#4293=DIRECTION('',(0.,0.,-1.));
#4294=DIRECTION('center_axis',(-0.866025403784439,0.499999999999999,0.));
#4295=DIRECTION('ref_axis',(0.499999999999999,0.866025403784439,0.));
#4296=DIRECTION('',(0.,0.,-1.));
#4297=DIRECTION('center_axis',(-1.16103407479762E-14,1.,0.));
#4298=DIRECTION('ref_axis',(1.,1.16103407479762E-14,0.));
#4299=DIRECTION('center_axis',(0.866025403784443,0.499999999999993,0.));
#4300=DIRECTION('ref_axis',(0.499999999999993,-0.866025403784443,0.));
#4301=DIRECTION('',(0.499999999999993,-0.866025403784443,0.));
#4302=DIRECTION('',(0.,0.,-1.));
#4303=DIRECTION('',(0.,0.,-1.));
#4304=DIRECTION('center_axis',(0.866025403784434,-0.500000000000008,0.));
#4305=DIRECTION('ref_axis',(-0.500000000000008,-0.866025403784434,0.));
#4306=DIRECTION('',(-0.500000000000008,-0.866025403784434,0.));
#4307=DIRECTION('',(0.,0.,-1.));
#4308=DIRECTION('center_axis',(-1.16103407479764E-14,-1.,0.));
#4309=DIRECTION('ref_axis',(-1.,1.16103407479764E-14,0.));
#4310=DIRECTION('',(-1.,1.16103407479764E-14,0.));
#4311=DIRECTION('',(0.,0.,-1.));
#4312=DIRECTION('center_axis',(-0.866025403784443,-0.499999999999992,0.));
#4313=DIRECTION('ref_axis',(-0.499999999999992,0.866025403784443,0.));
#4314=DIRECTION('',(-0.499999999999992,0.866025403784443,0.));
#4315=DIRECTION('',(0.,0.,-1.));
#4316=DIRECTION('center_axis',(-0.866025403784435,0.500000000000006,0.));
#4317=DIRECTION('ref_axis',(0.500000000000006,0.866025403784435,0.));
#4318=DIRECTION('',(0.500000000000006,0.866025403784435,0.));
#4319=DIRECTION('',(0.,0.,-1.));
#4320=DIRECTION('center_axis',(1.16103407479762E-14,1.,0.));
#4321=DIRECTION('ref_axis',(1.,-1.16103407479762E-14,0.));
#4322=DIRECTION('',(1.,-1.16103407479762E-14,0.));
#4323=DIRECTION('center_axis',(0.,0.,-1.));
#4324=DIRECTION('ref_axis',(0.866025403784436,0.500000000000005,0.));
#4325=DIRECTION('',(0.,0.,-1.));
#4326=DIRECTION('center_axis',(0.,0.,-1.));
#4327=DIRECTION('ref_axis',(0.866025403784436,0.500000000000005,0.));
#4328=DIRECTION('center_axis',(0.866025403784432,0.500000000000011,0.));
#4329=DIRECTION('ref_axis',(0.500000000000011,-0.866025403784432,0.));
#4330=DIRECTION('',(-0.500000000000011,0.866025403784432,0.));
#4331=DIRECTION('',(0.,0.,-1.));
#4332=DIRECTION('center_axis',(0.,0.,-1.));
#4333=DIRECTION('ref_axis',(8.88178419700132E-16,1.,0.));
#4334=DIRECTION('center_axis',(0.,0.,-1.));
#4335=DIRECTION('ref_axis',(8.88178419700132E-16,1.,0.));
#4336=DIRECTION('',(0.,0.,-1.));
#4337=DIRECTION('center_axis',(0.,1.,0.));
#4338=DIRECTION('ref_axis',(1.,0.,0.));
#4339=DIRECTION('',(-1.,0.,0.));
#4340=DIRECTION('',(0.,0.,-1.));
#4341=DIRECTION('center_axis',(0.,0.,-1.));
#4342=DIRECTION('ref_axis',(-0.866025403784445,0.499999999999989,0.));
#4343=DIRECTION('center_axis',(0.,0.,-1.));
#4344=DIRECTION('ref_axis',(-0.866025403784445,0.499999999999989,0.));
#4345=DIRECTION('',(0.,0.,-1.));
#4346=DIRECTION('center_axis',(-0.866025403784445,0.499999999999989,0.));
#4347=DIRECTION('ref_axis',(0.499999999999989,0.866025403784445,0.));
#4348=DIRECTION('',(-0.499999999999989,-0.866025403784445,0.));
#4349=DIRECTION('',(0.,0.,-1.));
#4350=DIRECTION('center_axis',(0.,0.,-1.));
#4351=DIRECTION('ref_axis',(-0.945346409269923,0.326067732964276,0.));
#4352=DIRECTION('center_axis',(0.,0.,-1.));
#4353=DIRECTION('ref_axis',(-0.945346409269923,0.326067732964276,0.));
#4354=DIRECTION('center_axis',(0.,0.,-1.));
#4355=DIRECTION('ref_axis',(-0.761130737995773,-0.648598488803366,0.));
#4356=DIRECTION('',(0.,0.,-1.));
#4357=DIRECTION('center_axis',(0.,0.,-1.));
#4358=DIRECTION('ref_axis',(0.866025403784439,0.5,0.));
#4359=DIRECTION('',(0.,0.,-1.));
#4360=DIRECTION('center_axis',(0.866025403784443,0.499999999999993,0.));
#4361=DIRECTION('ref_axis',(0.499999999999993,-0.866025403784443,0.));
#4362=DIRECTION('',(0.,0.,-1.));
#4363=DIRECTION('center_axis',(0.,0.,-1.));
#4364=DIRECTION('ref_axis',(1.77635683940024E-14,1.,0.));
#4365=DIRECTION('',(0.,0.,-1.));
#4366=DIRECTION('center_axis',(0.,1.,0.));
#4367=DIRECTION('ref_axis',(1.,0.,0.));
#4368=DIRECTION('',(0.,0.,-1.));
#4369=DIRECTION('center_axis',(0.,0.,-1.));
#4370=DIRECTION('ref_axis',(-0.866025403784439,0.5,0.));
#4371=DIRECTION('',(0.,0.,-1.));
#4372=DIRECTION('center_axis',(-0.866025403784434,0.500000000000009,0.));
#4373=DIRECTION('ref_axis',(0.500000000000009,0.866025403784434,0.));
#4374=DIRECTION('',(0.,0.,-1.));
#4375=DIRECTION('center_axis',(0.,0.,-1.));
#4376=DIRECTION('ref_axis',(-0.991890344031686,-0.127096598761348,0.));
#4377=DIRECTION('center_axis',(0.,0.,-1.));
#4378=DIRECTION('ref_axis',(1.,0.,0.));
#4379=CARTESIAN_POINT('',(0.,0.,0.));
#4380=CARTESIAN_POINT('Origin',(-42.884018334347,-127.540418557907,60.9999999999934));
#4381=CARTESIAN_POINT('',(-42.8893871928587,-127.8939719485,60.6464466094002));
#4382=CARTESIAN_POINT('',(-42.884018334347,-127.7475253391,60.5449101394342));
#4383=CARTESIAN_POINT('Ctrl Pts',(-42.884018334347,-127.7475253391,60.5449101394342));
#4384=CARTESIAN_POINT('Ctrl Pts',(-42.884018334347,-127.802734024509,60.5700350523798));
#4385=CARTESIAN_POINT('Ctrl Pts',(-42.8863888036398,-127.852985429345,60.6055816711502));
#4386=CARTESIAN_POINT('Ctrl Pts',(-42.8893613311338,-127.893619386956,60.646094311407));
#4387=CARTESIAN_POINT('Ctrl Pts',(-42.889374253413,-127.893795710747,60.6462703716474));
#4388=CARTESIAN_POINT('Ctrl Pts',(-42.8893871928587,-127.8939719485,60.6464466094002));
#4389=CARTESIAN_POINT('',(-40.8786494758354,-127.8939719485,60.6464466094002));
#4390=CARTESIAN_POINT('',(-42.884018334347,-127.8939719485,60.6464466094002));
#4391=CARTESIAN_POINT('',(-40.884018334347,-127.7475253391,60.5449101394342));
#4392=CARTESIAN_POINT('Ctrl Pts',(-40.8786494758355,-127.893971948499,60.646446609399));
#4393=CARTESIAN_POINT('Ctrl Pts',(-40.8786624152812,-127.893795710747,60.6462703716467));
#4394=CARTESIAN_POINT('Ctrl Pts',(-40.8786753375604,-127.893619386956,60.6460943114066));
#4395=CARTESIAN_POINT('Ctrl Pts',(-40.8816478650543,-127.852985429345,60.6055816711502));
#4396=CARTESIAN_POINT('Ctrl Pts',(-40.884018334347,-127.802734024509,60.5700350523798));
#4397=CARTESIAN_POINT('Ctrl Pts',(-40.884018334347,-127.7475253391,60.5449101394342));
#4398=CARTESIAN_POINT('',(-40.884018334347,-127.540418557907,60.4999999999934));
#4399=CARTESIAN_POINT('Origin',(-40.884018334347,-127.540418557907,60.9999999999934));
#4400=CARTESIAN_POINT('',(-42.884018334347,-127.540418557907,60.4999999999934));
#4401=CARTESIAN_POINT('',(-42.884018334347,-127.540418557907,60.4999999999934));
#4402=CARTESIAN_POINT('Origin',(-42.884018334347,-127.540418557907,60.9999999999934));
#4403=CARTESIAN_POINT('Origin',(-42.884018334347,-125.747525339077,60.4999999999934));
#4404=CARTESIAN_POINT('',(-40.884018334347,-126.247525339077,60.4999999999934));
#4405=CARTESIAN_POINT('',(-40.884018334347,-127.747525339093,60.4999999999934));
#4406=CARTESIAN_POINT('',(-42.884018334347,-126.247525339077,60.4999999999934));
#4407=CARTESIAN_POINT('',(-42.884018334347,-126.247525339077,60.4999999999934));
#4408=CARTESIAN_POINT('',(-42.884018334347,-127.747525339093,60.4999999999934));
#4409=CARTESIAN_POINT('Origin',(-42.884018334347,-126.247525339077,59.9999999999934));
#4410=CARTESIAN_POINT('',(-40.884018334347,-125.747525339077,59.9999999999933));
#4411=CARTESIAN_POINT('Origin',(-40.884018334347,-126.247525339077,59.9999999999934));
#4412=CARTESIAN_POINT('',(-42.884018334347,-125.747525339078,59.9999999999933));
#4413=CARTESIAN_POINT('',(-42.884018334347,-125.747525339077,59.9999999999933));
#4414=CARTESIAN_POINT('Origin',(-42.884018334347,-126.247525339077,59.9999999999934));
#4415=CARTESIAN_POINT('Origin',(-42.884018334347,-125.747525339078,58.4999999999775));
#4416=CARTESIAN_POINT('',(-40.884018334347,-125.747525339078,52.5));
#4417=CARTESIAN_POINT('',(-40.884018334347,-125.747525339077,60.4999999999934));
#4418=CARTESIAN_POINT('',(-42.884018334347,-125.747525339078,52.5));
#4419=CARTESIAN_POINT('',(-42.884018334347,-125.747525339078,52.5));
#4420=CARTESIAN_POINT('',(-42.884018334347,-125.747525339078,44.4999999999888));
#4421=CARTESIAN_POINT('Origin',(-40.884018334347,-123.4975253391,56.25));
#4422=CARTESIAN_POINT('',(-40.884018334347,-127.7475253391,52.));
#4423=CARTESIAN_POINT('',(-40.884018334347,-127.7475253391,53.125));
#4424=CARTESIAN_POINT('',(-40.884018334347,-125.613550742862,52.));
#4425=CARTESIAN_POINT('',(-40.884018334347,-123.080879790697,52.));
#4426=CARTESIAN_POINT('Origin',(-40.884018334347,-124.747525339078,52.5));
#4427=CARTESIAN_POINT('Origin',(-42.884018334347,-123.247525339078,59.9999999999934));
#4428=CARTESIAN_POINT('',(-40.884018334347,-123.747525339078,59.9999999999934));
#4429=CARTESIAN_POINT('',(-40.884018334347,-123.247525339078,60.4999999999934));
#4430=CARTESIAN_POINT('Origin',(-40.884018334347,-123.247525339078,59.9999999999934));
#4431=CARTESIAN_POINT('',(-42.884018334347,-123.247525339078,60.4999999999934));
#4432=CARTESIAN_POINT('',(-42.884018334347,-123.247525339078,60.4999999999934));
#4433=CARTESIAN_POINT('',(-42.884018334347,-123.747525339078,59.9999999999934));
#4434=CARTESIAN_POINT('Origin',(-42.884018334347,-123.247525339078,59.9999999999934));
#4435=CARTESIAN_POINT('',(-42.884018334347,-123.747525339078,59.9999999999934));
#4436=CARTESIAN_POINT('Origin',(-42.884018334347,-121.747525339061,60.4999999999934));
#4437=CARTESIAN_POINT('',(-40.884018334347,-122.247525339061,60.4999999999934));
#4438=CARTESIAN_POINT('',(-40.884018334347,-123.747525339078,60.4999999999934));
#4439=CARTESIAN_POINT('',(-42.884018334347,-122.247525339061,60.4999999999934));
#4440=CARTESIAN_POINT('',(-42.884018334347,-122.247525339061,60.4999999999934));
#4441=CARTESIAN_POINT('',(-42.884018334347,-123.747525339078,60.4999999999934));
#4442=CARTESIAN_POINT('Origin',(-40.884018334347,-123.4975253391,56.25));
#4443=CARTESIAN_POINT('',(-40.884018334347,-123.747525339078,52.5));
#4444=CARTESIAN_POINT('',(-40.884018334347,-123.747525339078,54.375));
#4445=CARTESIAN_POINT('',(-40.884018334347,-123.881499935293,52.));
#4446=CARTESIAN_POINT('Origin',(-40.884018334347,-124.747525339078,52.5));
#4447=CARTESIAN_POINT('',(-40.884018334347,-119.2475253391,52.));
#4448=CARTESIAN_POINT('',(-40.884018334347,-123.080879790697,52.));
#4449=CARTESIAN_POINT('',(-40.884018334347,-120.575952463807,53.3284271247068));
#4450=CARTESIAN_POINT('',(-40.884018334347,-126.6225253391,59.375));
#4451=CARTESIAN_POINT('',(-40.884018334347,-121.747525339061,56.156854249453));
#4452=CARTESIAN_POINT('Origin',(-40.884018334347,-117.747525339061,56.156854249453));
#4453=CARTESIAN_POINT('',(-40.884018334347,-121.747525339061,59.9999999999934));
#4454=CARTESIAN_POINT('',(-40.884018334347,-121.747525339061,60.4999999999934));
#4455=CARTESIAN_POINT('Origin',(-40.884018334347,-122.247525339061,59.9999999999934));
#4456=CARTESIAN_POINT('Origin',(-42.884018334347,-122.247525339061,59.9999999999934));
#4457=CARTESIAN_POINT('',(-42.884018334347,-121.747525339061,59.9999999999934));
#4458=CARTESIAN_POINT('',(-42.884018334347,-121.747525339061,59.9999999999934));
#4459=CARTESIAN_POINT('Origin',(-42.884018334347,-122.247525339061,59.9999999999934));
#4460=CARTESIAN_POINT('Origin',(-42.884018334347,-134.5,30.5));
#4461=CARTESIAN_POINT('',(-42.884018334347,-123.747525339078,52.5));
#4462=CARTESIAN_POINT('Origin',(-42.884018334347,-124.747525339078,52.5));
#4463=CARTESIAN_POINT('',(-42.884018334347,-123.747525339078,41.5));
#4464=CARTESIAN_POINT('',(-42.884018334347,-121.747525339061,56.156854249453));
#4465=CARTESIAN_POINT('',(-42.884018334347,-121.747525339061,60.4999999999934));
#4466=CARTESIAN_POINT('',(-42.884018334347,-120.575952463807,53.3284271247068));
#4467=CARTESIAN_POINT('Origin',(-42.884018334347,-117.747525339061,56.156854249453));
#4468=CARTESIAN_POINT('',(-42.884018334347,-118.711991433167,51.4644660940673));
#4469=CARTESIAN_POINT('',(-42.884018334347,-126.6225253391,59.375));
#4470=CARTESIAN_POINT('',(-42.884018334347,-115.176457527235,50.));
#4471=CARTESIAN_POINT('Origin',(-42.884018334347,-115.176457527235,55.));
#4472=CARTESIAN_POINT('',(-42.884018334347,-113.636581223516,50.));
#4473=CARTESIAN_POINT('',(-42.884018334347,-110.828468484589,50.));
#4474=CARTESIAN_POINT('',(-42.884018334347,-113.636581223516,37.9233586132494));
#4475=CARTESIAN_POINT('',(-42.884018334347,-113.636581223516,30.5));
#4476=CARTESIAN_POINT('',(-42.884018334347,-113.56559959397,32.8320183794994));
#4477=CARTESIAN_POINT('Ctrl Pts',(-42.884018334347,-113.56559959397,32.8320183794994));
#4478=CARTESIAN_POINT('Ctrl Pts',(-42.884018334347,-113.524398384988,33.0745997585626));
#4479=CARTESIAN_POINT('Ctrl Pts',(-42.8840183343471,-113.416318264995,33.5536581179299));
#4480=CARTESIAN_POINT('Ctrl Pts',(-42.8840183343471,-113.255632413279,34.2734778713973));
#4481=CARTESIAN_POINT('Ctrl Pts',(-42.8840183343471,-113.186433640988,35.0107988492302));
#4482=CARTESIAN_POINT('Ctrl Pts',(-42.8840183343471,-113.2595560426,35.7486459191565));
#4483=CARTESIAN_POINT('Ctrl Pts',(-42.884018334347,-113.421392638709,36.4675221253934));
#4484=CARTESIAN_POINT('Ctrl Pts',(-42.8840183343471,-113.582793082858,37.1883590057682));
#4485=CARTESIAN_POINT('Ctrl Pts',(-42.8840183343471,-113.636581223516,37.6776954747826));
#4486=CARTESIAN_POINT('Ctrl Pts',(-42.8840183343471,-113.636581223516,37.9233586132494));
#4487=CARTESIAN_POINT('',(-42.884018334347,-113.546553350005,31.6793833692858));
#4488=CARTESIAN_POINT('Ctrl Pts',(-42.8840183343471,-113.546553350005,31.6793833692858));
#4489=CARTESIAN_POINT('Ctrl Pts',(-42.8840183343471,-113.629761647559,32.0545344892206));
#4490=CARTESIAN_POINT('Ctrl Pts',(-42.8840183343471,-113.629940988881,32.4531939543433));
#4491=CARTESIAN_POINT('Ctrl Pts',(-42.8840183343471,-113.56559959397,32.8320183794994));
#4492=CARTESIAN_POINT('',(-42.884018334347,-110.82846848417,28.7333299037593));
#4493=CARTESIAN_POINT('Ctrl Pts',(-42.884018334347,-110.828468484127,28.7333299038865));
#4494=CARTESIAN_POINT('Ctrl Pts',(-42.884018334347,-111.585892224137,28.9891538170006));
#4495=CARTESIAN_POINT('Ctrl Pts',(-42.8840183343471,-112.786241318926,29.8076415816016));
#4496=CARTESIAN_POINT('Ctrl Pts',(-42.884018334347,-113.417743063564,31.0986321144425));
#4497=CARTESIAN_POINT('Ctrl Pts',(-42.884018334347,-113.546553350005,31.6793833692858));
#4498=CARTESIAN_POINT('',(-42.884018334347,-110.828468484589,27.5));
#4499=CARTESIAN_POINT('',(-42.884018334347,-110.828468484589,30.5));
#4500=CARTESIAN_POINT('',(-42.884018334347,-134.5,27.5));
#4501=CARTESIAN_POINT('',(-42.884018334347,-126.8375,27.5));
#4502=CARTESIAN_POINT('',(-42.884018334347,-134.5,45.));
#4503=CARTESIAN_POINT('',(-42.884018334347,-134.5,30.5));
#4504=CARTESIAN_POINT('',(-42.884018334347,-127.7475253391,45.));
#4505=CARTESIAN_POINT('',(-42.884018334347,-134.5,45.));
#4506=CARTESIAN_POINT('',(-42.884018334347,-127.7475253391,40.25));
#4507=CARTESIAN_POINT('Origin',(-42.884018334347,-121.747525339061,54.4999999999606));
#4508=CARTESIAN_POINT('',(-42.884018334347,-121.747525339061,56.156854249453));
#4509=CARTESIAN_POINT('Origin',(-42.884018334347,-117.747525339061,56.156854249453));
#4510=CARTESIAN_POINT('',(-42.884018334347,-120.575952463807,53.3284271247068));
#4511=CARTESIAN_POINT('Origin',(-42.884018334347,-124.747525339078,52.5));
#4512=CARTESIAN_POINT('Ctrl Pts',(-40.884018334347,-123.881499935293,52.));
#4513=CARTESIAN_POINT('Ctrl Pts',(-40.884018334347,-123.924972668841,51.9247030167519));
#4514=CARTESIAN_POINT('Ctrl Pts',(-40.8796954375246,-123.97810656754,51.8559594503106));
#4515=CARTESIAN_POINT('Ctrl Pts',(-40.8645384172715,-124.125055442574,51.707166634457));
#4516=CARTESIAN_POINT('Ctrl Pts',(-40.8500681535546,-124.237808241619,51.6292487562775));
#4517=CARTESIAN_POINT('Ctrl Pts',(-40.8276752608405,-124.485486101885,51.5256517450703));
#4518=CARTESIAN_POINT('Ctrl Pts',(-40.8205100074508,-124.620490508009,51.5));
#4519=CARTESIAN_POINT('Ctrl Pts',(-40.8205100074508,-124.874560170147,51.5));
#4520=CARTESIAN_POINT('Ctrl Pts',(-40.8276752608405,-125.00956457627,51.5256517450703));
#4521=CARTESIAN_POINT('Ctrl Pts',(-40.8500681535546,-125.257242436536,51.6292487562775));
#4522=CARTESIAN_POINT('Ctrl Pts',(-40.8645384172715,-125.369995235581,51.707166634457));
#4523=CARTESIAN_POINT('Ctrl Pts',(-40.8796954375246,-125.516944110615,51.8559594503106));
#4524=CARTESIAN_POINT('Ctrl Pts',(-40.884018334347,-125.570078009315,51.924703016752));
#4525=CARTESIAN_POINT('Ctrl Pts',(-40.884018334347,-125.613550742862,52.));
#4526=CARTESIAN_POINT('',(-42.884018334347,-123.747525339078,52.5));
#4527=CARTESIAN_POINT('Origin',(-42.884018334347,-117.2475253391,50.));
#4528=CARTESIAN_POINT('',(-44.884018334347,-129.7475253391,62.5));
#4529=CARTESIAN_POINT('Origin',(-44.884018334347,-127.7475253391,60.5));
#4530=CARTESIAN_POINT('',(-38.884018334347,-129.7475253391,62.5));
#4531=CARTESIAN_POINT('',(0.,-129.7475253391,62.5));
#4532=CARTESIAN_POINT('Origin',(-38.884018334347,-127.7475253391,60.5));
#4533=CARTESIAN_POINT('Origin',(-42.884018334347,-123.747525339078,60.4999999999934));
#4534=CARTESIAN_POINT('Origin',(-42.884018334347,-117.2475253391,50.));
#4535=CARTESIAN_POINT('',(-40.8109857537905,-118.711991433167,51.4644660940673));
#4536=CARTESIAN_POINT('Origin',(-38.884018334347,-119.2475253391,52.));
#4537=CARTESIAN_POINT('',(-21.4420091671734,-118.711991433167,51.4644660940673));
#4538=CARTESIAN_POINT('Origin',(-21.884018334347,-114.471374496945,39.5));
#4539=CARTESIAN_POINT('',(-21.2866457909273,-113.669410629699,39.5));
#4540=CARTESIAN_POINT('',(-20.884018334347,-114.471374496945,39.5));
#4541=CARTESIAN_POINT('Origin',(-21.884018334347,-114.471374496945,39.5));
#4542=CARTESIAN_POINT('',(-21.884018334347,-114.471374496945,40.5));
#4543=CARTESIAN_POINT('Origin',(-21.884018334347,-114.471374496945,39.5));
#4544=CARTESIAN_POINT('Origin',(-21.884018334347,-114.471374496945,39.5));
#4545=CARTESIAN_POINT('Origin',(-25.884018334347,-111.491826076785,39.5));
#4546=CARTESIAN_POINT('',(-26.8840183343471,-111.491826076785,39.5));
#4547=CARTESIAN_POINT('',(-25.2866457909273,-110.689862209539,39.5));
#4548=CARTESIAN_POINT('Origin',(-25.884018334347,-111.491826076785,39.5));
#4549=CARTESIAN_POINT('',(-25.8840183343471,-111.491826076785,40.5));
#4550=CARTESIAN_POINT('Origin',(-25.884018334347,-111.491826076785,39.5));
#4551=CARTESIAN_POINT('Origin',(-25.8840183343471,-111.491826076785,39.5));
#4552=CARTESIAN_POINT('Origin',(-27.884018334347,-114.959086133957,39.5));
#4553=CARTESIAN_POINT('',(-25.8840183343471,-114.959086133957,40.5));
#4554=CARTESIAN_POINT('',(-26.884018334347,-114.959086133957,39.5));
#4555=CARTESIAN_POINT('Origin',(-25.8840183343471,-114.959086133957,39.5));
#4556=CARTESIAN_POINT('',(-28.2109291151084,-115.904141339446,39.5));
#4557=CARTESIAN_POINT('Origin',(-27.884018334347,-114.959086133957,39.5));
#4558=CARTESIAN_POINT('',(-26.5740454832439,-116.470367421267,40.5));
#4559=CARTESIAN_POINT('Ctrl Pts',(-26.5740454832439,-116.470367421267,40.5));
#4560=CARTESIAN_POINT('Ctrl Pts',(-26.814918717549,-116.387045244283,40.5));
#4561=CARTESIAN_POINT('Ctrl Pts',(-27.0912934143556,-116.291442503416,40.4104280001022));
#4562=CARTESIAN_POINT('Ctrl Pts',(-27.629509159174,-116.105264459705,40.1039127161887));
#4563=CARTESIAN_POINT('Ctrl Pts',(-27.949055997899,-115.994727735574,39.7770982220809));
#4564=CARTESIAN_POINT('Ctrl Pts',(-28.2109291151084,-115.904141339446,39.5));
#4565=CARTESIAN_POINT('Origin',(-27.884018334347,-114.959086133957,40.5));
#4566=CARTESIAN_POINT('Origin',(-25.884018334347,-134.5,39.5));
#4567=CARTESIAN_POINT('',(-26.8840183343471,-134.5,39.5));
#4568=CARTESIAN_POINT('',(-25.884018334347,-134.5,40.5));
#4569=CARTESIAN_POINT('Origin',(-18.4930009389231,-116.997299627764,39.5));
#4570=CARTESIAN_POINT('',(-18.4930009389231,-116.997299627764,40.5));
#4571=CARTESIAN_POINT('',(-17.8956283955033,-116.195335760518,39.5));
#4572=CARTESIAN_POINT('Origin',(-25.884018334347,-111.491826076785,38.5));
#4573=CARTESIAN_POINT('',(-25.2866457909273,-110.689862209539,37.5));
#4574=CARTESIAN_POINT('',(-26.884018334347,-111.491826076785,37.5));
#4575=CARTESIAN_POINT('Origin',(-25.884018334347,-111.491826076785,37.5));
#4576=CARTESIAN_POINT('',(-26.8840183343471,-111.491826076785,38.5));
#4577=CARTESIAN_POINT('',(-25.2866457909273,-110.689862209539,38.5));
#4578=CARTESIAN_POINT('Origin',(-25.884018334347,-111.491826076785,37.5));
#4579=CARTESIAN_POINT('',(-25.884018334347,-111.491826076785,36.5));
#4580=CARTESIAN_POINT('Origin',(-25.884018334347,-111.491826076785,37.5));
#4581=CARTESIAN_POINT('Origin',(-25.884018334347,-111.491826076785,37.5));
#4582=CARTESIAN_POINT('Origin',(-21.884018334347,-134.5,39.5));
#4583=CARTESIAN_POINT('',(-21.884018334347,-117.726423143373,40.5));
#4584=CARTESIAN_POINT('',(-20.884018334347,-117.726423143373,39.5));
#4585=CARTESIAN_POINT('Origin',(-21.884018334347,-117.726423143373,39.5));
#4586=CARTESIAN_POINT('',(-20.884018334347,-134.5,39.5));
#4587=CARTESIAN_POINT('',(-21.884018334347,-134.5,40.5));
#4588=CARTESIAN_POINT('Origin',(-19.884018334347,-117.726423143373,39.5));
#4589=CARTESIAN_POINT('',(-21.8478127469729,-118.105252267041,40.5));
#4590=CARTESIAN_POINT('',(-20.2109291151084,-118.671478348862,39.5));
#4591=CARTESIAN_POINT('Ctrl Pts',(-20.2109291151084,-118.671478348862,39.5));
#4592=CARTESIAN_POINT('Ctrl Pts',(-20.4728022323178,-118.580891952734,39.777098222081));
#4593=CARTESIAN_POINT('Ctrl Pts',(-20.7923490710428,-118.470355228603,40.1039127161887));
#4594=CARTESIAN_POINT('Ctrl Pts',(-21.3305648158612,-118.284177184892,40.4104280001022));
#4595=CARTESIAN_POINT('Ctrl Pts',(-21.6069395126678,-118.188574444025,40.5));
#4596=CARTESIAN_POINT('Ctrl Pts',(-21.8478127469729,-118.105252267041,40.5));
#4597=CARTESIAN_POINT('Origin',(-19.884018334347,-117.726423143373,39.5));
#4598=CARTESIAN_POINT('Origin',(-19.884018334347,-117.726423143373,40.5));
#4599=CARTESIAN_POINT('Origin',(-21.884018334347,-114.471374496945,37.5));
#4600=CARTESIAN_POINT('',(-21.2866457909273,-113.669410629699,37.5));
#4601=CARTESIAN_POINT('',(-20.884018334347,-114.471374496945,37.5));
#4602=CARTESIAN_POINT('Origin',(-21.884018334347,-114.471374496945,37.5));
#4603=CARTESIAN_POINT('',(-21.884018334347,-114.471374496945,36.5));
#4604=CARTESIAN_POINT('Origin',(-21.884018334347,-114.471374496945,37.5));
#4605=CARTESIAN_POINT('Origin',(-21.884018334347,-114.471374496945,37.5));
#4606=CARTESIAN_POINT('Origin',(-21.884018334347,-114.471374496945,40.5));
#4607=CARTESIAN_POINT('',(-21.2866457909273,-113.669410629699,40.5));
#4608=CARTESIAN_POINT('',(-20.884018334347,-114.471374496945,40.5));
#4609=CARTESIAN_POINT('Origin',(-27.884018334347,-114.959086133957,33.5));
#4610=CARTESIAN_POINT('',(-26.884018334347,-114.959086133957,37.5));
#4611=CARTESIAN_POINT('',(-26.884018334347,-114.959086133957,33.5));
#4612=CARTESIAN_POINT('',(-28.2109291151084,-115.904141339446,37.5));
#4613=CARTESIAN_POINT('Origin',(-27.884018334347,-114.959086133957,37.5));
#4614=CARTESIAN_POINT('',(-28.2109291151084,-115.904141339446,33.5));
#4615=CARTESIAN_POINT('Origin',(-26.884018334347,-134.5,36.5));
#4616=CARTESIAN_POINT('',(-26.884018334347,-134.5,37.5));
#4617=CARTESIAN_POINT('Origin',(-25.884018334347,-134.5,37.5));
#4618=CARTESIAN_POINT('',(-25.884018334347,-115.650920386311,36.5));
#4619=CARTESIAN_POINT('',(-25.884018334347,-134.5,36.5));
#4620=CARTESIAN_POINT('Origin',(-25.884018334347,-115.650920386311,37.5));
#4621=CARTESIAN_POINT('Origin',(-20.884018334347,-113.969322630241,40.5));
#4622=CARTESIAN_POINT('',(-15.9661902623986,-117.63254934584,37.5));
#4623=CARTESIAN_POINT('Origin',(-16.5635628058183,-118.434513213086,37.5));
#4624=CARTESIAN_POINT('',(-16.5635628058183,-118.434513213086,36.5));
#4625=CARTESIAN_POINT('Origin',(-21.884018334347,-134.5,37.5));
#4626=CARTESIAN_POINT('',(-20.884018334347,-117.726423143373,37.5));
#4627=CARTESIAN_POINT('',(-20.884018334347,-134.5,37.5));
#4628=CARTESIAN_POINT('',(-21.884018334347,-117.034588891019,36.5));
#4629=CARTESIAN_POINT('Origin',(-21.884018334347,-117.034588891019,37.5));
#4630=CARTESIAN_POINT('',(-21.884018334347,-134.5,36.5));
#4631=CARTESIAN_POINT('Origin',(21.8840183343474,-114.471374496945,39.5));
#4632=CARTESIAN_POINT('',(21.8840183343474,-114.471374496945,40.5));
#4633=CARTESIAN_POINT('',(20.8840183343474,-114.471374496945,39.5));
#4634=CARTESIAN_POINT('Origin',(21.8840183343474,-114.471374496945,39.5));
#4635=CARTESIAN_POINT('',(21.2866457909277,-113.669410629699,39.5));
#4636=CARTESIAN_POINT('Origin',(21.8840183343474,-114.471374496945,39.5));
#4637=CARTESIAN_POINT('Origin',(21.8840183343474,-114.471374496945,39.5));
#4638=CARTESIAN_POINT('Origin',(25.8840183343474,-111.491826076785,39.5));
#4639=CARTESIAN_POINT('',(25.8840183343474,-111.491826076785,40.5));
#4640=CARTESIAN_POINT('',(25.2866457909277,-110.689862209539,39.5));
#4641=CARTESIAN_POINT('Origin',(25.8840183343474,-111.491826076785,39.5));
#4642=CARTESIAN_POINT('',(26.8840183343474,-111.491826076785,39.5));
#4643=CARTESIAN_POINT('Origin',(25.8840183343474,-111.491826076785,39.5));
#4644=CARTESIAN_POINT('Origin',(25.8840183343474,-111.491826076785,39.5));
#4645=CARTESIAN_POINT('Origin',(25.8840183343474,-134.5,39.5));
#4646=CARTESIAN_POINT('',(25.8840183343474,-114.959086133957,40.5));
#4647=CARTESIAN_POINT('',(26.8840183343474,-114.959086133957,39.5));
#4648=CARTESIAN_POINT('Origin',(25.8840183343474,-114.959086133957,39.5));
#4649=CARTESIAN_POINT('',(26.8840183343474,-134.5,39.5));
#4650=CARTESIAN_POINT('',(25.8840183343474,-134.5,40.5));
#4651=CARTESIAN_POINT('Origin',(27.8840183343474,-114.959086133957,39.5));
#4652=CARTESIAN_POINT('',(26.5740454832442,-116.470367421267,40.5));
#4653=CARTESIAN_POINT('',(28.2109291151088,-115.904141339446,39.5));
#4654=CARTESIAN_POINT('Ctrl Pts',(28.2109291151088,-115.904141339446,39.5));
#4655=CARTESIAN_POINT('Ctrl Pts',(27.9490559978994,-115.994727735574,39.777098222081));
#4656=CARTESIAN_POINT('Ctrl Pts',(27.6295091591744,-116.105264459705,40.1039127161887));
#4657=CARTESIAN_POINT('Ctrl Pts',(27.091293414356,-116.291442503415,40.4104280001022));
#4658=CARTESIAN_POINT('Ctrl Pts',(26.8149187175494,-116.387045244283,40.5));
#4659=CARTESIAN_POINT('Ctrl Pts',(26.5740454832442,-116.470367421267,40.5));
#4660=CARTESIAN_POINT('Origin',(27.8840183343474,-114.959086133957,39.5));
#4661=CARTESIAN_POINT('Origin',(27.8840183343474,-114.959086133957,40.5));
#4662=CARTESIAN_POINT('Origin',(25.8840183343474,-111.491826076785,40.5));
#4663=CARTESIAN_POINT('',(26.8840183343474,-111.491826076785,37.5));
#4664=CARTESIAN_POINT('',(25.2866457909277,-110.689862209539,37.5));
#4665=CARTESIAN_POINT('Origin',(25.8840183343474,-111.491826076785,37.5));
#4666=CARTESIAN_POINT('',(25.2866457909277,-110.689862209539,40.5));
#4667=CARTESIAN_POINT('',(26.8840183343474,-111.491826076785,40.5));
#4668=CARTESIAN_POINT('Origin',(25.8840183343474,-111.491826076785,37.5));
#4669=CARTESIAN_POINT('',(25.8840183343474,-111.491826076785,36.5));
#4670=CARTESIAN_POINT('Origin',(25.8840183343474,-111.491826076785,37.5));
#4671=CARTESIAN_POINT('Origin',(25.8840183343474,-111.491826076785,37.5));
#4672=CARTESIAN_POINT('Origin',(19.5635628058187,-116.199851897965,39.5));
#4673=CARTESIAN_POINT('',(19.5635628058187,-116.199851897965,40.5));
#4674=CARTESIAN_POINT('',(18.966190262399,-115.397888030719,39.5));
#4675=CARTESIAN_POINT('Origin',(21.8840183343474,-114.471374496945,38.5));
#4676=CARTESIAN_POINT('',(21.2866457909277,-113.669410629699,37.5));
#4677=CARTESIAN_POINT('',(20.8840183343474,-114.471374496945,37.5));
#4678=CARTESIAN_POINT('Origin',(21.8840183343474,-114.471374496945,37.5));
#4679=CARTESIAN_POINT('',(20.8840183343474,-114.471374496945,38.5));
#4680=CARTESIAN_POINT('',(21.2866457909277,-113.669410629699,38.5));
#4681=CARTESIAN_POINT('Origin',(21.8840183343474,-114.471374496945,37.5));
#4682=CARTESIAN_POINT('',(21.8840183343474,-114.471374496945,36.5));
#4683=CARTESIAN_POINT('Origin',(21.8840183343474,-114.471374496945,37.5));
#4684=CARTESIAN_POINT('Origin',(21.8840183343474,-114.471374496945,37.5));
#4685=CARTESIAN_POINT('Origin',(19.8840183343474,-117.726423143373,39.5));
#4686=CARTESIAN_POINT('',(21.8840183343474,-117.726423143373,40.5));
#4687=CARTESIAN_POINT('',(20.8840183343474,-117.726423143373,39.5));
#4688=CARTESIAN_POINT('Origin',(21.8840183343474,-117.726423143373,39.5));
#4689=CARTESIAN_POINT('',(20.2109291151088,-118.671478348862,39.5));
#4690=CARTESIAN_POINT('Origin',(19.8840183343474,-117.726423143373,39.5));
#4691=CARTESIAN_POINT('',(21.8478127469733,-118.105252267041,40.5));
#4692=CARTESIAN_POINT('Ctrl Pts',(21.8478127469733,-118.105252267041,40.5));
#4693=CARTESIAN_POINT('Ctrl Pts',(21.6069395126682,-118.188574444025,40.5));
#4694=CARTESIAN_POINT('Ctrl Pts',(21.3305648158616,-118.284177184892,40.4104280001022));
#4695=CARTESIAN_POINT('Ctrl Pts',(20.7923490710432,-118.470355228603,40.1039127161887));
#4696=CARTESIAN_POINT('Ctrl Pts',(20.4728022323182,-118.580891952734,39.777098222081));
#4697=CARTESIAN_POINT('Ctrl Pts',(20.2109291151088,-118.671478348862,39.5));
#4698=CARTESIAN_POINT('Origin',(19.8840183343474,-117.726423143373,40.5));
#4699=CARTESIAN_POINT('Origin',(21.8840183343474,-134.5,39.5));
#4700=CARTESIAN_POINT('',(20.8840183343474,-134.5,39.5));
#4701=CARTESIAN_POINT('',(21.8840183343474,-134.5,40.5));
#4702=CARTESIAN_POINT('Origin',(26.8840183343474,-134.5,40.5));
#4703=CARTESIAN_POINT('',(26.8840183343474,-114.959086133957,37.5));
#4704=CARTESIAN_POINT('',(26.8840183343474,-114.959086133957,35.5));
#4705=CARTESIAN_POINT('',(26.8840183343474,-134.5,37.5));
#4706=CARTESIAN_POINT('Origin',(27.8840183343474,-114.959086133957,35.5));
#4707=CARTESIAN_POINT('',(28.2109291151088,-115.904141339446,37.5));
#4708=CARTESIAN_POINT('',(28.2109291151088,-115.904141339446,35.5));
#4709=CARTESIAN_POINT('Origin',(27.8840183343474,-114.959086133957,37.5));
#4710=CARTESIAN_POINT('Origin',(20.8840183343474,-134.5,40.5));
#4711=CARTESIAN_POINT('',(27.2856890973769,-116.224197707404,40.5));
#4712=CARTESIAN_POINT('Ctrl Pts',(-22.2109291151084,-117.979644096508,35.5));
#4713=CARTESIAN_POINT('Ctrl Pts',(-21.7621301645956,-118.134891339701,35.5));
#4714=CARTESIAN_POINT('Ctrl Pts',(-20.7133830978815,-118.497670911105,35.8658348605921));
#4715=CARTESIAN_POINT('Ctrl Pts',(-20.2109291151084,-118.671478348862,36.9016013993162));
#4716=CARTESIAN_POINT('Ctrl Pts',(-20.2109291151084,-118.671478348862,37.5));
#4717=CARTESIAN_POINT('Ctrl Pts',(-22.2109291151084,-117.979644096508,35.7991993003419));
#4718=CARTESIAN_POINT('Ctrl Pts',(-21.8221665971583,-118.113514435671,35.7849233801434));
#4719=CARTESIAN_POINT('Ctrl Pts',(-20.8917771738817,-118.43515367095,36.0713814017432));
#4720=CARTESIAN_POINT('Ctrl Pts',(-20.4337395483206,-118.594404404123,36.9763677067037));
#4721=CARTESIAN_POINT('Ctrl Pts',(-20.4337395483206,-118.594404404123,37.5));
#4722=CARTESIAN_POINT('Ctrl Pts',(-22.1287770578442,-117.742153521317,36.3169972523714));
#4723=CARTESIAN_POINT('Ctrl Pts',(-21.8518335943901,-117.864438215366,36.2799964872208));
#4724=CARTESIAN_POINT('Ctrl Pts',(-21.1452175760386,-118.164521315133,36.430773870969));
#4725=CARTESIAN_POINT('Ctrl Pts',(-20.7721801867608,-118.316123443643,37.1062725380175));
#4726=CARTESIAN_POINT('Ctrl Pts',(-20.7721801867608,-118.316123443643,37.5));
#4727=CARTESIAN_POINT('Ctrl Pts',(-21.9573769420056,-117.246658783219,36.5));
#4728=CARTESIAN_POINT('Ctrl Pts',(-21.7297635700976,-117.392087847891,36.4833828807346));
#4729=CARTESIAN_POINT('Ctrl Pts',(-21.1698073609584,-117.736133712817,36.6357813327699));
#4730=CARTESIAN_POINT('Ctrl Pts',(-20.884018334347,-117.903246490769,37.1825918302531));
#4731=CARTESIAN_POINT('Ctrl Pts',(-20.884018334347,-117.903246490769,37.5));
#4732=CARTESIAN_POINT('Ctrl Pts',(-21.884018334347,-117.034588891019,36.5));
#4733=CARTESIAN_POINT('Ctrl Pts',(-21.6596188590906,-117.189836134211,36.5));
#4734=CARTESIAN_POINT('Ctrl Pts',(-21.1352453257336,-117.552615705616,36.6829174302961));
#4735=CARTESIAN_POINT('Ctrl Pts',(-20.884018334347,-117.726423143373,37.2008006996581));
#4736=CARTESIAN_POINT('Ctrl Pts',(-20.884018334347,-117.726423143373,37.5));
#4737=CARTESIAN_POINT('',(-20.2109291151084,-118.671478348862,37.5));
#4738=CARTESIAN_POINT('Origin',(-19.884018334347,-117.726423143373,37.5));
#4739=CARTESIAN_POINT('',(-22.2109291151084,-117.979644096508,35.5));
#4740=CARTESIAN_POINT('Origin',(-22.2109291151084,-117.979644096508,37.5));
#4741=CARTESIAN_POINT('Origin',(-21.884018334347,-117.034588891019,35.5));
#4742=CARTESIAN_POINT('Origin',(-19.884018334347,-117.726423143373,35.5));
#4743=CARTESIAN_POINT('',(-20.2109291151084,-118.671478348862,35.5));
#4744=CARTESIAN_POINT('',(-20.884018334347,-117.726423143373,35.5));
#4745=CARTESIAN_POINT('Ctrl Pts',(-28.2109291151084,-115.904141339446,37.5));
#4746=CARTESIAN_POINT('Ctrl Pts',(-28.2109291151084,-115.904141339446,37.0512010494872));
#4747=CARTESIAN_POINT('Ctrl Pts',(-27.9486575940422,-115.994865550291,36.3059275457787));
#4748=CARTESIAN_POINT('Ctrl Pts',(-27.1074895643949,-116.285839977739,35.6369510663388));
#4749=CARTESIAN_POINT('Ctrl Pts',(-26.5101284154503,-116.492477429672,35.5));
#4750=CARTESIAN_POINT('Ctrl Pts',(-26.2109291151084,-116.5959755918,35.5));
#4751=CARTESIAN_POINT('Ctrl Pts',(-28.0395744754477,-115.963415843955,37.5));
#4752=CARTESIAN_POINT('Ctrl Pts',(-28.0395744754477,-115.963415843955,37.0942828104556));
#4753=CARTESIAN_POINT('Ctrl Pts',(-27.8080727985862,-116.043566237896,36.4186946516132));
#4754=CARTESIAN_POINT('Ctrl Pts',(-27.0437789304943,-116.307885355267,35.791393824412));
#4755=CARTESIAN_POINT('Ctrl Pts',(-26.4901374212825,-116.499410440389,35.6542648030868));
#4756=CARTESIAN_POINT('Ctrl Pts',(-26.2109291151084,-116.5959755918,35.6495996501709));
#4757=CARTESIAN_POINT('Ctrl Pts',(-27.6648417681338,-115.985934319318,37.5));
#4758=CARTESIAN_POINT('Ctrl Pts',(-27.6648417681338,-115.985934319318,37.1802375137437));
#4759=CARTESIAN_POINT('Ctrl Pts',(-27.496091520709,-116.049658474572,36.6436215755399));
#4760=CARTESIAN_POINT('Ctrl Pts',(-26.8898719736544,-116.274510926403,36.0996526478351));
#4761=CARTESIAN_POINT('Ctrl Pts',(-26.4264019020668,-116.444434659245,35.9622506328063));
#4762=CARTESIAN_POINT('Ctrl Pts',(-26.1885517958207,-116.531285764109,35.9483086026535));
#4763=CARTESIAN_POINT('Ctrl Pts',(-27.0802337365258,-115.680695743123,37.5));
#4764=CARTESIAN_POINT('Ctrl Pts',(-27.0802337365258,-115.680695743123,37.2875893745201));
#4765=CARTESIAN_POINT('Ctrl Pts',(-26.9858559762338,-115.741576403081,36.9272268916837));
#4766=CARTESIAN_POINT('Ctrl Pts',(-26.5866464713139,-115.961158922626,36.5128720397475));
#4767=CARTESIAN_POINT('Ctrl Pts',(-26.254430213259,-116.129014667232,36.3894842696241));
#4768=CARTESIAN_POINT('Ctrl Pts',(-26.0791765133155,-116.215096497293,36.3687762954247));
#4769=CARTESIAN_POINT('Ctrl Pts',(-26.884018334347,-115.231061737073,37.5));
#4770=CARTESIAN_POINT('Ctrl Pts',(-26.884018334347,-115.231061737073,37.2973095132823));
#4771=CARTESIAN_POINT('Ctrl Pts',(-26.7799955278108,-115.310562818607,36.9561349311341));
#4772=CARTESIAN_POINT('Ctrl Pts',(-26.4030746511216,-115.574179089062,36.6040751692805));
#4773=CARTESIAN_POINT('Ctrl Pts',(-26.109106097251,-115.766134072781,36.5111269483281));
#4774=CARTESIAN_POINT('Ctrl Pts',(-25.9573769420056,-115.862990278511,36.5));
#4775=CARTESIAN_POINT('Ctrl Pts',(-26.884018334347,-114.959086133957,37.5));
#4776=CARTESIAN_POINT('Ctrl Pts',(-26.884018334347,-114.959086133957,37.2756005247436));
#4777=CARTESIAN_POINT('Ctrl Pts',(-26.7528825738139,-115.049810344802,36.9029637728894));
#4778=CARTESIAN_POINT('Ctrl Pts',(-26.3322985589903,-115.34078477225,36.5684755331694));
#4779=CARTESIAN_POINT('Ctrl Pts',(-26.033617984518,-115.547422224183,36.5));
#4780=CARTESIAN_POINT('Ctrl Pts',(-25.884018334347,-115.650920386311,36.5));
#4781=CARTESIAN_POINT('',(-26.2109291151084,-116.5959755918,35.5));
#4782=CARTESIAN_POINT('Origin',(-26.2109291151084,-116.5959755918,37.5));
#4783=CARTESIAN_POINT('Origin',(-25.884018334347,-115.650920386311,35.5));
#4784=CARTESIAN_POINT('Origin',(-29.0760399382907,-114.54674544638,35.5));
#4785=CARTESIAN_POINT('',(-29.4029507190521,-115.491800651869,35.5));
#4786=CARTESIAN_POINT('',(-29.0760399382907,-114.54674544638,36.5));
#4787=CARTESIAN_POINT('Origin',(-20.884018334347,-134.5,40.5));
#4788=CARTESIAN_POINT('Origin',(-20.884018334347,-134.5,36.5));
#4789=CARTESIAN_POINT('Origin',(21.4930009389235,-114.762638312643,37.5));
#4790=CARTESIAN_POINT('',(21.4930009389235,-114.762638312643,36.5));
#4791=CARTESIAN_POINT('',(20.8956283955038,-113.960674445397,37.5));
#4792=CARTESIAN_POINT('Ctrl Pts',(26.2109291151088,-116.5959755918,35.5));
#4793=CARTESIAN_POINT('Ctrl Pts',(26.6597280656216,-116.440728348607,35.5));
#4794=CARTESIAN_POINT('Ctrl Pts',(27.7084689363085,-116.077950920515,35.865842294951));
#4795=CARTESIAN_POINT('Ctrl Pts',(28.2109291151088,-115.904141339446,36.9016013993162));
#4796=CARTESIAN_POINT('Ctrl Pts',(28.2109291151088,-115.904141339446,37.5));
#4797=CARTESIAN_POINT('Ctrl Pts',(26.2109291151088,-116.5959755918,35.6495996501709));
#4798=CARTESIAN_POINT('Ctrl Pts',(26.6297415743699,-116.451127864683,35.6565973795447));
#4799=CARTESIAN_POINT('Ctrl Pts',(27.5959966466073,-116.116896418622,36.0160545676461));
#4800=CARTESIAN_POINT('Ctrl Pts',(28.0395744754481,-115.963415843954,36.9590437472741));
#4801=CARTESIAN_POINT('Ctrl Pts',(28.0395744754481,-115.963415843954,37.5));
#4802=CARTESIAN_POINT('Ctrl Pts',(26.1885517958211,-116.531285764109,35.9483086026535));
#4803=CARTESIAN_POINT('Ctrl Pts',(26.5453269551902,-116.401009106813,35.9692216478827));
#4804=CARTESIAN_POINT('Ctrl Pts',(27.3416043775703,-116.108036152575,36.3157266100548));
#4805=CARTESIAN_POINT('Ctrl Pts',(27.6648417681342,-115.985934319318,37.0736500183249));
#4806=CARTESIAN_POINT('Ctrl Pts',(27.6648417681342,-115.985934319318,37.5));
#4807=CARTESIAN_POINT('Ctrl Pts',(26.0791765133159,-116.215096497292,36.3687762954247));
#4808=CARTESIAN_POINT('Ctrl Pts',(26.3420570632311,-116.085973752202,36.3998382567238));
#4809=CARTESIAN_POINT('Ctrl Pts',(26.8991935844744,-115.797441052433,36.6985081611961));
#4810=CARTESIAN_POINT('Ctrl Pts',(27.0802337365262,-115.680695743123,37.2167858326935));
#4811=CARTESIAN_POINT('Ctrl Pts',(27.0802337365262,-115.680695743123,37.5));
#4812=CARTESIAN_POINT('Ctrl Pts',(25.957376942006,-115.862990278511,36.5));
#4813=CARTESIAN_POINT('Ctrl Pts',(26.1849706748741,-115.717705969916,36.5166904224921));
#4814=CARTESIAN_POINT('Ctrl Pts',(26.686495502863,-115.38316170964,36.7472974179104));
#4815=CARTESIAN_POINT('Ctrl Pts',(26.8840183343474,-115.231061737073,37.2297460177097));
#4816=CARTESIAN_POINT('Ctrl Pts',(26.8840183343474,-115.231061737073,37.5));
#4817=CARTESIAN_POINT('Ctrl Pts',(25.8840183343474,-115.650920386311,36.5));
#4818=CARTESIAN_POINT('Ctrl Pts',(26.1084178096038,-115.495673143118,36.5));
#4819=CARTESIAN_POINT('Ctrl Pts',(26.6327882449473,-115.132895715026,36.6829211474755));
#4820=CARTESIAN_POINT('Ctrl Pts',(26.8840183343474,-114.959086133957,37.2008006996581));
#4821=CARTESIAN_POINT('Ctrl Pts',(26.8840183343474,-114.959086133957,37.5));
#4822=CARTESIAN_POINT('',(25.8840183343474,-115.650920386311,36.5));
#4823=CARTESIAN_POINT('Origin',(25.8840183343474,-115.650920386311,37.5));
#4824=CARTESIAN_POINT('',(26.2109291151088,-116.5959755918,35.5));
#4825=CARTESIAN_POINT('Origin',(26.2109291151088,-116.5959755918,37.5));
#4826=CARTESIAN_POINT('Origin',(25.8840183343474,-115.650920386311,35.5));
#4827=CARTESIAN_POINT('Ctrl Pts',(20.2109291151088,-118.671478348862,37.5));
#4828=CARTESIAN_POINT('Ctrl Pts',(20.2109291151088,-118.671478348862,37.0512010494872));
#4829=CARTESIAN_POINT('Ctrl Pts',(20.5767639757009,-118.54492980523,36.0024539827731));
#4830=CARTESIAN_POINT('Ctrl Pts',(21.612530514425,-118.186640420765,35.5));
#4831=CARTESIAN_POINT('Ctrl Pts',(22.2109291151088,-117.979644096508,35.5));
#4832=CARTESIAN_POINT('Ctrl Pts',(20.433739548321,-118.594404404123,37.5));
#4833=CARTESIAN_POINT('Ctrl Pts',(20.433739548321,-118.594404404123,37.1072757800277));
#4834=CARTESIAN_POINT('Ctrl Pts',(20.7669420766976,-118.478799284557,36.1888959111705));
#4835=CARTESIAN_POINT('Ctrl Pts',(21.6925790911753,-118.158137882059,35.7801647400773));
#4836=CARTESIAN_POINT('Ctrl Pts',(22.2109291151088,-117.979644096508,35.7991993003419));
#4837=CARTESIAN_POINT('Ctrl Pts',(20.7721801867612,-118.316123443643,37.5));
#4838=CARTESIAN_POINT('Ctrl Pts',(20.7721801867612,-118.316123443643,37.2047044035131));
#4839=CARTESIAN_POINT('Ctrl Pts',(21.0430176875462,-118.205921691291,36.5141855640276));
#4840=CARTESIAN_POINT('Ctrl Pts',(21.7595191065725,-117.905199780049,36.2676628988373));
#4841=CARTESIAN_POINT('Ctrl Pts',(22.1287770578446,-117.742153521317,36.3169972523714));
#4842=CARTESIAN_POINT('Ctrl Pts',(20.8840183343474,-117.903246490769,37.5));
#4843=CARTESIAN_POINT('Ctrl Pts',(20.8840183343474,-117.903246490769,37.2619438726898));
#4844=CARTESIAN_POINT('Ctrl Pts',(21.0918253268659,-117.781610378693,36.7052817267223));
#4845=CARTESIAN_POINT('Ctrl Pts',(21.6538924461287,-117.440564202782,36.4778438409795));
#4846=CARTESIAN_POINT('Ctrl Pts',(21.9573769420059,-117.246658783219,36.5));
#4847=CARTESIAN_POINT('Ctrl Pts',(20.8840183343474,-117.726423143373,37.5));
#4848=CARTESIAN_POINT('Ctrl Pts',(20.8840183343474,-117.726423143373,37.2756005247436));
#4849=CARTESIAN_POINT('Ctrl Pts',(21.0669357646435,-117.599874599741,36.7512269913866));
#4850=CARTESIAN_POINT('Ctrl Pts',(21.5848190340055,-117.241585215275,36.5));
#4851=CARTESIAN_POINT('Ctrl Pts',(21.8840183343474,-117.034588891019,36.5));
#4852=CARTESIAN_POINT('',(22.2109291151088,-117.979644096508,35.5));
#4853=CARTESIAN_POINT('',(20.2109291151088,-118.671478348862,37.5));
#4854=CARTESIAN_POINT('Origin',(22.2109291151088,-117.979644096508,37.5));
#4855=CARTESIAN_POINT('',(20.8840183343474,-117.726423143373,37.5));
#4856=CARTESIAN_POINT('Origin',(19.8840183343474,-117.726423143373,37.5));
#4857=CARTESIAN_POINT('',(21.8840183343474,-117.034588891019,36.5));
#4858=CARTESIAN_POINT('Origin',(21.8840183343474,-117.034588891019,37.5));
#4859=CARTESIAN_POINT('Origin',(21.8840183343474,-117.034588891019,35.5));
#4860=CARTESIAN_POINT('Origin',(19.8840183343474,-117.726423143373,33.5));
#4861=CARTESIAN_POINT('',(20.8840183343474,-117.726423143373,33.5));
#4862=CARTESIAN_POINT('',(20.2109291151088,-118.671478348862,33.5));
#4863=CARTESIAN_POINT('Origin',(21.8840183343474,-134.5,37.5));
#4864=CARTESIAN_POINT('',(21.8840183343474,-134.5,36.5));
#4865=CARTESIAN_POINT('',(20.8840183343474,-134.5,37.5));
#4866=CARTESIAN_POINT('Origin',(29.6381663408815,-114.352296296648,35.5));
#4867=CARTESIAN_POINT('',(29.9650771216429,-115.297351502137,35.5));
#4868=CARTESIAN_POINT('',(29.6381663408815,-114.352296296648,36.5));
#4869=CARTESIAN_POINT('Origin',(25.8840183343474,-134.5,37.5));
#4870=CARTESIAN_POINT('',(25.8840183343474,-134.5,36.5));
#4871=CARTESIAN_POINT('Origin',(26.8840183343474,-109.5,40.5));
#4872=CARTESIAN_POINT('Origin',(20.8840183343474,-134.5,36.5));
#4873=CARTESIAN_POINT('Origin',(26.8840183343474,-134.5,36.5));
#4874=CARTESIAN_POINT('Origin',(0.,-129.7475253391,50.));
#4875=CARTESIAN_POINT('',(-61.,-129.7475253391,62.5));
#4876=CARTESIAN_POINT('',(-61.,-129.7475253391,60.5));
#4877=CARTESIAN_POINT('Origin',(-61.,-129.7475253391,61.5));
#4878=CARTESIAN_POINT('',(0.,-129.7475253391,62.5));
#4879=CARTESIAN_POINT('',(-44.884018334347,-129.7475253391,49.));
#4880=CARTESIAN_POINT('',(-44.884018334347,-129.7475253391,40.25));
#4881=CARTESIAN_POINT('',(-47.884018334347,-129.7475253391,50.));
#4882=CARTESIAN_POINT('Origin',(-47.884018334347,-129.7475253391,45.));
#4883=CARTESIAN_POINT('',(-61.,-129.7475253391,50.));
#4884=CARTESIAN_POINT('',(0.,-129.7475253391,50.));
#4885=CARTESIAN_POINT('',(-61.,-129.7475253391,52.));
#4886=CARTESIAN_POINT('Origin',(-61.,-129.7475253391,51.));
#4887=CARTESIAN_POINT('',(-59.5,-129.7475253391,52.));
#4888=CARTESIAN_POINT('',(-31.,-129.7475253391,52.));
#4889=CARTESIAN_POINT('',(-57.,-129.7475253391,54.5));
#4890=CARTESIAN_POINT('Origin',(-59.5,-129.7475253391,54.5));
#4891=CARTESIAN_POINT('',(-57.,-129.7475253391,58.));
#4892=CARTESIAN_POINT('',(-57.,-129.7475253391,53.125));
#4893=CARTESIAN_POINT('',(-59.5,-129.7475253391,60.5));
#4894=CARTESIAN_POINT('Origin',(-59.5,-129.7475253391,58.));
#4895=CARTESIAN_POINT('',(-31.,-129.7475253391,60.5));
#4896=CARTESIAN_POINT('Origin',(-61.,-132.861881334775,61.5));
#4897=CARTESIAN_POINT('',(-61.,-134.5,60.5));
#4898=CARTESIAN_POINT('',(-61.,-134.5,62.5));
#4899=CARTESIAN_POINT('Origin',(-61.,-134.5,61.5));
#4900=CARTESIAN_POINT('',(-61.,-130.935644004325,62.5));
#4901=CARTESIAN_POINT('',(-61.,-133.,60.5));
#4902=CARTESIAN_POINT('',(-61.,-130.935644004308,60.5));
#4903=CARTESIAN_POINT('',(-62.,-133.,61.5));
#4904=CARTESIAN_POINT('Origin',(-61.,-133.,61.5));
#4905=CARTESIAN_POINT('',(-62.,-133.6,61.5));
#4906=CARTESIAN_POINT('',(-62.,-132.561881334775,61.5));
#4907=CARTESIAN_POINT('',(-61.,-133.6,60.5));
#4908=CARTESIAN_POINT('Origin',(-61.,-133.6,61.5));
#4909=CARTESIAN_POINT('',(-61.,-132.861881334775,60.5));
#4910=CARTESIAN_POINT('Origin',(42.8840183343474,-134.5,30.5));
#4911=CARTESIAN_POINT('',(58.,-134.5,60.5));
#4912=CARTESIAN_POINT('',(21.4420091671737,-134.5,60.5));
#4913=CARTESIAN_POINT('',(60.,-134.5,58.5));
#4914=CARTESIAN_POINT('Origin',(58.,-134.5,58.5));
#4915=CARTESIAN_POINT('',(60.,-134.5,54.));
#4916=CARTESIAN_POINT('',(60.,-134.5,43.375));
#4917=CARTESIAN_POINT('',(58.,-134.5,52.));
#4918=CARTESIAN_POINT('Origin',(58.,-134.5,54.));
#4919=CARTESIAN_POINT('',(-61.,-134.5,52.));
#4920=CARTESIAN_POINT('',(21.4420091671737,-134.5,52.));
#4921=CARTESIAN_POINT('',(-61.,-134.5,50.));
#4922=CARTESIAN_POINT('Origin',(-61.,-134.5,51.));
#4923=CARTESIAN_POINT('',(-47.884018334347,-134.5,50.));
#4924=CARTESIAN_POINT('',(0.,-134.5,50.));
#4925=CARTESIAN_POINT('Origin',(-47.884018334347,-134.5,45.));
#4926=CARTESIAN_POINT('',(42.8840183343474,-134.5,27.5));
#4927=CARTESIAN_POINT('',(21.4420091671738,-134.5,27.5));
#4928=CARTESIAN_POINT('',(42.8840183343474,-134.5,45.));
#4929=CARTESIAN_POINT('',(42.8840183343474,-134.5,30.5));
#4930=CARTESIAN_POINT('',(47.8840183343474,-134.5,50.));
#4931=CARTESIAN_POINT('Origin',(47.8840183343474,-134.5,45.));
#4932=CARTESIAN_POINT('',(60.,-134.5,50.));
#4933=CARTESIAN_POINT('',(0.,-134.5,50.));
#4934=CARTESIAN_POINT('',(62.,-134.5,52.));
#4935=CARTESIAN_POINT('Origin',(60.,-134.5,52.));
#4936=CARTESIAN_POINT('',(62.,-134.5,60.5));
#4937=CARTESIAN_POINT('',(62.,-134.5,60.5));
#4938=CARTESIAN_POINT('',(60.,-134.5,62.5));
#4939=CARTESIAN_POINT('Origin',(60.,-134.5,60.5));
#4940=CARTESIAN_POINT('',(0.,-134.5,62.5));
#4941=CARTESIAN_POINT('',(37.5,-134.5,32.75));
#4942=CARTESIAN_POINT('Origin',(37.5,-134.5,35.));
#4943=CARTESIAN_POINT('',(-37.5,-134.5,32.75));
#4944=CARTESIAN_POINT('Origin',(-37.5,-134.5,35.));
#4945=CARTESIAN_POINT('Origin',(0.,-133.,51.));
#4946=CARTESIAN_POINT('',(-59.5,-133.,60.5));
#4947=CARTESIAN_POINT('',(-31.,-133.,60.5));
#4948=CARTESIAN_POINT('',(-57.,-133.,58.));
#4949=CARTESIAN_POINT('Origin',(-59.5,-133.,58.));
#4950=CARTESIAN_POINT('',(-57.,-133.,54.5));
#4951=CARTESIAN_POINT('',(-57.,-133.,53.625));
#4952=CARTESIAN_POINT('',(-59.5,-133.,52.));
#4953=CARTESIAN_POINT('Origin',(-59.5,-133.,54.5));
#4954=CARTESIAN_POINT('',(-61.,-133.,52.));
#4955=CARTESIAN_POINT('',(-31.,-133.,52.));
#4956=CARTESIAN_POINT('',(-62.,-133.,51.));
#4957=CARTESIAN_POINT('Origin',(-61.,-133.,51.));
#4958=CARTESIAN_POINT('',(60.,-133.,51.));
#4959=CARTESIAN_POINT('',(0.,-133.,51.));
#4960=CARTESIAN_POINT('',(60.,-133.,61.5));
#4961=CARTESIAN_POINT('',(60.,-133.,51.));
#4962=CARTESIAN_POINT('',(0.,-133.,61.5));
#4963=CARTESIAN_POINT('Origin',(-61.,-133.311881334775,51.));
#4964=CARTESIAN_POINT('',(-61.,-133.6,52.));
#4965=CARTESIAN_POINT('',(-61.,-133.311881334775,52.));
#4966=CARTESIAN_POINT('',(-62.,-133.6,51.));
#4967=CARTESIAN_POINT('Origin',(-61.,-133.6,51.));
#4968=CARTESIAN_POINT('',(-62.,-132.861881334775,51.));
#4969=CARTESIAN_POINT('',(-61.,-132.561881334775,52.));
#4970=CARTESIAN_POINT('',(-61.,-133.311881334775,50.));
#4971=CARTESIAN_POINT('Origin',(0.,-134.5,50.));
#4972=CARTESIAN_POINT('',(-47.884018334347,-134.5,50.));
#4973=CARTESIAN_POINT('Origin',(60.,-133.311881334775,52.));
#4974=CARTESIAN_POINT('',(60.,-129.7475253391,50.));
#4975=CARTESIAN_POINT('',(62.,-129.7475253391,52.));
#4976=CARTESIAN_POINT('Origin',(60.,-129.7475253391,52.));
#4977=CARTESIAN_POINT('',(62.,-133.311881334775,52.));
#4978=CARTESIAN_POINT('',(60.,-133.311881334775,50.));
#4979=CARTESIAN_POINT('Origin',(0.,-134.5,50.));
#4980=CARTESIAN_POINT('',(47.8840183343474,-129.7475253391,50.));
#4981=CARTESIAN_POINT('',(47.8840183343474,-122.664234242294,50.));
#4982=CARTESIAN_POINT('',(0.,-129.7475253391,50.));
#4983=CARTESIAN_POINT('Origin',(60.,-130.935644004325,60.5));
#4984=CARTESIAN_POINT('',(62.,-129.7475253391,60.5));
#4985=CARTESIAN_POINT('',(62.,-130.935644004325,60.5));
#4986=CARTESIAN_POINT('',(60.,-129.7475253391,62.5));
#4987=CARTESIAN_POINT('Origin',(60.,-129.7475253391,60.5));
#4988=CARTESIAN_POINT('',(60.,-130.935644004325,62.5));
#4989=CARTESIAN_POINT('Origin',(0.,-129.7475253391,62.5));
#4990=CARTESIAN_POINT('',(44.8840183343474,-129.7475253391,62.5));
#4991=CARTESIAN_POINT('',(0.,-129.7475253391,62.5));
#4992=CARTESIAN_POINT('',(38.8840183343474,-129.7475253391,62.5));
#4993=CARTESIAN_POINT('',(0.,-129.7475253391,62.5));
#4994=CARTESIAN_POINT('',(0.,-129.7475253391,62.5));
#4995=CARTESIAN_POINT('Origin',(58.,-133.675,58.5));
#4996=CARTESIAN_POINT('',(58.,-133.6,60.5));
#4997=CARTESIAN_POINT('',(60.,-133.6,58.5));
#4998=CARTESIAN_POINT('Origin',(58.,-133.6,58.5));
#4999=CARTESIAN_POINT('',(60.,-133.675,58.5));
#5000=CARTESIAN_POINT('',(58.,-133.675,60.5));
#5001=CARTESIAN_POINT('Origin',(60.,-133.75,56.25));
#5002=CARTESIAN_POINT('',(60.,-133.6,61.5));
#5003=CARTESIAN_POINT('',(60.,-133.6,61.5));
#5004=CARTESIAN_POINT('',(60.,-133.,61.5));
#5005=CARTESIAN_POINT('',(60.,-133.6,51.));
#5006=CARTESIAN_POINT('',(60.,-133.6,51.));
#5007=CARTESIAN_POINT('',(60.,-133.6,54.));
#5008=CARTESIAN_POINT('',(60.,-133.6,52.));
#5009=CARTESIAN_POINT('',(60.,-134.125,54.));
#5010=CARTESIAN_POINT('Origin',(58.,-134.125,54.));
#5011=CARTESIAN_POINT('',(58.,-133.6,52.));
#5012=CARTESIAN_POINT('Origin',(58.,-133.6,54.));
#5013=CARTESIAN_POINT('',(58.,-134.125,52.));
#5014=CARTESIAN_POINT('Origin',(0.,-134.5,52.));
#5015=CARTESIAN_POINT('',(0.,-133.6,52.));
#5016=CARTESIAN_POINT('Origin',(-44.884018334347,-127.7475253391,40.25));
#5017=CARTESIAN_POINT('Ctrl Pts',(-42.884018334347,-127.7475253391,45.));
#5018=CARTESIAN_POINT('Ctrl Pts',(-42.884018334347,-128.197724650834,45.711827613059));
#5019=CARTESIAN_POINT('Ctrl Pts',(-43.0430587617,-128.680234099915,46.4704484844904));
#5020=CARTESIAN_POINT('Ctrl Pts',(-43.5453972216229,-129.255117039884,47.515091902323));
#5021=CARTESIAN_POINT('Ctrl Pts',(-43.7549542974072,-129.421761924233,47.8475572768004));
#5022=CARTESIAN_POINT('Ctrl Pts',(-44.2562978848399,-129.666853595205,48.4637258281487));
#5023=CARTESIAN_POINT('Ctrl Pts',(-44.5471200182934,-129.7475253391,48.7473262629598));
#5024=CARTESIAN_POINT('Ctrl Pts',(-44.884018334347,-129.7475253391,49.));
#5025=CARTESIAN_POINT('Origin',(44.8840183343474,-127.7475253391,40.25));
#5026=CARTESIAN_POINT('',(42.8840183343474,-127.7475253391,60.5));
#5027=CARTESIAN_POINT('Origin',(44.8840183343474,-127.7475253391,60.5));
#5028=CARTESIAN_POINT('',(44.8840183343474,-129.7475253391,49.));
#5029=CARTESIAN_POINT('',(44.8840183343474,-129.7475253391,40.25));
#5030=CARTESIAN_POINT('',(42.8840183343474,-127.7475253391,45.));
#5031=CARTESIAN_POINT('Ctrl Pts',(44.8840183343474,-129.7475253391,49.));
#5032=CARTESIAN_POINT('Ctrl Pts',(44.5471200182938,-129.7475253391,48.7473262629598));
#5033=CARTESIAN_POINT('Ctrl Pts',(44.2562978848403,-129.666853595205,48.4637258281487));
#5034=CARTESIAN_POINT('Ctrl Pts',(43.7549542974076,-129.421761924233,47.8475572768004));
#5035=CARTESIAN_POINT('Ctrl Pts',(43.5453972216233,-129.255117039884,47.515091902323));
#5036=CARTESIAN_POINT('Ctrl Pts',(43.0430587617004,-128.680234099915,46.4704484844904));
#5037=CARTESIAN_POINT('Ctrl Pts',(42.8840183343474,-128.197724650834,45.711827613059));
#5038=CARTESIAN_POINT('Ctrl Pts',(42.8840183343474,-127.7475253391,45.));
#5039=CARTESIAN_POINT('',(42.8840183343474,-127.7475253391,40.25));
#5040=CARTESIAN_POINT('Origin',(42.8840183343474,-110.828468484589,30.5));
#5041=CARTESIAN_POINT('',(42.8840183343474,-122.664234242294,45.));
#5042=CARTESIAN_POINT('',(42.8840183343474,-110.828468484589,27.5));
#5043=CARTESIAN_POINT('',(42.8840183343474,-115.001734242294,27.5));
#5044=CARTESIAN_POINT('',(42.8840183343474,-110.828468484556,28.7333299040206));
#5045=CARTESIAN_POINT('',(42.8840183343474,-110.828468484589,30.5));
#5046=CARTESIAN_POINT('',(42.8840183343474,-113.546553350005,31.6793833692864));
#5047=CARTESIAN_POINT('Ctrl Pts',(42.8840183343474,-113.546553350005,31.6793833692864));
#5048=CARTESIAN_POINT('Ctrl Pts',(42.8840183343474,-113.374720224254,30.9046602772047));
#5049=CARTESIAN_POINT('Ctrl Pts',(42.8840183343474,-112.629223002103,29.6433741368496));
#5050=CARTESIAN_POINT('Ctrl Pts',(42.8840183343474,-111.394768908077,28.9246008963962));
#5051=CARTESIAN_POINT('Ctrl Pts',(42.8840183343474,-110.828468484553,28.7333299040305));
#5052=CARTESIAN_POINT('',(42.8840183343474,-113.56559959397,32.8320183794991));
#5053=CARTESIAN_POINT('Ctrl Pts',(42.8840183343474,-113.56559959397,32.8320183794991));
#5054=CARTESIAN_POINT('Ctrl Pts',(42.8840183343474,-113.629940973355,32.4531940457554));
#5055=CARTESIAN_POINT('Ctrl Pts',(42.8840183343474,-113.629761653098,32.0545345141959));
#5056=CARTESIAN_POINT('Ctrl Pts',(42.8840183343474,-113.546553350005,31.6793833692864));
#5057=CARTESIAN_POINT('',(42.8840183343474,-113.636581223515,37.9233586132491));
#5058=CARTESIAN_POINT('Ctrl Pts',(42.8840183343474,-113.636581223515,37.9233586132491));
#5059=CARTESIAN_POINT('Ctrl Pts',(42.8840183343474,-113.636581223515,37.6778357664237));
#5060=CARTESIAN_POINT('Ctrl Pts',(42.8840183343474,-113.582828226253,37.187134722519));
#5061=CARTESIAN_POINT('Ctrl Pts',(42.8840183343474,-113.420491595563,36.4649873074623));
#5062=CARTESIAN_POINT('Ctrl Pts',(42.8840183343474,-113.260204155437,35.7482181331699));
#5063=CARTESIAN_POINT('Ctrl Pts',(42.8840183343474,-113.15853523431,34.7625004860136));
#5064=CARTESIAN_POINT('Ctrl Pts',(42.8840183343474,-113.35798257067,33.789675561301));
#5065=CARTESIAN_POINT('Ctrl Pts',(42.8840183343474,-113.524227637685,33.0756050716853));
#5066=CARTESIAN_POINT('Ctrl Pts',(42.8840183343474,-113.56559959397,32.8320183794991));
#5067=CARTESIAN_POINT('',(42.8840183343474,-113.636581223515,50.));
#5068=CARTESIAN_POINT('',(42.8840183343474,-113.636581223515,30.5));
#5069=CARTESIAN_POINT('',(42.8840183343474,-115.176457527235,50.));
#5070=CARTESIAN_POINT('',(42.8840183343474,-134.5,50.));
#5071=CARTESIAN_POINT('',(42.8840183343474,-118.711991433167,51.4644660940673));
#5072=CARTESIAN_POINT('Origin',(42.8840183343474,-115.176457527235,55.));
#5073=CARTESIAN_POINT('',(42.8840183343474,-120.3725253391,53.125));
#5074=CARTESIAN_POINT('Origin',(38.8840183343474,-127.7475253391,52.));
#5075=CARTESIAN_POINT('',(38.8840183343474,-129.7475253391,52.));
#5076=CARTESIAN_POINT('',(38.8840183343474,-127.7475253391,50.));
#5077=CARTESIAN_POINT('Origin',(38.8840183343474,-127.7475253391,52.));
#5078=CARTESIAN_POINT('',(40.8840183343474,-127.7475253391,52.));
#5079=CARTESIAN_POINT('Origin',(38.8840183343474,-127.7475253391,52.));
#5080=CARTESIAN_POINT('Origin',(38.8840183343474,-127.7475253391,52.));
#5081=CARTESIAN_POINT('Origin',(38.8840183343474,-127.7475253391,53.125));
#5082=CARTESIAN_POINT('',(40.8840183343474,-127.7475253391,60.5));
#5083=CARTESIAN_POINT('Origin',(38.8840183343474,-127.7475253391,60.5));
#5084=CARTESIAN_POINT('',(40.8840183343474,-127.7475253391,53.125));
#5085=CARTESIAN_POINT('',(38.8840183343474,-129.7475253391,53.125));
#5086=CARTESIAN_POINT('Origin',(38.8840183343474,-123.080879790697,52.));
#5087=CARTESIAN_POINT('',(38.8840183343474,-115.176457527235,50.));
#5088=CARTESIAN_POINT('',(40.8109857537909,-118.711991433167,51.4644660940673));
#5089=CARTESIAN_POINT('Ctrl Pts',(40.8109857537909,-118.711991433167,51.4644660940673));
#5090=CARTESIAN_POINT('Ctrl Pts',(40.7771198438576,-118.590134526727,51.3426091876265));
#5091=CARTESIAN_POINT('Ctrl Pts',(40.7330049205077,-118.463342075151,51.228393203739));
#5092=CARTESIAN_POINT('Ctrl Pts',(40.5582549194806,-118.024014804035,50.8709359630602));
#5093=CARTESIAN_POINT('Ctrl Pts',(40.3916100351311,-117.691549429558,50.6613788872759));
#5094=CARTESIAN_POINT('Ctrl Pts',(39.8167270951621,-116.646906011725,50.159040427353));
#5095=CARTESIAN_POINT('Ctrl Pts',(39.3342176460809,-115.888285140294,50.));
#5096=CARTESIAN_POINT('Ctrl Pts',(38.8840183343474,-115.176457527235,50.));
#5097=CARTESIAN_POINT('',(38.8840183343474,-123.080879790697,50.));
#5098=CARTESIAN_POINT('',(40.8840183343474,-119.2475253391,52.));
#5099=CARTESIAN_POINT('',(40.8840183343474,-123.080879790697,52.));
#5100=CARTESIAN_POINT('Origin',(38.8840183343474,-119.2475253391,52.));
#5101=CARTESIAN_POINT('Origin',(-38.884018334347,-127.7475253391,52.));
#5102=CARTESIAN_POINT('',(-38.884018334347,-129.7475253391,52.));
#5103=CARTESIAN_POINT('Origin',(-38.884018334347,-127.7475253391,52.));
#5104=CARTESIAN_POINT('',(-38.884018334347,-127.7475253391,50.));
#5105=CARTESIAN_POINT('Origin',(-38.884018334347,-127.7475253391,52.));
#5106=CARTESIAN_POINT('Origin',(-38.884018334347,-127.7475253391,52.));
#5107=CARTESIAN_POINT('Origin',(9.76996261670138E-14,-127.7475253391,52.));
#5108=CARTESIAN_POINT('',(9.76996261670138E-14,-127.7475253391,50.));
#5109=CARTESIAN_POINT('',(9.76996261670138E-14,-129.7475253391,52.));
#5110=CARTESIAN_POINT('Origin',(-38.884018334347,-123.080879790697,52.));
#5111=CARTESIAN_POINT('',(-38.884018334347,-115.176457527235,50.));
#5112=CARTESIAN_POINT('',(-38.884018334347,-123.080879790697,50.));
#5113=CARTESIAN_POINT('Ctrl Pts',(-38.884018334347,-115.176457527235,50.));
#5114=CARTESIAN_POINT('Ctrl Pts',(-39.3342176460805,-115.888285140294,50.));
#5115=CARTESIAN_POINT('Ctrl Pts',(-39.8167270951617,-116.646906011725,50.159040427353));
#5116=CARTESIAN_POINT('Ctrl Pts',(-40.3916100351307,-117.691549429558,50.6613788872759));
#5117=CARTESIAN_POINT('Ctrl Pts',(-40.5582549194802,-118.024014804035,50.8709359630602));
#5118=CARTESIAN_POINT('Ctrl Pts',(-40.7330049205073,-118.46334207515,51.228393203739));
#5119=CARTESIAN_POINT('Ctrl Pts',(-40.7771198438572,-118.590134526727,51.3426091876265));
#5120=CARTESIAN_POINT('Ctrl Pts',(-40.8109857537905,-118.711991433167,51.4644660940673));
#5121=CARTESIAN_POINT('Origin',(-38.884018334347,-127.7475253391,53.125));
#5122=CARTESIAN_POINT('',(-38.884018334347,-129.7475253391,53.125));
#5123=CARTESIAN_POINT('Origin',(40.8840183343474,-123.4975253391,56.25));
#5124=CARTESIAN_POINT('',(40.8840183343474,-120.3725253391,53.125));
#5125=CARTESIAN_POINT('Origin',(0.,-129.7475253391,50.));
#5126=CARTESIAN_POINT('Origin',(-40.884018334347,-126.8375,27.5));
#5127=CARTESIAN_POINT('',(-41.3986782226842,-111.342273067411,25.5673528000857));
#5128=CARTESIAN_POINT('Origin',(-40.884018334347,-111.520302736943,27.5));
#5129=CARTESIAN_POINT('',(-40.884018334347,-111.44731528937,25.5));
#5130=CARTESIAN_POINT('Ctrl Pts',(-41.3986782226842,-111.342273067411,25.5673528000857));
#5131=CARTESIAN_POINT('Ctrl Pts',(-41.3352498610734,-111.364214023977,25.5504619606684));
#5132=CARTESIAN_POINT('Ctrl Pts',(-41.2699376432625,-111.383211275833,25.5364329198546));
#5133=CARTESIAN_POINT('Ctrl Pts',(-41.098902406024,-111.423507327628,25.5087561132395));
#5134=CARTESIAN_POINT('Ctrl Pts',(-40.9912464446964,-111.439836140656,25.5));
#5135=CARTESIAN_POINT('Ctrl Pts',(-40.884018334347,-111.44731528937,25.5));
#5136=CARTESIAN_POINT('',(-40.8840183343471,-132.5,25.5));
#5137=CARTESIAN_POINT('',(-40.884018334347,-126.8375,25.5));
#5138=CARTESIAN_POINT('Origin',(-40.884018334347,-132.5,27.5));
#5139=CARTESIAN_POINT('Origin',(21.4420091671738,-132.5,27.5));
#5140=CARTESIAN_POINT('',(40.8840183343474,-132.5,25.5));
#5141=CARTESIAN_POINT('',(21.4420091671738,-132.5,25.5));
#5142=CARTESIAN_POINT('Origin',(40.8840183343474,-132.5,27.5));
#5143=CARTESIAN_POINT('Origin',(40.8840183343474,-115.001734242294,27.5));
#5144=CARTESIAN_POINT('',(40.8840183343474,-111.447315289369,25.5));
#5145=CARTESIAN_POINT('',(40.8840183343474,-115.001734242294,25.5));
#5146=CARTESIAN_POINT('',(41.3986782226864,-111.34227306741,25.5673528000861));
#5147=CARTESIAN_POINT('Ctrl Pts',(40.8840183343474,-111.447315289369,25.5));
#5148=CARTESIAN_POINT('Ctrl Pts',(40.9912464446979,-111.439836140655,25.5));
#5149=CARTESIAN_POINT('Ctrl Pts',(41.0989024060265,-111.423507327627,25.5087561132397));
#5150=CARTESIAN_POINT('Ctrl Pts',(41.2699376432656,-111.383211275832,25.5364329198551));
#5151=CARTESIAN_POINT('Ctrl Pts',(41.335249861076,-111.364214023976,25.5504619606689));
#5152=CARTESIAN_POINT('Ctrl Pts',(41.3986782226864,-111.34227306741,25.5673528000861));
#5153=CARTESIAN_POINT('Origin',(40.8840183343474,-111.520302736943,27.5));
#5154=CARTESIAN_POINT('Origin',(1.86517468137026E-13,-119.175,25.5));
#5155=CARTESIAN_POINT('',(-38.7669694113892,-109.748746585849,25.5));
#5156=CARTESIAN_POINT('Origin',(-40.7448566611615,-109.452162656433,25.5));
#5157=CARTESIAN_POINT('',(-38.1523783058807,-107.990206409391,25.5));
#5158=CARTESIAN_POINT('Origin',(-33.8222512869585,-110.490206409391,25.5));
#5159=CARTESIAN_POINT('',(-37.2054046938919,-106.349999999999,25.5));
#5160=CARTESIAN_POINT('',(-37.2054046938919,-106.349999999999,25.5));
#5161=CARTESIAN_POINT('',(-32.8752776749696,-103.849999999999,25.5));
#5162=CARTESIAN_POINT('Origin',(-32.8752776749697,-108.849999999999,25.5));
#5163=CARTESIAN_POINT('',(-32.1247223250267,-103.849999999999,25.5));
#5164=CARTESIAN_POINT('',(-32.1247223250267,-103.849999999999,25.5));
#5165=CARTESIAN_POINT('',(-27.7945953061046,-106.349999999999,25.5));
#5166=CARTESIAN_POINT('Origin',(-32.1247223250268,-108.85,25.5));
#5167=CARTESIAN_POINT('',(-26.2261786027655,-109.066577417622,25.5));
#5168=CARTESIAN_POINT('',(-26.2261786027655,-109.066577417622,25.5));
#5169=CARTESIAN_POINT('',(-25.8295735753382,-109.936238752801,25.5));
#5170=CARTESIAN_POINT('Origin',(-30.5563056216879,-111.566577417623,25.5));
#5171=CARTESIAN_POINT('',(-20.8029917829281,-118.740816442153,25.5000000000015));
#5172=CARTESIAN_POINT('Origin',(1.09690034832965E-12,-101.027133670728,
25.5));
#5173=CARTESIAN_POINT('',(-9.62318936287921,-124.450237343042,25.5));
#5174=CARTESIAN_POINT('Ctrl Pts',(-9.62318936286853,-124.450237343013,25.5));
#5175=CARTESIAN_POINT('Ctrl Pts',(-9.6525466032757,-124.439531906238,25.5));
#5176=CARTESIAN_POINT('Ctrl Pts',(-9.68189808126014,-124.428810488858,25.5));
#5177=CARTESIAN_POINT('Ctrl Pts',(-10.1192133500817,-124.268799697491,25.5));
#5178=CARTESIAN_POINT('Ctrl Pts',(-10.5263404685238,-124.116337071773,25.5));
#5179=CARTESIAN_POINT('Ctrl Pts',(-12.3416573424733,-123.420671711157,25.5));
#5180=CARTESIAN_POINT('Ctrl Pts',(-13.7890611916152,-122.823023331154,25.5));
#5181=CARTESIAN_POINT('Ctrl Pts',(-15.9104643203762,-121.859976477716,25.5));
#5182=CARTESIAN_POINT('Ctrl Pts',(-16.7078355381508,-121.478977095944,25.5));
#5183=CARTESIAN_POINT('Ctrl Pts',(-18.2966949953711,-120.645986251604,25.5));
#5184=CARTESIAN_POINT('Ctrl Pts',(-19.0113876598436,-120.224697714611,25.5));
#5185=CARTESIAN_POINT('Ctrl Pts',(-20.0765321670129,-119.465536531268,25.5));
#5186=CARTESIAN_POINT('Ctrl Pts',(-20.4835117218966,-119.116014596608,25.5));
#5187=CARTESIAN_POINT('Ctrl Pts',(-20.8029917829258,-118.740816442155,25.5));
#5188=CARTESIAN_POINT('',(-7.19203717674973,-125.29121452076,25.5));
#5189=CARTESIAN_POINT('',(-23.0980271925941,-119.78906016548,25.5));
#5190=CARTESIAN_POINT('',(7.19203717674975,-125.29121452076,25.5));
#5191=CARTESIAN_POINT('Origin',(-1.94289029309402E-14,-104.5,25.5));
#5192=CARTESIAN_POINT('',(9.62318936270977,-124.450237343104,25.5));
#5193=CARTESIAN_POINT('',(20.9807655709189,-120.521457221014,25.5));
#5194=CARTESIAN_POINT('',(20.8029917829364,-118.740816442146,25.5000000000044));
#5195=CARTESIAN_POINT('Ctrl Pts',(20.8029917829294,-118.740816442154,25.5));
#5196=CARTESIAN_POINT('Ctrl Pts',(20.4835117218584,-119.116014596656,25.5));
#5197=CARTESIAN_POINT('Ctrl Pts',(20.0765321669093,-119.465536531359,25.5));
#5198=CARTESIAN_POINT('Ctrl Pts',(19.0113876581345,-120.224697715811,25.5));
#5199=CARTESIAN_POINT('Ctrl Pts',(18.2966949914757,-120.645986253901,25.5));
#5200=CARTESIAN_POINT('Ctrl Pts',(16.7078354375242,-121.478977148477,25.5));
#5201=CARTESIAN_POINT('Ctrl Pts',(15.9104641089447,-121.859976578848,25.5));
#5202=CARTESIAN_POINT('Ctrl Pts',(13.7890610318471,-122.823023394514,25.5));
#5203=CARTESIAN_POINT('Ctrl Pts',(12.341657364457,-123.420671698908,25.5));
#5204=CARTESIAN_POINT('Ctrl Pts',(10.5263405930847,-124.116337025139,25.5));
#5205=CARTESIAN_POINT('Ctrl Pts',(10.1192134101339,-124.268799675542,25.5));
#5206=CARTESIAN_POINT('Ctrl Pts',(9.68189807877805,-124.428810489765,25.5));
#5207=CARTESIAN_POINT('Ctrl Pts',(9.65254660166073,-124.439531906828,25.5));
#5208=CARTESIAN_POINT('Ctrl Pts',(9.62318936269925,-124.450237343075,25.5));
#5209=CARTESIAN_POINT('',(25.8295735753409,-109.9362387528,25.5));
#5210=CARTESIAN_POINT('Origin',(1.48325796089921E-12,-101.027133670728,
25.5));
#5211=CARTESIAN_POINT('',(26.2261786027683,-109.066577417621,25.5));
#5212=CARTESIAN_POINT('Origin',(30.5563056216903,-111.566577417621,25.5));
#5213=CARTESIAN_POINT('',(27.7945953061061,-106.350000000001,25.5));
#5214=CARTESIAN_POINT('',(27.7945953061061,-106.350000000001,25.5));
#5215=CARTESIAN_POINT('',(32.1247223250283,-103.85,25.5));
#5216=CARTESIAN_POINT('Origin',(32.1247223250283,-108.85,25.5));
#5217=CARTESIAN_POINT('',(32.8752776749735,-103.85,25.5));
#5218=CARTESIAN_POINT('',(32.8752776749735,-103.85,25.5));
#5219=CARTESIAN_POINT('',(37.2054046938957,-106.35,25.5));
#5220=CARTESIAN_POINT('Origin',(32.8752776749735,-108.85,25.5));
#5221=CARTESIAN_POINT('',(38.1523783058827,-107.990206409389,25.5));
#5222=CARTESIAN_POINT('',(38.1523783058827,-107.990206409389,25.5));
#5223=CARTESIAN_POINT('',(38.7669694113914,-109.748746585848,25.5));
#5224=CARTESIAN_POINT('Origin',(33.8222512869605,-110.490206409389,25.5));
#5225=CARTESIAN_POINT('Origin',(40.7448566611637,-109.452162656432,25.5));
#5226=CARTESIAN_POINT('',(-34.0299782133525,-112.15,25.5));
#5227=CARTESIAN_POINT('',(-30.9700217866475,-112.15,25.5));
#5228=CARTESIAN_POINT('',(-30.9700217866475,-112.15,25.5));
#5229=CARTESIAN_POINT('',(-29.440043573295,-109.5,25.5));
#5230=CARTESIAN_POINT('',(-29.440043573295,-109.5,25.5));
#5231=CARTESIAN_POINT('',(-30.9700217866475,-106.85,25.5));
#5232=CARTESIAN_POINT('',(-30.9700217866475,-106.85,25.5));
#5233=CARTESIAN_POINT('',(-34.0299782133525,-106.85,25.5));
#5234=CARTESIAN_POINT('',(-34.0299782133525,-106.85,25.5));
#5235=CARTESIAN_POINT('',(-35.5599564267051,-109.5,25.5));
#5236=CARTESIAN_POINT('',(-35.5599564267051,-109.5,25.5));
#5237=CARTESIAN_POINT('',(-34.0299782133525,-112.15,25.5));
#5238=CARTESIAN_POINT('',(30.9700217866474,-112.15,25.5));
#5239=CARTESIAN_POINT('',(34.0299782133524,-112.15,25.5));
#5240=CARTESIAN_POINT('',(34.0299782133524,-112.15,25.5));
#5241=CARTESIAN_POINT('',(35.5599564267049,-109.5,25.5));
#5242=CARTESIAN_POINT('',(35.5599564267049,-109.5,25.5));
#5243=CARTESIAN_POINT('',(34.0299782133525,-106.85,25.5));
#5244=CARTESIAN_POINT('',(34.0299782133525,-106.85,25.5));
#5245=CARTESIAN_POINT('',(30.9700217866475,-106.85,25.5));
#5246=CARTESIAN_POINT('',(30.9700217866475,-106.85,25.5));
#5247=CARTESIAN_POINT('',(29.440043573295,-109.5,25.5));
#5248=CARTESIAN_POINT('',(29.440043573295,-109.5,25.5));
#5249=CARTESIAN_POINT('',(30.9700217866475,-112.15,25.5));
#5250=CARTESIAN_POINT('Origin',(-40.7448566611615,-109.452162656433,30.5));
#5251=CARTESIAN_POINT('',(-41.3986782226842,-111.342273067411,31.3893098394394));
#5252=CARTESIAN_POINT('',(-41.3986782226842,-111.342273067411,30.5));
#5253=CARTESIAN_POINT('',(-40.3247954092226,-111.4075522702,31.4637809799774));
#5254=CARTESIAN_POINT('Ctrl Pts',(-40.3247954090064,-111.407552270918,31.4637809814625));
#5255=CARTESIAN_POINT('Ctrl Pts',(-40.4226754970512,-111.428579094443,31.5494091728877));
#5256=CARTESIAN_POINT('Ctrl Pts',(-40.5069652528866,-111.439411897762,31.6057590253124));
#5257=CARTESIAN_POINT('Ctrl Pts',(-40.6512989221866,-111.451163366102,31.6755794099988));
#5258=CARTESIAN_POINT('Ctrl Pts',(-40.7159224841713,-111.452940701576,31.6938511143931));
#5259=CARTESIAN_POINT('Ctrl Pts',(-40.8407713590518,-111.450823859489,31.7044984729609));
#5260=CARTESIAN_POINT('Ctrl Pts',(-40.9007649897987,-111.446966178039,31.6971209498771));
#5261=CARTESIAN_POINT('Ctrl Pts',(-41.0218565741385,-111.433864828093,31.6608990229546));
#5262=CARTESIAN_POINT('Ctrl Pts',(-41.0904858316384,-111.423730017935,31.6289564787951));
#5263=CARTESIAN_POINT('Ctrl Pts',(-41.2507656312506,-111.3889054332,31.5220978057178));
#5264=CARTESIAN_POINT('Ctrl Pts',(-41.3286549234143,-111.36649532586,31.455578889689));
#5265=CARTESIAN_POINT('Ctrl Pts',(-41.3986782226842,-111.342273067411,31.3893098394394));
#5266=CARTESIAN_POINT('',(-38.8547462501834,-110.105984217955,30.5));
#5267=CARTESIAN_POINT('Origin',(-40.7448566611615,-109.452162656433,32.5));
#5268=CARTESIAN_POINT('',(-38.7669694113892,-109.748746585849,30.5));
#5269=CARTESIAN_POINT('Origin',(-40.7448566611615,-109.452162656433,30.5));
#5270=CARTESIAN_POINT('',(-38.7669694113892,-109.748746585849,30.5));
#5271=CARTESIAN_POINT('Origin',(-42.8840183343471,-110.828468484589,30.5));
#5272=CARTESIAN_POINT('Ctrl Pts',(-41.3986782226842,-111.342273067411,31.3893098394394));
#5273=CARTESIAN_POINT('Ctrl Pts',(-41.667921059771,-111.249137358962,31.1345022641565));
#5274=CARTESIAN_POINT('Ctrl Pts',(-41.9258266502542,-111.159923398277,30.8725696940968));
#5275=CARTESIAN_POINT('Ctrl Pts',(-42.36613410948,-111.007613507348,30.313277099297));
#5276=CARTESIAN_POINT('Ctrl Pts',(-42.5872500577001,-110.931125713987,29.9751586031622));
#5277=CARTESIAN_POINT('Ctrl Pts',(-42.8280815079705,-110.847817990817,29.3064091830234));
#5278=CARTESIAN_POINT('Ctrl Pts',(-42.884018334347,-110.828468484589,29.0223638977548));
#5279=CARTESIAN_POINT('Ctrl Pts',(-42.884018334347,-110.828468484589,28.7333299040427));
#5280=CARTESIAN_POINT('Origin',(-40.8840183343471,-113.636581223516,30.5));
#5281=CARTESIAN_POINT('',(-40.2301967728243,-111.746470812537,48.));
#5282=CARTESIAN_POINT('',(-40.2301967728243,-111.746470812537,37.9233586132494));
#5283=CARTESIAN_POINT('',(-40.2301967728243,-111.746470812537,30.5));
#5284=CARTESIAN_POINT('Origin',(-40.8840183343471,-113.636581223516,37.9233586132494));
#5285=CARTESIAN_POINT('',(-42.7741287453252,-112.982759661993,50.));
#5286=CARTESIAN_POINT('Origin',(-40.8840183343471,-113.636581223516,50.));
#5287=CARTESIAN_POINT('Origin',(-40.8840183343471,-113.636581223516,48.));
#5288=CARTESIAN_POINT('Origin',(40.8840183343474,-113.636581223515,30.5));
#5289=CARTESIAN_POINT('',(40.2301967728247,-111.746470812537,37.9233586132491));
#5290=CARTESIAN_POINT('Origin',(40.8840183343474,-113.636581223515,37.9233586132491));
#5291=CARTESIAN_POINT('',(40.2301967728247,-111.746470812537,48.));
#5292=CARTESIAN_POINT('',(40.2301967728247,-111.746470812537,30.5));
#5293=CARTESIAN_POINT('',(42.7741287453256,-112.982759661993,50.));
#5294=CARTESIAN_POINT('Origin',(40.8840183343474,-113.636581223515,48.));
#5295=CARTESIAN_POINT('Origin',(40.8840183343474,-113.636581223515,50.));
#5296=CARTESIAN_POINT('Origin',(20.4417683181258,-120.707905601718,48.));
#5297=CARTESIAN_POINT('',(6.53821561522704,-123.401104109782,48.));
#5298=CARTESIAN_POINT('',(19.7879467566031,-118.817795190739,48.));
#5299=CARTESIAN_POINT('',(7.19203717674975,-125.29121452076,50.));
#5300=CARTESIAN_POINT('Origin',(7.19203717674975,-125.29121452076,48.));
#5301=CARTESIAN_POINT('',(20.4417683181258,-120.707905601718,50.));
#5302=CARTESIAN_POINT('Origin',(-1.94289029309402E-14,-104.5,48.));
#5303=CARTESIAN_POINT('',(-6.53821561522703,-123.401104109782,48.));
#5304=CARTESIAN_POINT('',(-7.19203717674973,-125.29121452076,50.));
#5305=CARTESIAN_POINT('Origin',(-7.19203717674973,-125.29121452076,48.));
#5306=CARTESIAN_POINT('Origin',(-1.94289029309402E-14,-104.5,50.));
#5307=CARTESIAN_POINT('Origin',(-1.94289029309402E-14,-104.5,48.));
#5308=CARTESIAN_POINT('Origin',(-22.5590299398009,-119.975508546183,48.));
#5309=CARTESIAN_POINT('',(-22.5590299398009,-119.975508546183,50.));
#5310=CARTESIAN_POINT('',(-21.9052083782782,-118.085398135205,48.));
#5311=CARTESIAN_POINT('Ctrl Pts',(40.6224989991992,-111.610766753797,32.5));
#5312=CARTESIAN_POINT('Ctrl Pts',(40.7586509774956,-111.563669452741,32.6700537663878));
#5313=CARTESIAN_POINT('Ctrl Pts',(41.1849433664784,-111.416207614633,33.2569088185908));
#5314=CARTESIAN_POINT('Ctrl Pts',(41.6097855234367,-111.269247436619,34.6436812540365));
#5315=CARTESIAN_POINT('Ctrl Pts',(41.3913246235296,-111.344816803297,36.097035304647));
#5316=CARTESIAN_POINT('Ctrl Pts',(41.0283315832193,-111.470382312624,36.9413943255236));
#5317=CARTESIAN_POINT('Ctrl Pts',(40.6047055517066,-111.616921812018,37.5494111723595));
#5318=CARTESIAN_POINT('Ctrl Pts',(40.345314420938,-111.70664964653,37.8158473999653));
#5319=CARTESIAN_POINT('Ctrl Pts',(40.2301967728247,-111.746470812537,37.9233586132491));
#5320=CARTESIAN_POINT('Ctrl Pts',(40.9438930741327,-111.568975911367,32.4929020387338));
#5321=CARTESIAN_POINT('Ctrl Pts',(41.0700006213513,-111.545640571936,32.665425865115));
#5322=CARTESIAN_POINT('Ctrl Pts',(41.4565833164013,-111.461669533184,33.2718857600195));
#5323=CARTESIAN_POINT('Ctrl Pts',(41.8224629648635,-111.353334813404,34.6497602957535));
#5324=CARTESIAN_POINT('Ctrl Pts',(41.634225680122,-111.40886613862,36.083600896212));
#5325=CARTESIAN_POINT('Ctrl Pts',(41.31502993691,-111.49327347289,36.9361354905943));
#5326=CARTESIAN_POINT('Ctrl Pts',(40.9300817567261,-111.575600387812,37.5598670297546));
#5327=CARTESIAN_POINT('Ctrl Pts',(40.6843130361882,-111.612830279487,37.824547138055));
#5328=CARTESIAN_POINT('Ctrl Pts',(40.5729060521461,-111.62792180352,37.9233586132491));
#5329=CARTESIAN_POINT('Ctrl Pts',(41.6062930552696,-111.642928090301,32.5054624388383));
#5330=CARTESIAN_POINT('Ctrl Pts',(41.6997081813381,-111.654412141827,32.6866503052919));
#5331=CARTESIAN_POINT('Ctrl Pts',(41.9767211236366,-111.65804616507,33.3291141089431));
#5332=CARTESIAN_POINT('Ctrl Pts',(42.218239021593,-111.595456984518,34.66598469157));
#5333=CARTESIAN_POINT('Ctrl Pts',(42.0937040365596,-111.626988342622,36.0413765977519));
#5334=CARTESIAN_POINT('Ctrl Pts',(41.8754954945985,-111.658613053561,36.89586585353));
#5335=CARTESIAN_POINT('Ctrl Pts',(41.5986099024244,-111.651723783803,37.5497279237073));
#5336=CARTESIAN_POINT('Ctrl Pts',(41.410253548941,-111.608269162824,37.8278397383946));
#5337=CARTESIAN_POINT('Ctrl Pts',(41.3222077949652,-111.582677008985,37.9233586132491));
#5338=CARTESIAN_POINT('Ctrl Pts',(42.5736830629138,-112.291394292865,32.6156011132614));
#5339=CARTESIAN_POINT('Ctrl Pts',(42.5998517660888,-112.308633450254,32.8218331599015));
#5340=CARTESIAN_POINT('Ctrl Pts',(42.6744771738021,-112.312898108999,33.5087754286913));
#5341=CARTESIAN_POINT('Ctrl Pts',(42.7331854439061,-112.232102053785,34.7060017742852));
#5342=CARTESIAN_POINT('Ctrl Pts',(42.7028761701293,-112.27257097493,35.9238027420047));
#5343=CARTESIAN_POINT('Ctrl Pts',(42.6474371098852,-112.313966728769,36.7357068240766));
#5344=CARTESIAN_POINT('Ctrl Pts',(42.5725720274085,-112.305024325579,37.4297572912351));
#5345=CARTESIAN_POINT('Ctrl Pts',(42.5178251367124,-112.238746854527,37.7832511546573));
#5346=CARTESIAN_POINT('Ctrl Pts',(42.491318306467,-112.193437126503,37.9233586132491));
#5347=CARTESIAN_POINT('Ctrl Pts',(42.8840183343474,-113.086198989737,32.7505946339607));
#5348=CARTESIAN_POINT('Ctrl Pts',(42.8834913820561,-113.067291397173,32.9801694547293));
#5349=CARTESIAN_POINT('Ctrl Pts',(42.8818846114903,-112.966160261538,33.6842480109048));
#5350=CARTESIAN_POINT('Ctrl Pts',(42.8808221090337,-112.811696282796,34.7413545946164));
#5351=CARTESIAN_POINT('Ctrl Pts',(42.8809122608422,-112.890309393613,35.8141993130665));
#5352=CARTESIAN_POINT('Ctrl Pts',(42.8813801454675,-113.005583853459,36.5668094369035));
#5353=CARTESIAN_POINT('Ctrl Pts',(42.8825323439104,-113.102646376925,37.2786015351323));
#5354=CARTESIAN_POINT('Ctrl Pts',(42.8833685728634,-113.110287044507,37.717668913249));
#5355=CARTESIAN_POINT('Ctrl Pts',(42.8840183343474,-113.092630017283,37.9233586132491));
#5356=CARTESIAN_POINT('Ctrl Pts',(42.8840183343474,-113.56559959397,32.8320183794991));
#5357=CARTESIAN_POINT('Ctrl Pts',(42.8840183343474,-113.524227637685,33.0756050716853));
#5358=CARTESIAN_POINT('Ctrl Pts',(42.8840183343474,-113.35798257067,33.789675561301));
#5359=CARTESIAN_POINT('Ctrl Pts',(42.8840183343474,-113.15853523431,34.7625004860136));
#5360=CARTESIAN_POINT('Ctrl Pts',(42.8840183343474,-113.260204155437,35.7482181331699));
#5361=CARTESIAN_POINT('Ctrl Pts',(42.8840183343474,-113.420491595563,36.4649873074623));
#5362=CARTESIAN_POINT('Ctrl Pts',(42.8840183343474,-113.582828226253,37.187134722519));
#5363=CARTESIAN_POINT('Ctrl Pts',(42.8840183343474,-113.636581223515,37.6778357664237));
#5364=CARTESIAN_POINT('Ctrl Pts',(42.8840183343474,-113.636581223515,37.9233586132491));
#5365=CARTESIAN_POINT('',(40.6224989991992,-111.610766753797,32.5));
#5366=CARTESIAN_POINT('Origin',(40.8840183343474,-113.56559959397,32.8320183794991));
#5367=CARTESIAN_POINT('Origin',(37.5,-112.69089263409,35.));
#5368=CARTESIAN_POINT('Ctrl Pts',(-40.2301967728243,-111.746470812537,37.9233586132494));
#5369=CARTESIAN_POINT('Ctrl Pts',(-40.3453801991083,-111.706626892734,37.8157859681083));
#5370=CARTESIAN_POINT('Ctrl Pts',(-40.6044949768102,-111.616994653482,37.5498880472185));
#5371=CARTESIAN_POINT('Ctrl Pts',(-41.0266734542592,-111.470955887829,36.9459979467892));
#5372=CARTESIAN_POINT('Ctrl Pts',(-41.3919582472609,-111.344597621997,36.0958420259642));
#5373=CARTESIAN_POINT('Ctrl Pts',(-41.5512673822338,-111.289489863854,35.0163592508834));
#5374=CARTESIAN_POINT('Ctrl Pts',(-41.400599105709,-111.341608601075,33.9338179668516));
#5375=CARTESIAN_POINT('Ctrl Pts',(-41.038794093924,-111.466763150988,33.0755688038851));
#5376=CARTESIAN_POINT('Ctrl Pts',(-40.7580890610408,-111.563863829267,32.6693519329607));
#5377=CARTESIAN_POINT('Ctrl Pts',(-40.6224989991992,-111.610766753797,32.5));
#5378=CARTESIAN_POINT('Ctrl Pts',(-40.5729060521457,-111.62792180352,37.9233586132494));
#5379=CARTESIAN_POINT('Ctrl Pts',(-40.6843766940867,-111.612821656197,37.8244906772244));
#5380=CARTESIAN_POINT('Ctrl Pts',(-40.9298263260763,-111.575514604935,37.5603457000073));
#5381=CARTESIAN_POINT('Ctrl Pts',(-41.313580588736,-111.49368734486,36.9403413713021));
#5382=CARTESIAN_POINT('Ctrl Pts',(-41.6347621300058,-111.408630957643,36.0826784004399));
#5383=CARTESIAN_POINT('Ctrl Pts',(-41.772175101773,-111.36841748123,35.016083206805));
#5384=CARTESIAN_POINT('Ctrl Pts',(-41.642242057496,-111.406455980101,33.9468871208699));
#5385=CARTESIAN_POINT('Ctrl Pts',(-41.3243351027086,-111.490928637321,33.0816144392235));
#5386=CARTESIAN_POINT('Ctrl Pts',(-41.0694801595355,-111.545736879837,32.6647138374376));
#5387=CARTESIAN_POINT('Ctrl Pts',(-40.9438930741327,-111.568975911368,32.4929020387338));
#5388=CARTESIAN_POINT('Ctrl Pts',(-41.3222077949649,-111.582677008985,37.9233586132494));
#5389=CARTESIAN_POINT('Ctrl Pts',(-41.4103038582436,-111.608283786169,37.8277851589543));
#5390=CARTESIAN_POINT('Ctrl Pts',(-41.5983238197615,-111.651354886465,37.5502854121396));
#5391=CARTESIAN_POINT('Ctrl Pts',(-41.8744734379465,-111.658819059416,36.8994270571428));
#5392=CARTESIAN_POINT('Ctrl Pts',(-42.0940323187683,-111.626650262122,36.0409213938691));
#5393=CARTESIAN_POINT('Ctrl Pts',(-42.1851599107139,-111.604531139334,35.015266269652));
#5394=CARTESIAN_POINT('Ctrl Pts',(-42.0991711475688,-111.62555985302,33.9878641324133));
#5395=CARTESIAN_POINT('Ctrl Pts',(-41.8822739379688,-111.658159876957,33.1228945899582));
#5396=CARTESIAN_POINT('Ctrl Pts',(-41.699322645284,-111.654364745692,32.6859025200241));
#5397=CARTESIAN_POINT('Ctrl Pts',(-41.6062930552695,-111.642928090301,32.5054624388384));
#5398=CARTESIAN_POINT('Ctrl Pts',(-42.4913183064666,-112.193437126503,37.9233586132494));
#5399=CARTESIAN_POINT('Ctrl Pts',(-42.5178402827026,-112.238772744485,37.7831710973207));
#5400=CARTESIAN_POINT('Ctrl Pts',(-42.5724741137509,-112.304561180593,37.430587872741));
#5401=CARTESIAN_POINT('Ctrl Pts',(-42.6471915559883,-112.314285136508,36.7385799430336));
#5402=CARTESIAN_POINT('Ctrl Pts',(-42.7029401296914,-112.272030239415,35.9238984008225));
#5403=CARTESIAN_POINT('Ctrl Pts',(-42.7251945719088,-112.243891215287,35.0133874996393));
#5404=CARTESIAN_POINT('Ctrl Pts',(-42.7041834292866,-112.270643005803,34.1023529606194));
#5405=CARTESIAN_POINT('Ctrl Pts',(-42.6491573602091,-112.313457623648,33.2836171464051));
#5406=CARTESIAN_POINT('Ctrl Pts',(-42.5997437645368,-112.308562302069,32.8209820141309));
#5407=CARTESIAN_POINT('Ctrl Pts',(-42.5736830629134,-112.291394292865,32.6156011132615));
#5408=CARTESIAN_POINT('Ctrl Pts',(-42.8840183343471,-113.092630017283,37.9233586132494));
#5409=CARTESIAN_POINT('Ctrl Pts',(-42.8833682015896,-113.110297133724,37.7175513822497));
#5410=CARTESIAN_POINT('Ctrl Pts',(-42.8824399063872,-113.102476088572,37.2796744854099));
#5411=CARTESIAN_POINT('Ctrl Pts',(-42.8812230534918,-113.006317560112,36.56946028238));
#5412=CARTESIAN_POINT('Ctrl Pts',(-42.880917481083,-112.889694860308,35.8145064698612));
#5413=CARTESIAN_POINT('Ctrl Pts',(-42.8809181220601,-112.833509924029,35.0118302301518));
#5414=CARTESIAN_POINT('Ctrl Pts',(-42.881410499461,-112.886561265823,34.2092976340495));
#5415=CARTESIAN_POINT('Ctrl Pts',(-42.8823419427348,-113.002475821302,33.4522217574511));
#5416=CARTESIAN_POINT('Ctrl Pts',(-42.8834935568546,-113.067369431202,32.9792219703741));
#5417=CARTESIAN_POINT('Ctrl Pts',(-42.884018334347,-113.086198989737,32.7505946339609));
#5418=CARTESIAN_POINT('Ctrl Pts',(-42.8840183343471,-113.636581223516,37.9233586132494));
#5419=CARTESIAN_POINT('Ctrl Pts',(-42.8840183343471,-113.636581223516,37.6776954747826));
#5420=CARTESIAN_POINT('Ctrl Pts',(-42.8840183343471,-113.582793082858,37.1883590057682));
#5421=CARTESIAN_POINT('Ctrl Pts',(-42.884018334347,-113.421392638709,36.4675221253934));
#5422=CARTESIAN_POINT('Ctrl Pts',(-42.8840183343471,-113.2595560426,35.7486459191565));
#5423=CARTESIAN_POINT('Ctrl Pts',(-42.8840183343471,-113.186433640988,35.0107988492302));
#5424=CARTESIAN_POINT('Ctrl Pts',(-42.8840183343471,-113.255632413279,34.2734778713973));
#5425=CARTESIAN_POINT('Ctrl Pts',(-42.8840183343471,-113.416318264995,33.5536581179299));
#5426=CARTESIAN_POINT('Ctrl Pts',(-42.884018334347,-113.524398384988,33.0745997585626));
#5427=CARTESIAN_POINT('Ctrl Pts',(-42.884018334347,-113.56559959397,32.8320183794994));
#5428=CARTESIAN_POINT('',(-40.6224989991992,-111.610766753797,32.5));
#5429=CARTESIAN_POINT('Origin',(-40.884018334347,-113.56559959397,32.8320183794994));
#5430=CARTESIAN_POINT('Origin',(-37.5,-112.69089263409,35.));
#5431=CARTESIAN_POINT('Ctrl Pts',(40.2441037716466,-111.696646206716,32.0896916846432));
#5432=CARTESIAN_POINT('Ctrl Pts',(40.3648238098811,-111.680133584118,32.2035175327448));
#5433=CARTESIAN_POINT('Ctrl Pts',(40.4971772444327,-111.654117695053,32.3434731784655));
#5434=CARTESIAN_POINT('Ctrl Pts',(40.6224989991992,-111.610766753797,32.5));
#5435=CARTESIAN_POINT('Ctrl Pts',(40.586348813467,-111.583808818337,32.1147189509593));
#5436=CARTESIAN_POINT('Ctrl Pts',(40.702968313645,-111.588765547093,32.206405862999));
#5437=CARTESIAN_POINT('Ctrl Pts',(40.8278167651103,-111.589888364729,32.3374380590795));
#5438=CARTESIAN_POINT('Ctrl Pts',(40.9438930741327,-111.568975911367,32.4929020387339));
#5439=CARTESIAN_POINT('Ctrl Pts',(41.3328413138127,-111.544409525724,32.1234576908667));
#5440=CARTESIAN_POINT('Ctrl Pts',(41.4247687126504,-111.589324371619,32.2002681161992));
#5441=CARTESIAN_POINT('Ctrl Pts',(41.5203101059974,-111.632785322764,32.3361633800044));
#5442=CARTESIAN_POINT('Ctrl Pts',(41.6062945159717,-111.642927243993,32.5054622950973));
#5443=CARTESIAN_POINT('Ctrl Pts',(42.4945129813305,-112.142976670098,31.9906958506161));
#5444=CARTESIAN_POINT('Ctrl Pts',(42.5221116756025,-112.226993291788,32.1505303936589));
#5445=CARTESIAN_POINT('Ctrl Pts',(42.549599024953,-112.284663747727,32.3719679945898));
#5446=CARTESIAN_POINT('Ctrl Pts',(42.5736861358631,-112.29139300738,32.6156008949283));
#5447=CARTESIAN_POINT('Ctrl Pts',(42.8840183343474,-113.01755747326,31.796714343333));
#5448=CARTESIAN_POINT('Ctrl Pts',(42.8833463152551,-113.10160994194,32.0903942318873));
#5449=CARTESIAN_POINT('Ctrl Pts',(42.8845033701629,-113.123411050099,32.4226545219246));
#5450=CARTESIAN_POINT('Ctrl Pts',(42.8840183343474,-113.086198989737,32.7505946339607));
#5451=CARTESIAN_POINT('Ctrl Pts',(42.8840183343474,-113.546553350005,31.6793833692864));
#5452=CARTESIAN_POINT('Ctrl Pts',(42.8840183343474,-113.629761653098,32.0545345141959));
#5453=CARTESIAN_POINT('Ctrl Pts',(42.8840183343474,-113.629940973355,32.4531940457554));
#5454=CARTESIAN_POINT('Ctrl Pts',(42.8840183343474,-113.56559959397,32.8320183794991));
#5455=CARTESIAN_POINT('',(40.2441037716466,-111.696646206716,32.0896916846432));
#5456=CARTESIAN_POINT('Origin',(40.8840183343474,-113.546553350005,31.6793833692864));
#5457=CARTESIAN_POINT('Ctrl Pts',(40.2441037716466,-111.696646206716,32.0896916846432));
#5458=CARTESIAN_POINT('Ctrl Pts',(40.3648238098806,-111.680133584119,32.2035175327443));
#5459=CARTESIAN_POINT('Ctrl Pts',(40.4971772444316,-111.654117695053,32.3434731784643));
#5460=CARTESIAN_POINT('Ctrl Pts',(40.6224989991977,-111.610766753797,32.4999999999981));
#5461=CARTESIAN_POINT('Ctrl Pts',(-40.6224989991992,-111.610766753797,32.5));
#5462=CARTESIAN_POINT('Ctrl Pts',(-40.4971772141916,-111.654117705514,32.3434731406943));
#5463=CARTESIAN_POINT('Ctrl Pts',(-40.3648238018438,-111.680133585218,32.2035175251665));
#5464=CARTESIAN_POINT('Ctrl Pts',(-40.2441037716462,-111.696646206716,32.0896916846429));
#5465=CARTESIAN_POINT('Ctrl Pts',(-40.9438930741327,-111.568975911368,32.4929020387338));
#5466=CARTESIAN_POINT('Ctrl Pts',(-40.8278167371001,-111.589888369776,32.3374380215647));
#5467=CARTESIAN_POINT('Ctrl Pts',(-40.7029683058807,-111.588765546763,32.2064058568945));
#5468=CARTESIAN_POINT('Ctrl Pts',(-40.5863488134666,-111.583808818337,32.114718950959));
#5469=CARTESIAN_POINT('Ctrl Pts',(-41.6062945159716,-111.642927243994,32.5054622950973));
#5470=CARTESIAN_POINT('Ctrl Pts',(-41.5203100852486,-111.632785320317,32.3361633391513));
#5471=CARTESIAN_POINT('Ctrl Pts',(-41.42476870653,-111.589324368629,32.2002681110852));
#5472=CARTESIAN_POINT('Ctrl Pts',(-41.3328413138123,-111.544409525724,32.1234576908664));
#5473=CARTESIAN_POINT('Ctrl Pts',(-42.5736861358628,-112.29139300738,32.6156008949284));
#5474=CARTESIAN_POINT('Ctrl Pts',(-42.5495990191403,-112.284663746103,32.3719679357996));
#5475=CARTESIAN_POINT('Ctrl Pts',(-42.5221116737648,-112.226993286195,32.1505303830177));
#5476=CARTESIAN_POINT('Ctrl Pts',(-42.4945129813301,-112.142976670098,31.9906958506157));
#5477=CARTESIAN_POINT('Ctrl Pts',(-42.8840183343471,-113.086198989737,32.7505946339609));
#5478=CARTESIAN_POINT('Ctrl Pts',(-42.8845033702796,-113.123411059079,32.422654442791));
#5479=CARTESIAN_POINT('Ctrl Pts',(-42.8833463152995,-113.101609936344,32.0903942123358));
#5480=CARTESIAN_POINT('Ctrl Pts',(-42.8840183343471,-113.01755747326,31.7967143433325));
#5481=CARTESIAN_POINT('Ctrl Pts',(-42.8840183343471,-113.56559959397,32.8320183794994));
#5482=CARTESIAN_POINT('Ctrl Pts',(-42.8840183343471,-113.629940988881,32.4531939543433));
#5483=CARTESIAN_POINT('Ctrl Pts',(-42.8840183343471,-113.629761647559,32.0545344892206));
#5484=CARTESIAN_POINT('Ctrl Pts',(-42.8840183343471,-113.546553350005,31.6793833692858));
#5485=CARTESIAN_POINT('',(-40.2441037716463,-111.696646206716,32.0896916846429));
#5486=CARTESIAN_POINT('Origin',(-40.8840183343471,-113.546553350005,31.6793833692858));
#5487=CARTESIAN_POINT('Ctrl Pts',(-40.6224989991992,-111.610766753797,32.5));
#5488=CARTESIAN_POINT('Ctrl Pts',(-40.4971772141916,-111.654117705514,32.3434731406943));
#5489=CARTESIAN_POINT('Ctrl Pts',(-40.3648238018438,-111.680133585218,32.2035175251665));
#5490=CARTESIAN_POINT('Ctrl Pts',(-40.2441037716462,-111.696646206716,32.0896916846429));
#5491=CARTESIAN_POINT('Ctrl Pts',(40.6639782121697,-110.192362014169,30.6166649520153));
#5492=CARTESIAN_POINT('Ctrl Pts',(40.5764993124056,-110.505772675539,30.7123004481981));
#5493=CARTESIAN_POINT('Ctrl Pts',(40.3858077969682,-111.188963183558,31.0716870684248));
#5494=CARTESIAN_POINT('Ctrl Pts',(40.2706475850702,-111.601547684183,31.7023301386023));
#5495=CARTESIAN_POINT('Ctrl Pts',(40.2441037716466,-111.696646206716,32.0896916846431));
#5496=CARTESIAN_POINT('Ctrl Pts',(40.982232418986,-110.181089136159,30.6500408210497));
#5497=CARTESIAN_POINT('Ctrl Pts',(40.9015283135982,-110.485125367127,30.758306359133));
#5498=CARTESIAN_POINT('Ctrl Pts',(40.7230859188506,-111.132112597905,31.14105846482));
#5499=CARTESIAN_POINT('Ctrl Pts',(40.611991004271,-111.499479571676,31.7497601659818));
#5500=CARTESIAN_POINT('Ctrl Pts',(40.586348813467,-111.583808818337,32.1147189509593));
#5501=CARTESIAN_POINT('Ctrl Pts',(41.6346490959903,-110.208523703059,30.5688146682372));
#5502=CARTESIAN_POINT('Ctrl Pts',(41.5752254116065,-110.516503786153,30.7018791721447));
#5503=CARTESIAN_POINT('Ctrl Pts',(41.4408091708295,-111.148735388859,31.1439983640625));
#5504=CARTESIAN_POINT('Ctrl Pts',(41.3530547202879,-111.470959207106,31.7646656977915));
#5505=CARTESIAN_POINT('Ctrl Pts',(41.3328418065169,-111.544409211363,32.1234577605917));
#5506=CARTESIAN_POINT('Ctrl Pts',(42.5815938689024,-110.419901454305,29.942983701533));
#5507=CARTESIAN_POINT('Ctrl Pts',(42.5650627405351,-110.811164269633,30.110017160558));
#5508=CARTESIAN_POINT('Ctrl Pts',(42.5267900012531,-111.622137355176,30.6772638130131));
#5509=CARTESIAN_POINT('Ctrl Pts',(42.5005824313547,-112.046205927992,31.5062547777348));
#5510=CARTESIAN_POINT('Ctrl Pts',(42.4945140552823,-112.14297617743,31.9906959598895));
#5511=CARTESIAN_POINT('Ctrl Pts',(42.8840183343474,-110.674775450325,29.1883724031549));
#5512=CARTESIAN_POINT('Ctrl Pts',(42.8843439715475,-111.175058174646,29.3707338987773));
#5513=CARTESIAN_POINT('Ctrl Pts',(42.8844752150847,-112.24991522693,30.0330928962062));
#5514=CARTESIAN_POINT('Ctrl Pts',(42.8838705713939,-112.874203359253,31.1316404204841));
#5515=CARTESIAN_POINT('Ctrl Pts',(42.8840183343474,-113.01755747326,31.796714343333));
#5516=CARTESIAN_POINT('Ctrl Pts',(42.8840183343474,-110.828468484553,28.7333299040305));
#5517=CARTESIAN_POINT('Ctrl Pts',(42.8840183343474,-111.394768908077,28.9246008963962));
#5518=CARTESIAN_POINT('Ctrl Pts',(42.8840183343474,-112.629223002103,29.6433741368496));
#5519=CARTESIAN_POINT('Ctrl Pts',(42.8840183343474,-113.374720224254,30.9046602772047));
#5520=CARTESIAN_POINT('Ctrl Pts',(42.8840183343474,-113.546553350005,31.6793833692864));
#5521=CARTESIAN_POINT('',(41.3986782226864,-111.34227306741,31.3893098394376));
#5522=CARTESIAN_POINT('',(40.3247954090617,-111.407552270736,31.4637809810861));
#5523=CARTESIAN_POINT('Ctrl Pts',(41.3986782226864,-111.34227306741,31.3893098394376));
#5524=CARTESIAN_POINT('Ctrl Pts',(41.3057964422311,-111.374402465979,31.4772118297816));
#5525=CARTESIAN_POINT('Ctrl Pts',(41.1951734559315,-111.404347500321,31.569543224899));
#5526=CARTESIAN_POINT('Ctrl Pts',(41.0041644209353,-111.436745378677,31.6693053687157));
#5527=CARTESIAN_POINT('Ctrl Pts',(40.9351687992093,-111.444169126627,31.6907468898557));
#5528=CARTESIAN_POINT('Ctrl Pts',(40.8101397407375,-111.451986235734,31.7046355138375));
#5529=CARTESIAN_POINT('Ctrl Pts',(40.7520835608604,-111.452988908596,31.6996875876439));
#5530=CARTESIAN_POINT('Ctrl Pts',(40.6272871960992,-111.449824176711,31.6666301995088));
#5531=CARTESIAN_POINT('Ctrl Pts',(40.5639864243432,-111.444832761672,31.6359034652829));
#5532=CARTESIAN_POINT('Ctrl Pts',(40.4418613327724,-111.430122864668,31.5604926293932));
#5533=CARTESIAN_POINT('Ctrl Pts',(40.3807436183712,-111.419571192725,31.5127260128462));
#5534=CARTESIAN_POINT('Ctrl Pts',(40.3247954090071,-111.407552270917,31.4637809814612));
#5535=CARTESIAN_POINT('Ctrl Pts',(40.3251251058245,-111.406371066102,31.464683431456));
#5536=CARTESIAN_POINT('Ctrl Pts',(40.2871524398521,-111.5424157396,31.6566229044858));
#5537=CARTESIAN_POINT('Ctrl Pts',(40.2592425580237,-111.642408475519,31.868766996745));
#5538=CARTESIAN_POINT('Ctrl Pts',(40.2441037716466,-111.696646206716,32.0896916846431));
#5539=CARTESIAN_POINT('Ctrl Pts',(42.8840183343475,-110.828468484589,28.7333299040427));
#5540=CARTESIAN_POINT('Ctrl Pts',(42.8840183343475,-110.828468484589,29.0223631974792));
#5541=CARTESIAN_POINT('Ctrl Pts',(42.8280817769685,-110.847817897766,29.3064078188106));
#5542=CARTESIAN_POINT('Ctrl Pts',(42.5872475674228,-110.931126575417,29.9751664229467));
#5543=CARTESIAN_POINT('Ctrl Pts',(42.3661238899869,-111.007617042445,30.3132934150159));
#5544=CARTESIAN_POINT('Ctrl Pts',(41.9258126045456,-111.159928256928,30.872583960242));
#5545=CARTESIAN_POINT('Ctrl Pts',(41.6679136785163,-111.249139912264,31.1345092496708));
#5546=CARTESIAN_POINT('Ctrl Pts',(41.3986782226864,-111.34227306741,31.3893098394377));
#5547=CARTESIAN_POINT('Ctrl Pts',(-42.884018334347,-110.828468484127,28.7333299038865));
#5548=CARTESIAN_POINT('Ctrl Pts',(-42.884018334347,-111.585892224137,28.9891538170006));
#5549=CARTESIAN_POINT('Ctrl Pts',(-42.8840183343471,-112.786241318926,29.8076415816016));
#5550=CARTESIAN_POINT('Ctrl Pts',(-42.884018334347,-113.417743063564,31.0986321144425));
#5551=CARTESIAN_POINT('Ctrl Pts',(-42.884018334347,-113.546553350005,31.6793833692858));
#5552=CARTESIAN_POINT('Ctrl Pts',(-42.884018334347,-110.726006461341,29.036691569974));
#5553=CARTESIAN_POINT('Ctrl Pts',(-42.8840618977151,-111.424662742335,29.2845197777554));
#5554=CARTESIAN_POINT('Ctrl Pts',(-42.8840228335238,-112.516987486963,30.0553390461865));
#5555=CARTESIAN_POINT('Ctrl Pts',(-42.8840083864311,-113.079259800048,31.2315311922599));
#5556=CARTESIAN_POINT('Ctrl Pts',(-42.884018334347,-113.193889432175,31.7576040186502));
#5557=CARTESIAN_POINT('Ctrl Pts',(-42.727025728733,-110.521521579319,29.6421146605346));
#5558=CARTESIAN_POINT('Ctrl Pts',(-42.715844140772,-111.102865396553,29.8738666106437));
#5559=CARTESIAN_POINT('Ctrl Pts',(-42.6967582381712,-111.980007715045,30.5494537519787));
#5560=CARTESIAN_POINT('Ctrl Pts',(-42.6856789923303,-112.404450380566,31.4965835165453));
#5561=CARTESIAN_POINT('Ctrl Pts',(-42.6834080760644,-112.490811880913,31.9135462056246));
#5562=CARTESIAN_POINT('Ctrl Pts',(-41.9662887325119,-110.243598523938,30.4649678390336));
#5563=CARTESIAN_POINT('Ctrl Pts',(-41.9050650804191,-110.671270164077,30.6586091199299));
#5564=CARTESIAN_POINT('Ctrl Pts',(-41.8016725172106,-111.283824815274,31.1799180424542));
#5565=CARTESIAN_POINT('Ctrl Pts',(-41.7428362312051,-111.553114135075,31.8299446652529));
#5566=CARTESIAN_POINT('Ctrl Pts',(-41.7308392930025,-111.607834844506,32.1093899924987));
#5567=CARTESIAN_POINT('Ctrl Pts',(-41.141359522452,-110.175452696929,30.6667287554807));
#5568=CARTESIAN_POINT('Ctrl Pts',(-41.0378723285616,-110.575247685901,30.8202064438626));
#5569=CARTESIAN_POINT('Ctrl Pts',(-40.8689370890093,-111.177710104089,31.2595946012269));
#5570=CARTESIAN_POINT('Ctrl Pts',(-40.7763970448741,-111.468458371567,31.8626965440717));
#5571=CARTESIAN_POINT('Ctrl Pts',(-40.7574713343768,-111.527390124147,32.1272325841171));
#5572=CARTESIAN_POINT('Ctrl Pts',(-40.6639782122351,-110.192362013933,30.6166649519433));
#5573=CARTESIAN_POINT('Ctrl Pts',(-40.5469756590338,-110.611547070897,30.7445769085003));
#5574=CARTESIAN_POINT('Ctrl Pts',(-40.3615524917837,-111.275862667433,31.1538207908008));
#5575=CARTESIAN_POINT('Ctrl Pts',(-40.2640016591774,-111.625358043424,31.7993160572209));
#5576=CARTESIAN_POINT('Ctrl Pts',(-40.2441037716462,-111.696646206716,32.0896916846429));
#5577=CARTESIAN_POINT('Ctrl Pts',(-40.2441037716462,-111.696646206716,32.0896916846429));
#5578=CARTESIAN_POINT('Ctrl Pts',(-40.2592326260488,-111.642444058805,31.8689119369216));
#5579=CARTESIAN_POINT('Ctrl Pts',(-40.2870272864848,-111.542864126578,31.6560721882399));
#5580=CARTESIAN_POINT('Ctrl Pts',(-40.3249517039449,-111.40699231303,31.4642084175405));
#5581=CARTESIAN_POINT('Origin',(1.95399252334028E-13,-122.664234242294,
50.));
#5582=CARTESIAN_POINT('',(21.4420091671738,-115.176457527235,50.));
#5583=CARTESIAN_POINT('',(-21.4420091671734,-115.176457527235,50.));
#5584=CARTESIAN_POINT('Origin',(38.6494950909964,-112.293262595658,30.5));
#5585=CARTESIAN_POINT('',(34.3775010008008,-113.771018514384,32.5));
#5586=CARTESIAN_POINT('Origin',(37.5,-112.69089263409,35.));
#5587=CARTESIAN_POINT('',(20.5801858297107,-118.543746127325,32.5));
#5588=CARTESIAN_POINT('',(20.3269440093962,-118.631346810036,32.5));
#5589=CARTESIAN_POINT('',(20.5801858297107,-118.543746127325,27.5));
#5590=CARTESIAN_POINT('',(20.5801858297107,-118.543746127325,30.5));
#5591=CARTESIAN_POINT('',(6.53821561522704,-123.401104109782,27.5));
#5592=CARTESIAN_POINT('',(20.3269440093962,-118.631346810036,27.5));
#5593=CARTESIAN_POINT('',(6.53821561522704,-123.401104109782,30.5));
#5594=CARTESIAN_POINT('Origin',(-19.9263642681846,-116.653635716348,30.5));
#5595=CARTESIAN_POINT('',(-20.5801858297073,-118.543746127326,27.5));
#5596=CARTESIAN_POINT('',(-21.5001485317102,-117.887816858595,27.5));
#5597=CARTESIAN_POINT('Origin',(-19.9263642681846,-116.653635716348,27.5));
#5598=CARTESIAN_POINT('',(-21.5001485326897,-117.887816857346,31.4161541075834));
#5599=CARTESIAN_POINT('',(-21.5001485317102,-117.887816858595,30.5));
#5600=CARTESIAN_POINT('',(-20.5801858297073,-118.543746127326,32.5));
#5601=CARTESIAN_POINT('Origin',(-19.9263642681846,-116.653635716348,32.5));
#5602=CARTESIAN_POINT('',(-20.5801858297073,-118.543746127326,30.5));
#5603=CARTESIAN_POINT('Ctrl Pts',(-9.62318936280997,-124.450237342874,25.5));
#5604=CARTESIAN_POINT('Ctrl Pts',(-11.5903590398943,-123.706534860277,25.5000000000109));
#5605=CARTESIAN_POINT('Ctrl Pts',(-14.7746136201803,-122.268903973591,25.4841260472418));
#5606=CARTESIAN_POINT('Ctrl Pts',(-18.1932837793303,-120.235759997728,25.8053350643678));
#5607=CARTESIAN_POINT('Ctrl Pts',(-19.8261782240225,-119.101740607419,26.4121010519507));
#5608=CARTESIAN_POINT('Ctrl Pts',(-20.4544935180137,-118.638818739308,26.9757873934548));
#5609=CARTESIAN_POINT('Ctrl Pts',(-20.5801858297073,-118.543746127326,27.3244648552497));
#5610=CARTESIAN_POINT('Ctrl Pts',(-20.5801858297073,-118.543746127326,27.5));
#5611=CARTESIAN_POINT('Ctrl Pts',(-9.85059265014743,-125.003743106281,25.4999999998913));
#5612=CARTESIAN_POINT('Ctrl Pts',(-11.8596411223244,-124.230486701988,25.4815962673997));
#5613=CARTESIAN_POINT('Ctrl Pts',(-15.0864211937975,-122.701511221544,25.3654118207282));
#5614=CARTESIAN_POINT('Ctrl Pts',(-18.4666708300687,-120.42797032353,25.5845245092568));
#5615=CARTESIAN_POINT('Ctrl Pts',(-20.0569731575456,-119.121840622574,26.2398699100121));
#5616=CARTESIAN_POINT('Ctrl Pts',(-20.6650088998195,-118.583416192306,26.8870355927534));
#5617=CARTESIAN_POINT('Ctrl Pts',(-20.786378327186,-118.472420611159,27.2947762124184));
#5618=CARTESIAN_POINT('Ctrl Pts',(-20.786378327186,-118.472420611159,27.5));
#5619=CARTESIAN_POINT('Ctrl Pts',(-10.2442882097344,-125.962008766412,24.9978649632177));
#5620=CARTESIAN_POINT('Ctrl Pts',(-12.3207297812088,-125.124624089484,24.9694763604114));
#5621=CARTESIAN_POINT('Ctrl Pts',(-15.5946178478486,-123.358074263492,24.7883332748812));
#5622=CARTESIAN_POINT('Ctrl Pts',(-18.9020406016027,-120.641716785187,25.0518139047278));
#5623=CARTESIAN_POINT('Ctrl Pts',(-20.4307791858113,-119.070658381275,25.8874477232058));
#5624=CARTESIAN_POINT('Ctrl Pts',(-21.0110451730113,-118.421967151954,26.7156521383497));
#5625=CARTESIAN_POINT('Ctrl Pts',(-21.1265261918118,-118.288014104378,27.2372697383166));
#5626=CARTESIAN_POINT('Ctrl Pts',(-21.1265261918118,-118.288014104378,27.5));
#5627=CARTESIAN_POINT('Ctrl Pts',(-10.3832288651318,-126.300194086545,23.9487989504609));
#5628=CARTESIAN_POINT('Ctrl Pts',(-12.4840482445522,-125.436926360135,23.940367985246));
#5629=CARTESIAN_POINT('Ctrl Pts',(-15.7945121085922,-123.565913285708,23.8639071881177));
#5630=CARTESIAN_POINT('Ctrl Pts',(-19.1507377475509,-120.60561561276,24.3930450588228));
#5631=CARTESIAN_POINT('Ctrl Pts',(-20.6968887328914,-118.879425810655,25.4931823710857));
#5632=CARTESIAN_POINT('Ctrl Pts',(-21.2827247635286,-118.16430165675,26.530817791702));
#5633=CARTESIAN_POINT('Ctrl Pts',(-21.3991707433559,-118.016580172859,27.1754298553937));
#5634=CARTESIAN_POINT('Ctrl Pts',(-21.3991707433559,-118.016580172859,27.5));
#5635=CARTESIAN_POINT('Ctrl Pts',(-10.3832288651361,-126.300194086544,23.5));
#5636=CARTESIAN_POINT('Ctrl Pts',(-12.4846896483904,-125.436826219549,23.5000000000218));
#5637=CARTESIAN_POINT('Ctrl Pts',(-15.8083836567281,-123.561721053092,23.4682520944837));
#5638=CARTESIAN_POINT('Ctrl Pts',(-19.2135241580825,-120.548334167829,24.1106701287356));
#5639=CARTESIAN_POINT('Ctrl Pts',(-20.7856509896409,-118.77625549373,25.3242021039016));
#5640=CARTESIAN_POINT('Ctrl Pts',(-21.3817277051574,-118.040117335625,26.4515747869098));
#5641=CARTESIAN_POINT('Ctrl Pts',(-21.5001485317102,-117.887816858595,27.1489297104994));
#5642=CARTESIAN_POINT('Ctrl Pts',(-21.5001485317102,-117.887816858595,27.5));
#5643=CARTESIAN_POINT('Ctrl Pts',(-20.8029432216237,-118.741061907813,25.5002671512));
#5644=CARTESIAN_POINT('Ctrl Pts',(-20.8394059961756,-118.698283164384,25.5462004687983));
#5645=CARTESIAN_POINT('Ctrl Pts',(-21.054142132206,-118.444676403303,25.8320051632701));
#5646=CARTESIAN_POINT('Ctrl Pts',(-21.3817277051574,-118.040117335625,26.4515747869098));
#5647=CARTESIAN_POINT('Ctrl Pts',(-21.5001485317102,-117.887816858595,27.1489297104994));
#5648=CARTESIAN_POINT('Ctrl Pts',(-21.5001485317102,-117.887816858595,27.5));
#5649=CARTESIAN_POINT('Ctrl Pts',(-20.5801858297073,-118.543746127326,27.5));
#5650=CARTESIAN_POINT('Ctrl Pts',(-20.5801858297073,-118.543746127326,27.3244648552497));
#5651=CARTESIAN_POINT('Ctrl Pts',(-20.4544935180137,-118.638818739308,26.9757873934548));
#5652=CARTESIAN_POINT('Ctrl Pts',(-19.8261782240225,-119.101740607419,26.4121010519507));
#5653=CARTESIAN_POINT('Ctrl Pts',(-18.1932837793303,-120.235759997728,25.8053350643678));
#5654=CARTESIAN_POINT('Ctrl Pts',(-14.7746136201803,-122.268903973591,25.4841260472418));
#5655=CARTESIAN_POINT('Ctrl Pts',(-11.5903590398943,-123.706534860277,25.5000000000109));
#5656=CARTESIAN_POINT('Ctrl Pts',(-9.62318936280997,-124.450237342874,25.5));
#5657=CARTESIAN_POINT('Origin',(-23.0980271925941,-119.78906016548,27.5));
#5658=CARTESIAN_POINT('',(-6.53821561522703,-123.401104109782,27.5));
#5659=CARTESIAN_POINT('',(-22.4442056310713,-117.898949754501,27.5));
#5660=CARTESIAN_POINT('Origin',(-7.19203717674973,-125.29121452076,27.5));
#5661=CARTESIAN_POINT('Origin',(-42.8840183343471,-110.828468484589,30.5));
#5662=CARTESIAN_POINT('',(-6.53821561522703,-123.401104109782,30.5));
#5663=CARTESIAN_POINT('',(-34.3775010008008,-113.771018514384,32.5));
#5664=CARTESIAN_POINT('',(-22.4442056310713,-117.898949754501,32.5));
#5665=CARTESIAN_POINT('Origin',(-37.5,-112.69089263409,35.));
#5666=CARTESIAN_POINT('',(-32.0823387433181,-114.564954446602,40.5));
#5667=CARTESIAN_POINT('Origin',(19.926364268188,-116.653635716347,30.5));
#5668=CARTESIAN_POINT('',(21.5001485317136,-117.887816858594,27.5));
#5669=CARTESIAN_POINT('Origin',(19.926364268188,-116.653635716347,27.5));
#5670=CARTESIAN_POINT('',(21.5001485326931,-117.887816857345,31.4161541075833));
#5671=CARTESIAN_POINT('Origin',(19.926364268188,-116.653635716347,32.5));
#5672=CARTESIAN_POINT('',(21.5001485317136,-117.887816858594,30.5));
#5673=CARTESIAN_POINT('Ctrl Pts',(20.5801858297107,-118.543746127325,27.5));
#5674=CARTESIAN_POINT('Ctrl Pts',(20.5801858297107,-118.543746127325,27.3244648540729));
#5675=CARTESIAN_POINT('Ctrl Pts',(20.4548666647751,-118.63851652871,26.9753607324709));
#5676=CARTESIAN_POINT('Ctrl Pts',(19.8244157019327,-119.103226068778,26.4132052716176));
#5677=CARTESIAN_POINT('Ctrl Pts',(18.6667659568296,-119.905858358752,25.9755990071696));
#5678=CARTESIAN_POINT('Ctrl Pts',(16.5109982584055,-121.253401811284,25.6132002308001));
#5679=CARTESIAN_POINT('Ctrl Pts',(13.506221193629,-122.857851330509,25.4988718641943));
#5680=CARTESIAN_POINT('Ctrl Pts',(10.9346357541706,-123.954435710509,25.5000000000071));
#5681=CARTESIAN_POINT('Ctrl Pts',(9.62318936264159,-124.450237342938,25.5));
#5682=CARTESIAN_POINT('Ctrl Pts',(20.7863783271895,-118.472420611158,27.5));
#5683=CARTESIAN_POINT('Ctrl Pts',(20.7863783271895,-118.472420611158,27.2947762110427));
#5684=CARTESIAN_POINT('Ctrl Pts',(20.6653932902474,-118.583038340793,26.8865844990754));
#5685=CARTESIAN_POINT('Ctrl Pts',(20.0552456209337,-119.123550148188,26.2409562557167));
#5686=CARTESIAN_POINT('Ctrl Pts',(18.9277419369251,-120.047548381221,25.7682177266412));
#5687=CARTESIAN_POINT('Ctrl Pts',(16.8059318455444,-121.570186323466,25.435015363094));
#5688=CARTESIAN_POINT('Ctrl Pts',(13.8039362022895,-123.329183495443,25.4280394550917));
#5689=CARTESIAN_POINT('Ctrl Pts',(11.189958236959,-124.488238860356,25.48773084546));
#5690=CARTESIAN_POINT('Ctrl Pts',(9.85059264997546,-125.003743106348,25.4999999998929));
#5691=CARTESIAN_POINT('Ctrl Pts',(21.1265261918152,-118.288014104377,27.5));
#5692=CARTESIAN_POINT('Ctrl Pts',(21.1265261918152,-118.288014104377,27.2372697365554));
#5693=CARTESIAN_POINT('Ctrl Pts',(21.0114535702318,-118.421501302879,26.7150013419417));
#5694=CARTESIAN_POINT('Ctrl Pts',(20.429183706879,-119.072840419232,25.889189625376));
#5695=CARTESIAN_POINT('Ctrl Pts',(19.345412216499,-120.1842191998,25.2859570037375));
#5696=CARTESIAN_POINT('Ctrl Pts',(17.2799009834021,-122.007228700135,24.8681979834807));
#5697=CARTESIAN_POINT('Ctrl Pts',(14.2996904765835,-124.089263486926,24.8821582063476));
#5698=CARTESIAN_POINT('Ctrl Pts',(11.6285825273556,-125.40375234069,24.9789392288822));
#5699=CARTESIAN_POINT('Ctrl Pts',(10.2442882095567,-125.962008766485,24.9978649632203));
#5700=CARTESIAN_POINT('Ctrl Pts',(21.3991707433594,-118.016580172858,27.5));
#5701=CARTESIAN_POINT('Ctrl Pts',(21.3991707433594,-118.016580172858,27.175429853218));
#5702=CARTESIAN_POINT('Ctrl Pts',(21.2831003756703,-118.163840341101,26.5300186738722));
#5703=CARTESIAN_POINT('Ctrl Pts',(20.6952674713168,-118.881716572794,25.4952774268551));
#5704=CARTESIAN_POINT('Ctrl Pts',(19.598883587904,-120.103091898941,24.7016314161951));
#5705=CARTESIAN_POINT('Ctrl Pts',(17.5051895423181,-122.095037659819,24.0688213260497));
#5706=CARTESIAN_POINT('Ctrl Pts',(14.4835259672008,-124.344017805386,23.9126059503411));
#5707=CARTESIAN_POINT('Ctrl Pts',(11.7837750539733,-125.724682295294,23.9431783072421));
#5708=CARTESIAN_POINT('Ctrl Pts',(10.3832288649519,-126.30019408662,23.9487989504617));
#5709=CARTESIAN_POINT('Ctrl Pts',(21.5001485317137,-117.887816858594,27.5));
#5710=CARTESIAN_POINT('Ctrl Pts',(21.5001485317137,-117.887816858594,27.1489297081461));
#5711=CARTESIAN_POINT('Ctrl Pts',(21.3820726093358,-118.039624413829,26.450721464942));
#5712=CARTESIAN_POINT('Ctrl Pts',(20.7840412026466,-118.778702233573,25.3264105432352));
#5713=CARTESIAN_POINT('Ctrl Pts',(19.6690272567323,-120.03229606463,24.4511980143393));
#5714=CARTESIAN_POINT('Ctrl Pts',(17.5436155859204,-122.066229845403,23.7264004616003));
#5715=CARTESIAN_POINT('Ctrl Pts',(14.4898789224252,-124.341915615641,23.4977437283887));
#5716=CARTESIAN_POINT('Ctrl Pts',(11.7842026565138,-125.724615534905,23.5000000000143));
#5717=CARTESIAN_POINT('Ctrl Pts',(10.3832288649562,-126.300194086619,23.5));
#5718=CARTESIAN_POINT('Ctrl Pts',(9.62318936264159,-124.450237342938,25.5));
#5719=CARTESIAN_POINT('Ctrl Pts',(10.9346357541706,-123.954435710509,25.5000000000071));
#5720=CARTESIAN_POINT('Ctrl Pts',(13.506221193629,-122.857851330509,25.4988718641943));
#5721=CARTESIAN_POINT('Ctrl Pts',(16.5109982584055,-121.253401811284,25.6132002308001));
#5722=CARTESIAN_POINT('Ctrl Pts',(18.6667659568296,-119.905858358752,25.9755990071696));
#5723=CARTESIAN_POINT('Ctrl Pts',(19.8244157019327,-119.103226068778,26.4132052716176));
#5724=CARTESIAN_POINT('Ctrl Pts',(20.4548666647751,-118.63851652871,26.9753607324709));
#5725=CARTESIAN_POINT('Ctrl Pts',(20.5801858297107,-118.543746127325,27.3244648540729));
#5726=CARTESIAN_POINT('Ctrl Pts',(20.5801858297107,-118.543746127325,27.5));
#5727=CARTESIAN_POINT('Ctrl Pts',(21.5001485317137,-117.887816858594,27.5));
#5728=CARTESIAN_POINT('Ctrl Pts',(21.5001485317137,-117.887816858594,27.1489297081461));
#5729=CARTESIAN_POINT('Ctrl Pts',(21.3820726093358,-118.039624413829,26.450721464942));
#5730=CARTESIAN_POINT('Ctrl Pts',(21.0534124493713,-118.445799460401,25.832833836893));
#5731=CARTESIAN_POINT('Ctrl Pts',(20.8390836120066,-118.698770054253,25.5467750697412));
#5732=CARTESIAN_POINT('Ctrl Pts',(20.8027092228097,-118.741411290175,25.500774839837));
#5733=CARTESIAN_POINT('Origin',(1.48325796089921E-12,-101.027133670728,
30.5));
#5734=CARTESIAN_POINT('',(23.1509941306021,-115.538181021356,30.5));
#5735=CARTESIAN_POINT('Ctrl Pts',(23.1509941306021,-115.538181021356,30.5));
#5736=CARTESIAN_POINT('Ctrl Pts',(22.9166840975193,-115.912000365306,30.5));
#5737=CARTESIAN_POINT('Ctrl Pts',(22.6527836798776,-116.311137059535,30.5594605903359));
#5738=CARTESIAN_POINT('Ctrl Pts',(22.1270626405537,-117.062796009829,30.807546368542));
#5739=CARTESIAN_POINT('Ctrl Pts',(21.8650672149517,-117.415884832053,30.9940797621323));
#5740=CARTESIAN_POINT('Ctrl Pts',(21.594581376361,-117.766881770285,31.2946659992515));
#5741=CARTESIAN_POINT('Ctrl Pts',(21.546601080535,-117.82858220669,31.3528894410216));
#5742=CARTESIAN_POINT('Ctrl Pts',(21.5001485330986,-117.887816856828,31.4161541083651));
#5743=CARTESIAN_POINT('',(25.8295735753409,-109.9362387528,30.5));
#5744=CARTESIAN_POINT('Origin',(1.48325796089921E-12,-101.027133670728,
30.5));
#5745=CARTESIAN_POINT('',(25.8295735753409,-109.9362387528,30.5));
#5746=CARTESIAN_POINT('Origin',(-21.7903840695486,-116.008839343523,32.5));
#5747=CARTESIAN_POINT('',(-38.7063544241409,-111.752985988644,31.1862473868749));
#5748=CARTESIAN_POINT('Ctrl Pts',(-40.2441037716462,-111.696646206716,32.0896916846429));
#5749=CARTESIAN_POINT('Ctrl Pts',(-39.8955784192715,-111.744319051205,31.7610702362145));
#5750=CARTESIAN_POINT('Ctrl Pts',(-39.465154941457,-111.732384304136,31.4804001776294));
#5751=CARTESIAN_POINT('Ctrl Pts',(-38.904848813227,-111.744327683069,31.2533406827839));
#5752=CARTESIAN_POINT('Ctrl Pts',(-38.8059944215542,-111.747573219603,31.2177652012855));
#5753=CARTESIAN_POINT('Ctrl Pts',(-38.7063544243604,-111.75298598638,31.1862473857333));
#5754=CARTESIAN_POINT('',(-37.5,-111.974400792625,31.));
#5755=CARTESIAN_POINT('Ctrl Pts',(-38.7063544243604,-111.75298598638,31.1862473857333));
#5756=CARTESIAN_POINT('Ctrl Pts',(-38.3027308086737,-111.774912126073,31.0585744127307));
#5757=CARTESIAN_POINT('Ctrl Pts',(-37.8858390942007,-111.840932441992,31.));
#5758=CARTESIAN_POINT('Ctrl Pts',(-37.5,-111.974400792625,31.));
#5759=CARTESIAN_POINT('Ctrl Pts',(-37.5,-111.974400792625,31.));
#5760=CARTESIAN_POINT('Ctrl Pts',(-36.9604967575035,-112.161024203832,31.));
#5761=CARTESIAN_POINT('Ctrl Pts',(-36.451903857225,-112.476378707555,31.1061277168069));
#5762=CARTESIAN_POINT('Ctrl Pts',(-35.5072767830788,-113.111119579411,31.4943170518409));
#5763=CARTESIAN_POINT('Ctrl Pts',(-35.0707625008142,-113.429064786898,31.777564462012));
#5764=CARTESIAN_POINT('Ctrl Pts',(-34.5867983604093,-113.685571552623,32.2550945444188));
#5765=CARTESIAN_POINT('Ctrl Pts',(-34.4795512019381,-113.735717602081,32.3725393396322));
#5766=CARTESIAN_POINT('Ctrl Pts',(-34.3775010008008,-113.771018514384,32.5));
#5767=CARTESIAN_POINT('',(-23.1509941305989,-115.538181021357,30.5));
#5768=CARTESIAN_POINT('Ctrl Pts',(-21.5001485330951,-117.887816856829,31.4161541083652));
#5769=CARTESIAN_POINT('Ctrl Pts',(-21.5466010805316,-117.828582206691,31.3528894410217));
#5770=CARTESIAN_POINT('Ctrl Pts',(-21.5945813763576,-117.766881770286,31.2946659992515));
#5771=CARTESIAN_POINT('Ctrl Pts',(-21.8650672149484,-117.415884832054,30.9940797621323));
#5772=CARTESIAN_POINT('Ctrl Pts',(-22.1270626405503,-117.06279600983,30.807546368542));
#5773=CARTESIAN_POINT('Ctrl Pts',(-22.6527836798744,-116.311137059537,30.5594605903359));
#5774=CARTESIAN_POINT('Ctrl Pts',(-22.9166840975161,-115.912000365307,30.5));
#5775=CARTESIAN_POINT('Ctrl Pts',(-23.1509941305989,-115.538181021357,30.5));
#5776=CARTESIAN_POINT('',(-32.9457708703433,-112.15,30.5));
#5777=CARTESIAN_POINT('',(-21.7903840695486,-116.008839343523,30.5));
#5778=CARTESIAN_POINT('',(-34.0299782133525,-112.15,30.531657309725));
#5779=CARTESIAN_POINT('Origin',(-32.9457708703433,-112.15,32.5));
#5780=CARTESIAN_POINT('',(-34.3005479955521,-111.681359390238,30.5));
#5781=CARTESIAN_POINT('Origin',(-34.3005479955521,-111.681359390238,32.5));
#5782=CARTESIAN_POINT('',(-21.7903840695486,-116.008839343523,30.5));
#5783=CARTESIAN_POINT('Origin',(1.86517468137026E-13,-119.175,30.5));
#5784=CARTESIAN_POINT('',(-25.8295735753382,-109.936238752801,30.5));
#5785=CARTESIAN_POINT('Origin',(1.09690034832965E-12,-101.027133670728,
30.5));
#5786=CARTESIAN_POINT('',(-26.2261786027655,-109.066577417622,30.5));
#5787=CARTESIAN_POINT('Origin',(-30.5563056216879,-111.566577417623,30.5));
#5788=CARTESIAN_POINT('',(-27.7945953061046,-106.349999999999,30.5));
#5789=CARTESIAN_POINT('',(-26.2261786027655,-109.066577417622,30.5));
#5790=CARTESIAN_POINT('',(-32.1247223250267,-103.849999999999,30.5));
#5791=CARTESIAN_POINT('Origin',(-32.1247223250268,-108.85,30.5));
#5792=CARTESIAN_POINT('',(-32.8752776749696,-103.849999999999,30.5));
#5793=CARTESIAN_POINT('',(-32.1247223250267,-103.849999999999,30.5));
#5794=CARTESIAN_POINT('',(-37.2054046938919,-106.349999999999,30.5));
#5795=CARTESIAN_POINT('Origin',(-32.8752776749697,-108.849999999999,30.5));
#5796=CARTESIAN_POINT('',(-38.1523783058807,-107.990206409391,30.5));
#5797=CARTESIAN_POINT('',(-37.2054046938919,-106.349999999999,30.5));
#5798=CARTESIAN_POINT('Origin',(-33.8222512869585,-110.490206409391,30.5));
#5799=CARTESIAN_POINT('',(-35.5599564267051,-109.5,30.5));
#5800=CARTESIAN_POINT('',(-34.0299782133525,-112.15,30.5));
#5801=CARTESIAN_POINT('',(-34.0299782133525,-106.85,30.5));
#5802=CARTESIAN_POINT('',(-35.5599564267051,-109.5,30.5));
#5803=CARTESIAN_POINT('',(-30.9700217866475,-106.85,30.5));
#5804=CARTESIAN_POINT('',(-34.0299782133525,-106.85,30.5));
#5805=CARTESIAN_POINT('',(-29.440043573295,-109.5,30.5));
#5806=CARTESIAN_POINT('',(-30.9700217866475,-106.85,30.5));
#5807=CARTESIAN_POINT('',(-30.9700217866475,-112.15,30.5));
#5808=CARTESIAN_POINT('',(-29.440043573295,-109.5,30.5));
#5809=CARTESIAN_POINT('',(-30.9700217866475,-112.15,30.5));
#5810=CARTESIAN_POINT('Origin',(-1.94289029309402E-14,-104.5,27.5));
#5811=CARTESIAN_POINT('Origin',(7.19203717674975,-125.29121452076,27.5));
#5812=CARTESIAN_POINT('Origin',(-1.94289029309402E-14,-104.5,27.5));
#5813=CARTESIAN_POINT('Origin',(20.9807655709189,-120.521457221014,27.5));
#5814=CARTESIAN_POINT('Origin',(38.6494950909964,-112.293262595658,30.5));
#5815=CARTESIAN_POINT('',(41.3986782226864,-111.34227306741,30.5));
#5816=CARTESIAN_POINT('Origin',(-1.94289029309402E-14,-104.5,30.5));
#5817=CARTESIAN_POINT('Origin',(40.7448566611637,-109.452162656432,30.5));
#5818=CARTESIAN_POINT('',(38.7669694113914,-109.748746585848,30.5));
#5819=CARTESIAN_POINT('',(38.7669694113914,-109.748746585848,30.5));
#5820=CARTESIAN_POINT('',(38.8547462501856,-110.105984217955,30.5));
#5821=CARTESIAN_POINT('Origin',(40.7448566611637,-109.452162656432,30.5));
#5822=CARTESIAN_POINT('Origin',(40.7448566611637,-109.452162656432,32.5));
#5823=CARTESIAN_POINT('Origin',(19.6731224478735,-116.741236399058,32.5));
#5824=CARTESIAN_POINT('',(34.300547995552,-111.681359390237,30.5));
#5825=CARTESIAN_POINT('',(19.6731224478735,-116.741236399058,30.5));
#5826=CARTESIAN_POINT('',(34.0299782133524,-112.15,30.531657309725));
#5827=CARTESIAN_POINT('Origin',(34.300547995552,-111.681359390237,32.5));
#5828=CARTESIAN_POINT('',(32.9457708703431,-112.15,30.5));
#5829=CARTESIAN_POINT('Origin',(32.9457708703431,-112.15,32.5));
#5830=CARTESIAN_POINT('',(19.6731224478735,-116.741236399058,30.5));
#5831=CARTESIAN_POINT('',(37.5,-111.974400792625,31.));
#5832=CARTESIAN_POINT('Ctrl Pts',(34.3775010008008,-113.771018514384,32.5));
#5833=CARTESIAN_POINT('Ctrl Pts',(34.4795512019381,-113.735717602081,32.3725393396322));
#5834=CARTESIAN_POINT('Ctrl Pts',(34.5867983604094,-113.685571552623,32.2550945444188));
#5835=CARTESIAN_POINT('Ctrl Pts',(35.0707625008142,-113.429064786898,31.777564462012));
#5836=CARTESIAN_POINT('Ctrl Pts',(35.5072767830788,-113.11111957941,31.4943170518409));
#5837=CARTESIAN_POINT('Ctrl Pts',(36.451903857225,-112.476378707555,31.1061277168069));
#5838=CARTESIAN_POINT('Ctrl Pts',(36.9604967575035,-112.161024203832,31.));
#5839=CARTESIAN_POINT('Ctrl Pts',(37.5,-111.974400792625,31.));
#5840=CARTESIAN_POINT('',(38.7063544241427,-111.752985988644,31.1862473868755));
#5841=CARTESIAN_POINT('Ctrl Pts',(37.5,-111.974400792625,31.));
#5842=CARTESIAN_POINT('Ctrl Pts',(37.8858390942012,-111.840932441992,31.));
#5843=CARTESIAN_POINT('Ctrl Pts',(38.3027308086749,-111.774912126073,31.0585744127309));
#5844=CARTESIAN_POINT('Ctrl Pts',(38.7063544243621,-111.75298598638,31.1862473857338));
#5845=CARTESIAN_POINT('Ctrl Pts',(38.7063544243621,-111.75298598638,31.1862473857338));
#5846=CARTESIAN_POINT('Ctrl Pts',(38.8059944215554,-111.747573219603,31.2177652012859));
#5847=CARTESIAN_POINT('Ctrl Pts',(38.9048488132276,-111.744327683068,31.2533406827842));
#5848=CARTESIAN_POINT('Ctrl Pts',(39.4651549414572,-111.732384304136,31.4804001776295));
#5849=CARTESIAN_POINT('Ctrl Pts',(39.8955784192718,-111.744319051204,31.7610702362147));
#5850=CARTESIAN_POINT('Ctrl Pts',(40.2441037716466,-111.696646206716,32.0896916846432));
#5851=CARTESIAN_POINT('Origin',(47.8840183343474,-122.664234242294,45.));
#5852=CARTESIAN_POINT('Origin',(47.8840183343474,-129.7475253391,45.));
#5853=CARTESIAN_POINT('Origin',(21.4420091671738,-115.176457527235,55.));
#5854=CARTESIAN_POINT('',(21.4420091671738,-118.711991433167,51.4644660940673));
#5855=CARTESIAN_POINT('Origin',(42.8840183343474,-129.7475253391,62.5));
#5856=CARTESIAN_POINT('Origin',(-21.4420091671734,-115.176457527235,55.));
#5857=CARTESIAN_POINT('Origin',(-47.884018334347,-134.5,45.));
#5858=CARTESIAN_POINT('Origin',(-59.5,-130.560644004299,58.));
#5859=CARTESIAN_POINT('',(-57.,-130.560644004299,58.));
#5860=CARTESIAN_POINT('',(-59.5,-130.560644004299,60.5));
#5861=CARTESIAN_POINT('Origin',(-57.,-131.373762669533,56.25));
#5862=CARTESIAN_POINT('',(-57.,-132.186881334766,54.5));
#5863=CARTESIAN_POINT('Origin',(-59.5,-132.186881334766,54.5));
#5864=CARTESIAN_POINT('',(-59.5,-132.186881334766,52.));
#5865=CARTESIAN_POINT('Origin',(-62.,-129.747525339066,60.5));
#5866=CARTESIAN_POINT('Origin',(-62.,-133.,52.));
#5867=CARTESIAN_POINT('Origin',(0.,-133.6,51.));
#5868=CARTESIAN_POINT('',(0.,-133.6,51.));
#5869=CARTESIAN_POINT('Origin',(0.,-133.,61.5));
#5870=CARTESIAN_POINT('',(0.,-133.6,61.5));
#5871=CARTESIAN_POINT('Origin',(0.,-133.6,61.5));
#5872=CARTESIAN_POINT('',(0.,-133.6,60.5));
#5873=CARTESIAN_POINT('Origin',(0.,-133.6,60.5));
#5874=CARTESIAN_POINT('Origin',(0.,-133.6,52.));
#5875=CARTESIAN_POINT('Origin',(0.,-129.7475253391,50.));
#5876=CARTESIAN_POINT('',(62.,-129.7475253391,62.5));
#5877=CARTESIAN_POINT('Origin',(62.,-132.12376266955,56.25));
#5878=CARTESIAN_POINT('Origin',(-26.8840183343471,-134.5,40.5));
#5879=CARTESIAN_POINT('Origin',(-37.5,-118.5,35.));
#5880=CARTESIAN_POINT('',(-37.5,-118.5,31.));
#5881=CARTESIAN_POINT('Origin',(-37.5,-118.5,35.));
#5882=CARTESIAN_POINT('',(-37.5,-118.5,32.75));
#5883=CARTESIAN_POINT('Origin',(-37.5,-118.5,35.));
#5884=CARTESIAN_POINT('Origin',(-37.5,-116.5,35.));
#5885=CARTESIAN_POINT('',(-37.5,-116.5,31.));
#5886=CARTESIAN_POINT('Origin',(-37.5,-139.5,35.));
#5887=CARTESIAN_POINT('',(-37.5,-139.5,32.75));
#5888=CARTESIAN_POINT('Origin',(37.5,-118.5,35.));
#5889=CARTESIAN_POINT('',(37.5,-118.5,31.));
#5890=CARTESIAN_POINT('Origin',(37.5,-118.5,35.));
#5891=CARTESIAN_POINT('',(37.5,-118.5,32.75));
#5892=CARTESIAN_POINT('Origin',(37.5,-118.5,35.));
#5893=CARTESIAN_POINT('Origin',(37.5,-116.5,35.));
#5894=CARTESIAN_POINT('',(37.5,-116.5,31.));
#5895=CARTESIAN_POINT('Origin',(37.5,-139.5,35.));
#5896=CARTESIAN_POINT('',(37.5,-139.5,32.75));
#5897=CARTESIAN_POINT('Origin',(-35.5599564267051,-109.5,30.5));
#5898=CARTESIAN_POINT('',(-34.0299782133525,-112.15,30.5));
#5899=CARTESIAN_POINT('',(-35.5599564267051,-109.5,30.5));
#5900=CARTESIAN_POINT('Origin',(-34.0299782133525,-106.85,30.5));
#5901=CARTESIAN_POINT('',(-34.0299782133525,-106.85,30.5));
#5902=CARTESIAN_POINT('Origin',(-30.9700217866475,-106.85,30.5));
#5903=CARTESIAN_POINT('',(-30.9700217866475,-106.85,30.5));
#5904=CARTESIAN_POINT('Origin',(-29.440043573295,-109.5,30.5));
#5905=CARTESIAN_POINT('',(-29.440043573295,-109.5,30.5));
#5906=CARTESIAN_POINT('Origin',(-30.9700217866475,-112.15,30.5));
#5907=CARTESIAN_POINT('',(-30.9700217866475,-112.15,30.5));
#5908=CARTESIAN_POINT('Origin',(-34.0299782133525,-112.15,30.5));
#5909=CARTESIAN_POINT('Origin',(29.440043573295,-109.5,30.5));
#5910=CARTESIAN_POINT('',(29.440043573295,-109.5,30.5));
#5911=CARTESIAN_POINT('',(30.9700217866474,-112.15,30.5));
#5912=CARTESIAN_POINT('',(30.9700217866475,-112.15,30.5));
#5913=CARTESIAN_POINT('',(30.9700217866474,-112.15,30.5));
#5914=CARTESIAN_POINT('',(29.440043573295,-109.5,30.5));
#5915=CARTESIAN_POINT('Origin',(30.9700217866475,-106.85,30.5));
#5916=CARTESIAN_POINT('',(30.9700217866475,-106.85,30.5));
#5917=CARTESIAN_POINT('',(29.440043573295,-109.5,30.5));
#5918=CARTESIAN_POINT('',(30.9700217866475,-106.85,30.5));
#5919=CARTESIAN_POINT('Origin',(34.0299782133525,-106.85,30.5));
#5920=CARTESIAN_POINT('',(34.0299782133525,-106.85,30.5));
#5921=CARTESIAN_POINT('',(30.9700217866475,-106.85,30.5));
#5922=CARTESIAN_POINT('',(34.0299782133525,-106.85,30.5));
#5923=CARTESIAN_POINT('Origin',(35.5599564267049,-109.5,30.5));
#5924=CARTESIAN_POINT('',(35.5599564267049,-109.5,30.5));
#5925=CARTESIAN_POINT('',(34.0299782133525,-106.85,30.5));
#5926=CARTESIAN_POINT('',(35.5599564267049,-109.5,30.5));
#5927=CARTESIAN_POINT('Origin',(34.0299782133524,-112.15,30.5));
#5928=CARTESIAN_POINT('',(35.5599564267049,-109.5,30.5));
#5929=CARTESIAN_POINT('',(34.0299782133524,-112.15,30.5));
#5930=CARTESIAN_POINT('Origin',(30.9700217866474,-112.15,30.5));
#5931=CARTESIAN_POINT('',(34.0299782133524,-112.15,30.5));
#5932=CARTESIAN_POINT('Origin',(33.8222512869605,-110.490206409389,30.5));
#5933=CARTESIAN_POINT('',(38.1523783058827,-107.990206409389,30.5));
#5934=CARTESIAN_POINT('',(38.1523783058827,-107.990206409389,30.5));
#5935=CARTESIAN_POINT('Origin',(33.8222512869605,-110.490206409389,30.5));
#5936=CARTESIAN_POINT('Origin',(37.2054046938957,-106.35,30.5));
#5937=CARTESIAN_POINT('',(37.2054046938957,-106.35,30.5));
#5938=CARTESIAN_POINT('',(38.1523783058827,-107.990206409389,30.5));
#5939=CARTESIAN_POINT('',(37.2054046938957,-106.35,30.5));
#5940=CARTESIAN_POINT('Origin',(32.8752776749735,-108.85,30.5));
#5941=CARTESIAN_POINT('',(32.8752776749735,-103.85,30.5));
#5942=CARTESIAN_POINT('Origin',(32.8752776749735,-108.85,30.5));
#5943=CARTESIAN_POINT('',(32.8752776749735,-103.85,30.5));
#5944=CARTESIAN_POINT('Origin',(32.1247223250283,-103.85,30.5));
#5945=CARTESIAN_POINT('',(32.1247223250283,-103.85,30.5));
#5946=CARTESIAN_POINT('',(32.8752776749735,-103.85,30.5));
#5947=CARTESIAN_POINT('',(32.1247223250283,-103.85,30.5));
#5948=CARTESIAN_POINT('Origin',(32.1247223250283,-108.85,30.5));
#5949=CARTESIAN_POINT('',(27.7945953061061,-106.350000000001,30.5));
#5950=CARTESIAN_POINT('Origin',(32.1247223250283,-108.85,30.5));
#5951=CARTESIAN_POINT('',(27.7945953061061,-106.350000000001,30.5));
#5952=CARTESIAN_POINT('Origin',(26.2261786027683,-109.066577417621,30.5));
#5953=CARTESIAN_POINT('',(26.2261786027683,-109.066577417621,30.5));
#5954=CARTESIAN_POINT('',(27.7945953061061,-106.350000000001,30.5));
#5955=CARTESIAN_POINT('',(26.2261786027683,-109.066577417621,30.5));
#5956=CARTESIAN_POINT('Origin',(30.5563056216903,-111.566577417621,30.5));
#5957=CARTESIAN_POINT('Origin',(30.5563056216903,-111.566577417621,30.5));
#5958=CARTESIAN_POINT('Origin',(1.09690034832965E-12,-101.027133670728,
30.5));
#5959=CARTESIAN_POINT('',(-25.8295735753382,-109.936238752801,30.5));
#5960=CARTESIAN_POINT('Origin',(-30.5563056216879,-111.566577417623,30.5));
#5961=CARTESIAN_POINT('',(-26.2261786027655,-109.066577417622,30.5));
#5962=CARTESIAN_POINT('Origin',(-27.7945953061046,-106.349999999999,30.5));
#5963=CARTESIAN_POINT('',(-27.7945953061046,-106.349999999999,30.5));
#5964=CARTESIAN_POINT('Origin',(-32.1247223250268,-108.85,30.5));
#5965=CARTESIAN_POINT('',(-32.1247223250267,-103.849999999999,30.5));
#5966=CARTESIAN_POINT('Origin',(-32.8752776749696,-103.849999999999,30.5));
#5967=CARTESIAN_POINT('',(-32.8752776749696,-103.849999999999,30.5));
#5968=CARTESIAN_POINT('Origin',(-32.8752776749697,-108.849999999999,30.5));
#5969=CARTESIAN_POINT('',(-37.2054046938919,-106.349999999999,30.5));
#5970=CARTESIAN_POINT('Origin',(-38.1523783058807,-107.990206409391,30.5));
#5971=CARTESIAN_POINT('',(-38.1523783058807,-107.990206409391,30.5));
#5972=CARTESIAN_POINT('Origin',(-33.8222512869585,-110.490206409391,30.5));
#5973=CARTESIAN_POINT('Origin',(1.86517468137026E-13,-119.175,30.5));
#5974=UNCERTAINTY_MEASURE_WITH_UNIT(LENGTH_MEASURE(0.01),#5978,
'DISTANCE_ACCURACY_VALUE',
'Maximum model space distance between geometric entities at asserted c
onnectivities');
#5975=UNCERTAINTY_MEASURE_WITH_UNIT(LENGTH_MEASURE(0.01),#5978,
'DISTANCE_ACCURACY_VALUE',
'Maximum model space distance between geometric entities at asserted c
onnectivities');
#5976=(
GEOMETRIC_REPRESENTATION_CONTEXT(3)
GLOBAL_UNCERTAINTY_ASSIGNED_CONTEXT((#5974))
GLOBAL_UNIT_ASSIGNED_CONTEXT((#5978,#5979,#5980))
REPRESENTATION_CONTEXT('','3D')
);
#5977=(
GEOMETRIC_REPRESENTATION_CONTEXT(3)
GLOBAL_UNCERTAINTY_ASSIGNED_CONTEXT((#5975))
GLOBAL_UNIT_ASSIGNED_CONTEXT((#5978,#5979,#5980))
REPRESENTATION_CONTEXT('','3D')
);
#5978=(
LENGTH_UNIT()
NAMED_UNIT(*)
SI_UNIT(.MILLI.,.METRE.)
);
#5979=(
NAMED_UNIT(*)
PLANE_ANGLE_UNIT()
SI_UNIT($,.RADIAN.)
);
#5980=(
NAMED_UNIT(*)
SI_UNIT($,.STERADIAN.)
SOLID_ANGLE_UNIT()
);
#5981=SHAPE_DEFINITION_REPRESENTATION(#5982,#5983);
#5982=PRODUCT_DEFINITION_SHAPE('',$,#5985);
#5983=SHAPE_REPRESENTATION('',(#3127),#5976);
#5984=PRODUCT_DEFINITION_CONTEXT('part definition',#5989,'design');
#5985=PRODUCT_DEFINITION('Camera Mount','Camera Mount w/ Lights',#5986,
#5984);
#5986=PRODUCT_DEFINITION_FORMATION('',$,#5991);
#5987=PRODUCT_RELATED_PRODUCT_CATEGORY('Camera Mount w/ Lights',
'Camera Mount w/ Lights',(#5991));
#5988=APPLICATION_PROTOCOL_DEFINITION('international standard',
'automotive_design',2009,#5989);
#5989=APPLICATION_CONTEXT(
'Core Data for Automotive Mechanical Design Process');
#5990=PRODUCT_CONTEXT('part definition',#5989,'mechanical');
#5991=PRODUCT('Camera Mount','Camera Mount w/ Lights',$,(#5990));
#5992=PRESENTATION_STYLE_ASSIGNMENT((#5996));
#5993=PRESENTATION_STYLE_ASSIGNMENT((#5997));
#5994=PRESENTATION_STYLE_ASSIGNMENT((#5998));
#5995=PRESENTATION_STYLE_ASSIGNMENT((#5999));
#5996=SURFACE_STYLE_USAGE(.BOTH.,#6000);
#5997=SURFACE_STYLE_USAGE(.BOTH.,#6001);
#5998=SURFACE_STYLE_USAGE(.BOTH.,#6002);
#5999=SURFACE_STYLE_USAGE(.BOTH.,#6003);
#6000=SURFACE_SIDE_STYLE('',(#6004));
#6001=SURFACE_SIDE_STYLE('',(#6005));
#6002=SURFACE_SIDE_STYLE('',(#6006));
#6003=SURFACE_SIDE_STYLE('',(#6007));
#6004=SURFACE_STYLE_FILL_AREA(#6008);
#6005=SURFACE_STYLE_FILL_AREA(#6009);
#6006=SURFACE_STYLE_FILL_AREA(#6010);
#6007=SURFACE_STYLE_FILL_AREA(#6011);
#6008=FILL_AREA_STYLE('Steel - Satin',(#6012));
#6009=FILL_AREA_STYLE('Nylon 6-6 (White)',(#6013));
#6010=FILL_AREA_STYLE('Opaque(165,132,0)',(#6014));
#6011=FILL_AREA_STYLE('Opaque(157,207,237)',(#6015));
#6012=FILL_AREA_STYLE_COLOUR('Steel - Satin',#6016);
#6013=FILL_AREA_STYLE_COLOUR('Nylon 6-6 (White)',#6017);
#6014=FILL_AREA_STYLE_COLOUR('Opaque(165,132,0)',#6018);
#6015=FILL_AREA_STYLE_COLOUR('Opaque(157,207,237)',#6019);
#6016=COLOUR_RGB('Steel - Satin',0.627450980392157,0.627450980392157,0.627450980392157);
#6017=COLOUR_RGB('Nylon 6-6 (White)',0.972549019607843,0.968627450980392,
0.929411764705882);
#6018=COLOUR_RGB('Opaque(165,132,0)',0.647058823529412,0.517647058823529,
0.);
#6019=COLOUR_RGB('Opaque(157,207,237)',0.615686274509804,0.811764705882353,
0.929411764705882);
ENDSEC;
END-ISO-10303-21;
